Chunk_ID,PageRank,PageRank_Norm
CASE0001_CHUNK_0001,6.699561202170115e-05,0.35360786325948895
CASE0001_CHUNK_0002,6.699561202170115e-05,0.35360786325948895
CASE0001_CHUNK_0003,6.699561202170115e-05,0.35360786325948895
CASE0001_CHUNK_0004,6.699561202170115e-05,0.35360786325948895
CASE0001_CHUNK_0005,6.699561202170115e-05,0.35360786325948895
CASE0001_CHUNK_0006,6.699561202170115e-05,0.35360786325948895
CASE0001_CHUNK_0007,6.699561202170115e-05,0.35360786325948895
CASE0001_CHUNK_0008,6.699561202170115e-05,0.35360786325948895
CASE0001_CHUNK_0009,6.699561202170115e-05,0.35360786325948895
CASE0001_CHUNK_0010,6.699561202170115e-05,0.35360786325948895
CASE0001_CHUNK_0011,6.699561202170115e-05,0.35360786325948895
CASE0001_CHUNK_0012,6.699561202170115e-05,0.35360786325948895
CASE0001_CHUNK_0013,6.699561202170115e-05,0.35360786325948895
CASE0001_CHUNK_0014,6.699561202170115e-05,0.35360786325948895
CASE0001_CHUNK_0015,6.699561202170115e-05,0.35360786325948895
CASE0001_CHUNK_0016,6.699561202170115e-05,0.35360786325948895
CASE0001_CHUNK_0017,6.699561202170115e-05,0.35360786325948895
CASE0001_CHUNK_0018,6.699561202170115e-05,0.35360786325948895
CASE0001_CHUNK_0019,6.699561202170115e-05,0.35360786325948895
CASE0001_CHUNK_0020,6.699561202170115e-05,0.35360786325948895
CASE0001_CHUNK_0021,6.699561202170115e-05,0.35360786325948895
CASE0001_CHUNK_0022,6.699561202170115e-05,0.35360786325948895
CASE0001_CHUNK_0023,6.699561202170115e-05,0.35360786325948895
CASE0001_CHUNK_0024,6.699561202170115e-05,0.35360786325948895
CASE0001_CHUNK_0025,6.699561202170115e-05,0.35360786325948895
CASE0001_CHUNK_0026,6.699561202170115e-05,0.35360786325948895
CASE0002_CHUNK_0001,6.699561202170115e-05,0.35360786325948895
CASE0002_CHUNK_0002,6.699561202170115e-05,0.35360786325948895
CASE0002_CHUNK_0003,6.699561202170115e-05,0.35360786325948895
CASE0002_CHUNK_0004,6.699561202170115e-05,0.35360786325948895
CASE0002_CHUNK_0005,6.699561202170115e-05,0.35360786325948895
CASE0002_CHUNK_0006,6.699561202170115e-05,0.35360786325948895
CASE0002_CHUNK_0007,6.699561202170115e-05,0.35360786325948895
CASE0002_CHUNK_0008,6.699561202170115e-05,0.35360786325948895
CASE0002_CHUNK_0009,6.699561202170115e-05,0.35360786325948895
CASE0002_CHUNK_0010,6.699561202170115e-05,0.35360786325948895
CASE0002_CHUNK_0011,6.699561202170115e-05,0.35360786325948895
CASE0002_CHUNK_0012,6.699561202170115e-05,0.35360786325948895
CASE0002_CHUNK_0013,6.699561202170115e-05,0.35360786325948895
CASE0002_CHUNK_0014,6.699561202170115e-05,0.35360786325948895
CASE0002_CHUNK_0015,6.699561202170115e-05,0.35360786325948895
CASE0002_CHUNK_0016,6.699561202170115e-05,0.35360786325948895
CASE0002_CHUNK_0017,6.699561202170115e-05,0.35360786325948895
CASE0002_CHUNK_0018,6.699561202170115e-05,0.35360786325948895
CASE0002_CHUNK_0019,6.699561202170115e-05,0.35360786325948895
CASE0002_CHUNK_0020,6.699561202170115e-05,0.35360786325948895
CASE0002_CHUNK_0021,6.699561202170115e-05,0.35360786325948895
CASE0002_CHUNK_0022,6.699561202170115e-05,0.35360786325948895
CASE0002_CHUNK_0023,6.699561202170115e-05,0.35360786325948895
CASE0002_CHUNK_0024,6.699561202170115e-05,0.35360786325948895
CASE0002_CHUNK_0025,6.699561202170115e-05,0.35360786325948895
CASE0002_CHUNK_0026,6.699561202170115e-05,0.35360786325948895
CASE0003_CHUNK_0001,3.58856252072085e-05,0.12795580103950005
CASE0003_CHUNK_0002,3.58856252072085e-05,0.12795580103950005
CASE0003_CHUNK_0003,3.58856252072085e-05,0.12795580103950005
CASE0003_CHUNK_0004,3.58856252072085e-05,0.12795580103950005
CASE0003_CHUNK_0005,3.58856252072085e-05,0.12795580103950005
CASE0003_CHUNK_0006,3.58856252072085e-05,0.12795580103950005
CASE0003_CHUNK_0007,3.58856252072085e-05,0.12795580103950005
CASE0003_CHUNK_0008,3.58856252072085e-05,0.12795580103950005
CASE0003_CHUNK_0009,3.58856252072085e-05,0.12795580103950005
CASE0003_CHUNK_0010,3.58856252072085e-05,0.12795580103950005
CASE0003_CHUNK_0011,3.58856252072085e-05,0.12795580103950005
CASE0003_CHUNK_0012,3.58856252072085e-05,0.12795580103950005
CASE0004_CHUNK_0001,8.848616898291586e-05,0.5094866981002398
CASE0004_CHUNK_0002,8.848616898291586e-05,0.5094866981002398
CASE0004_CHUNK_0003,8.848616898291586e-05,0.5094866981002398
CASE0004_CHUNK_0004,8.848616898291586e-05,0.5094866981002398
CASE0004_CHUNK_0005,8.848616898291586e-05,0.5094866981002398
CASE0004_CHUNK_0006,8.848616898291586e-05,0.5094866981002398
CASE0004_CHUNK_0007,8.848616898291586e-05,0.5094866981002398
CASE0004_CHUNK_0008,8.848616898291586e-05,0.5094866981002398
CASE0004_CHUNK_0009,8.848616898291586e-05,0.5094866981002398
CASE0004_CHUNK_0010,8.848616898291586e-05,0.5094866981002398
CASE0004_CHUNK_0011,8.848616898291586e-05,0.5094866981002398
CASE0004_CHUNK_0012,8.848616898291586e-05,0.5094866981002398
CASE0004_CHUNK_0013,8.848616898291586e-05,0.5094866981002398
CASE0004_CHUNK_0014,8.848616898291586e-05,0.5094866981002398
CASE0004_CHUNK_0015,8.848616898291586e-05,0.5094866981002398
CASE0004_CHUNK_0016,8.848616898291586e-05,0.5094866981002398
CASE0004_CHUNK_0017,8.848616898291586e-05,0.5094866981002398
CASE0004_CHUNK_0018,8.848616898291586e-05,0.5094866981002398
CASE0004_CHUNK_0019,8.848616898291586e-05,0.5094866981002398
CASE0005_CHUNK_0001,6.34316660687691e-05,0.3277572655490118
CASE0005_CHUNK_0002,6.34316660687691e-05,0.3277572655490118
CASE0005_CHUNK_0003,6.34316660687691e-05,0.3277572655490118
CASE0005_CHUNK_0004,6.34316660687691e-05,0.3277572655490118
CASE0005_CHUNK_0005,6.34316660687691e-05,0.3277572655490118
CASE0005_CHUNK_0006,6.34316660687691e-05,0.3277572655490118
CASE0005_CHUNK_0007,6.34316660687691e-05,0.3277572655490118
CASE0005_CHUNK_0008,6.34316660687691e-05,0.3277572655490118
CASE0005_CHUNK_0009,6.34316660687691e-05,0.3277572655490118
CASE0005_CHUNK_0010,6.34316660687691e-05,0.3277572655490118
CASE0005_CHUNK_0011,6.34316660687691e-05,0.3277572655490118
CASE0005_CHUNK_0012,6.34316660687691e-05,0.3277572655490118
CASE0005_CHUNK_0013,6.34316660687691e-05,0.3277572655490118
CASE0005_CHUNK_0014,6.34316660687691e-05,0.3277572655490118
CASE0005_CHUNK_0015,6.34316660687691e-05,0.3277572655490118
CASE0005_CHUNK_0016,6.34316660687691e-05,0.3277572655490118
CASE0005_CHUNK_0017,6.34316660687691e-05,0.3277572655490118
CASE0005_CHUNK_0018,6.34316660687691e-05,0.3277572655490118
CASE0005_CHUNK_0019,6.34316660687691e-05,0.3277572655490118
CASE0005_CHUNK_0020,6.34316660687691e-05,0.3277572655490118
CASE0005_CHUNK_0021,6.34316660687691e-05,0.3277572655490118
CASE0005_CHUNK_0022,6.34316660687691e-05,0.3277572655490118
CASE0005_CHUNK_0023,6.34316660687691e-05,0.3277572655490118
CASE0005_CHUNK_0024,6.34316660687691e-05,0.3277572655490118
CASE0005_CHUNK_0025,6.34316660687691e-05,0.3277572655490118
CASE0005_CHUNK_0026,6.34316660687691e-05,0.3277572655490118
CASE0005_CHUNK_0027,6.34316660687691e-05,0.3277572655490118
CASE0005_CHUNK_0028,6.34316660687691e-05,0.3277572655490118
CASE0005_CHUNK_0029,6.34316660687691e-05,0.3277572655490118
CASE0005_CHUNK_0030,6.34316660687691e-05,0.3277572655490118
CASE0005_CHUNK_0031,6.34316660687691e-05,0.3277572655490118
CASE0005_CHUNK_0032,6.34316660687691e-05,0.3277572655490118
CASE0005_CHUNK_0033,6.34316660687691e-05,0.3277572655490118
CASE0005_CHUNK_0034,6.34316660687691e-05,0.3277572655490118
CASE0005_CHUNK_0035,6.34316660687691e-05,0.3277572655490118
CASE0005_CHUNK_0036,6.34316660687691e-05,0.3277572655490118
CASE0005_CHUNK_0037,6.34316660687691e-05,0.3277572655490118
CASE0005_CHUNK_0038,6.34316660687691e-05,0.3277572655490118
CASE0005_CHUNK_0039,6.34316660687691e-05,0.3277572655490118
CASE0005_CHUNK_0040,6.34316660687691e-05,0.3277572655490118
CASE0005_CHUNK_0041,6.34316660687691e-05,0.3277572655490118
CASE0005_CHUNK_0042,6.34316660687691e-05,0.3277572655490118
CASE0005_CHUNK_0043,6.34316660687691e-05,0.3277572655490118
CASE0005_CHUNK_0044,6.34316660687691e-05,0.3277572655490118
CASE0005_CHUNK_0045,6.34316660687691e-05,0.3277572655490118
CASE0005_CHUNK_0046,6.34316660687691e-05,0.3277572655490118
CASE0005_CHUNK_0047,6.34316660687691e-05,0.3277572655490118
CASE0005_CHUNK_0048,6.34316660687691e-05,0.3277572655490118
CASE0005_CHUNK_0049,6.34316660687691e-05,0.3277572655490118
CASE0005_CHUNK_0050,6.34316660687691e-05,0.3277572655490118
CASE0005_CHUNK_0051,6.34316660687691e-05,0.3277572655490118
CASE0005_CHUNK_0052,6.34316660687691e-05,0.3277572655490118
CASE0006_CHUNK_0001,5.9905479558812416e-05,0.3021805508275077
CASE0006_CHUNK_0002,5.9905479558812416e-05,0.3021805508275077
CASE0006_CHUNK_0003,5.9905479558812416e-05,0.3021805508275077
CASE0006_CHUNK_0004,5.9905479558812416e-05,0.3021805508275077
CASE0006_CHUNK_0005,5.9905479558812416e-05,0.3021805508275077
CASE0006_CHUNK_0006,5.9905479558812416e-05,0.3021805508275077
CASE0006_CHUNK_0007,5.9905479558812416e-05,0.3021805508275077
CASE0006_CHUNK_0008,5.9905479558812416e-05,0.3021805508275077
CASE0006_CHUNK_0009,5.9905479558812416e-05,0.3021805508275077
CASE0006_CHUNK_0010,5.9905479558812416e-05,0.3021805508275077
CASE0006_CHUNK_0011,5.9905479558812416e-05,0.3021805508275077
CASE0006_CHUNK_0012,5.9905479558812416e-05,0.3021805508275077
CASE0006_CHUNK_0013,5.9905479558812416e-05,0.3021805508275077
CASE0006_CHUNK_0014,5.9905479558812416e-05,0.3021805508275077
CASE0006_CHUNK_0015,5.9905479558812416e-05,0.3021805508275077
CASE0006_CHUNK_0016,5.9905479558812416e-05,0.3021805508275077
CASE0006_CHUNK_0017,5.9905479558812416e-05,0.3021805508275077
CASE0006_CHUNK_0018,5.9905479558812416e-05,0.3021805508275077
CASE0006_CHUNK_0019,5.9905479558812416e-05,0.3021805508275077
CASE0006_CHUNK_0020,5.9905479558812416e-05,0.3021805508275077
CASE0006_CHUNK_0021,5.9905479558812416e-05,0.3021805508275077
CASE0006_CHUNK_0022,5.9905479558812416e-05,0.3021805508275077
CASE0006_CHUNK_0023,5.9905479558812416e-05,0.3021805508275077
CASE0006_CHUNK_0024,5.9905479558812416e-05,0.3021805508275077
CASE0006_CHUNK_0025,5.9905479558812416e-05,0.3021805508275077
CASE0006_CHUNK_0026,5.9905479558812416e-05,0.3021805508275077
CASE0006_CHUNK_0027,5.9905479558812416e-05,0.3021805508275077
CASE0006_CHUNK_0028,5.9905479558812416e-05,0.3021805508275077
CASE0006_CHUNK_0029,5.9905479558812416e-05,0.3021805508275077
CASE0006_CHUNK_0030,5.9905479558812416e-05,0.3021805508275077
CASE0006_CHUNK_0031,5.9905479558812416e-05,0.3021805508275077
CASE0007_CHUNK_0001,4.237471057727517e-05,0.17502350005231254
CASE0007_CHUNK_0002,4.237471057727517e-05,0.17502350005231254
CASE0007_CHUNK_0003,4.237471057727517e-05,0.17502350005231254
CASE0007_CHUNK_0004,4.237471057727517e-05,0.17502350005231254
CASE0007_CHUNK_0005,4.237471057727517e-05,0.17502350005231254
CASE0007_CHUNK_0006,4.237471057727517e-05,0.17502350005231254
CASE0007_CHUNK_0007,4.237471057727517e-05,0.17502350005231254
CASE0007_CHUNK_0008,4.237471057727517e-05,0.17502350005231254
CASE0007_CHUNK_0009,4.237471057727517e-05,0.17502350005231254
CASE0007_CHUNK_0010,4.237471057727517e-05,0.17502350005231254
CASE0007_CHUNK_0011,4.237471057727517e-05,0.17502350005231254
CASE0007_CHUNK_0012,4.237471057727517e-05,0.17502350005231254
CASE0007_CHUNK_0013,4.237471057727517e-05,0.17502350005231254
CASE0007_CHUNK_0014,4.237471057727517e-05,0.17502350005231254
CASE0007_CHUNK_0015,4.237471057727517e-05,0.17502350005231254
CASE0007_CHUNK_0016,4.237471057727517e-05,0.17502350005231254
CASE0007_CHUNK_0017,4.237471057727517e-05,0.17502350005231254
CASE0007_CHUNK_0018,4.237471057727517e-05,0.17502350005231254
CASE0007_CHUNK_0019,4.237471057727517e-05,0.17502350005231254
CASE0007_CHUNK_0020,4.237471057727517e-05,0.17502350005231254
CASE0008_CHUNK_0001,3.260771637406814e-05,0.1041799347114994
CASE0008_CHUNK_0002,3.260771637406814e-05,0.1041799347114994
CASE0008_CHUNK_0003,3.260771637406814e-05,0.1041799347114994
CASE0008_CHUNK_0004,3.260771637406814e-05,0.1041799347114994
CASE0008_CHUNK_0005,3.260771637406814e-05,0.1041799347114994
CASE0008_CHUNK_0006,3.260771637406814e-05,0.1041799347114994
CASE0008_CHUNK_0007,3.260771637406814e-05,0.1041799347114994
CASE0008_CHUNK_0008,3.260771637406814e-05,0.1041799347114994
CASE0008_CHUNK_0009,3.260771637406814e-05,0.1041799347114994
CASE0008_CHUNK_0010,3.260771637406814e-05,0.1041799347114994
CASE0008_CHUNK_0011,3.260771637406814e-05,0.1041799347114994
CASE0008_CHUNK_0012,3.260771637406814e-05,0.1041799347114994
CASE0008_CHUNK_0013,3.260771637406814e-05,0.1041799347114994
CASE0008_CHUNK_0014,3.260771637406814e-05,0.1041799347114994
CASE0008_CHUNK_0015,3.260771637406814e-05,0.1041799347114994
CASE0008_CHUNK_0016,3.260771637406814e-05,0.1041799347114994
CASE0008_CHUNK_0017,3.260771637406814e-05,0.1041799347114994
CASE0008_CHUNK_0018,3.260771637406814e-05,0.1041799347114994
CASE0008_CHUNK_0019,3.260771637406814e-05,0.1041799347114994
CASE0008_CHUNK_0020,3.260771637406814e-05,0.1041799347114994
CASE0008_CHUNK_0021,3.260771637406814e-05,0.1041799347114994
CASE0008_CHUNK_0022,3.260771637406814e-05,0.1041799347114994
CASE0008_CHUNK_0023,3.260771637406814e-05,0.1041799347114994
CASE0008_CHUNK_0024,3.260771637406814e-05,0.1041799347114994
CASE0008_CHUNK_0025,3.260771637406814e-05,0.1041799347114994
CASE0008_CHUNK_0026,3.260771637406814e-05,0.1041799347114994
CASE0008_CHUNK_0027,3.260771637406814e-05,0.1041799347114994
CASE0008_CHUNK_0028,3.260771637406814e-05,0.1041799347114994
CASE0008_CHUNK_0029,3.260771637406814e-05,0.1041799347114994
CASE0008_CHUNK_0030,3.260771637406814e-05,0.1041799347114994
CASE0008_CHUNK_0031,3.260771637406814e-05,0.1041799347114994
CASE0008_CHUNK_0032,3.260771637406814e-05,0.1041799347114994
CASE0008_CHUNK_0033,3.260771637406814e-05,0.1041799347114994
CASE0008_CHUNK_0034,3.260771637406814e-05,0.1041799347114994
CASE0008_CHUNK_0035,3.260771637406814e-05,0.1041799347114994
CASE0008_CHUNK_0036,3.260771637406814e-05,0.1041799347114994
CASE0008_CHUNK_0037,3.260771637406814e-05,0.1041799347114994
CASE0008_CHUNK_0038,3.260771637406814e-05,0.1041799347114994
CASE0008_CHUNK_0039,3.260771637406814e-05,0.1041799347114994
CASE0008_CHUNK_0040,3.260771637406814e-05,0.1041799347114994
CASE0008_CHUNK_0041,3.260771637406814e-05,0.1041799347114994
CASE0008_CHUNK_0042,3.260771637406814e-05,0.1041799347114994
CASE0008_CHUNK_0043,3.260771637406814e-05,0.1041799347114994
CASE0008_CHUNK_0044,3.260771637406814e-05,0.1041799347114994
CASE0008_CHUNK_0045,3.260771637406814e-05,0.1041799347114994
CASE0008_CHUNK_0046,3.260771637406814e-05,0.1041799347114994
CASE0008_CHUNK_0047,3.260771637406814e-05,0.1041799347114994
CASE0008_CHUNK_0048,3.260771637406814e-05,0.1041799347114994
CASE0008_CHUNK_0049,3.260771637406814e-05,0.1041799347114994
CASE0008_CHUNK_0050,3.260771637406814e-05,0.1041799347114994
CASE0008_CHUNK_0051,3.260771637406814e-05,0.1041799347114994
CASE0008_CHUNK_0052,3.260771637406814e-05,0.1041799347114994
CASE0008_CHUNK_0053,3.260771637406814e-05,0.1041799347114994
CASE0008_CHUNK_0054,3.260771637406814e-05,0.1041799347114994
CASE0008_CHUNK_0055,3.260771637406814e-05,0.1041799347114994
CASE0008_CHUNK_0056,3.260771637406814e-05,0.1041799347114994
CASE0008_CHUNK_0057,3.260771637406814e-05,0.1041799347114994
CASE0008_CHUNK_0058,3.260771637406814e-05,0.1041799347114994
CASE0008_CHUNK_0059,3.260771637406814e-05,0.1041799347114994
CASE0008_CHUNK_0060,3.260771637406814e-05,0.1041799347114994
CASE0008_CHUNK_0061,3.260771637406814e-05,0.1041799347114994
CASE0008_CHUNK_0062,3.260771637406814e-05,0.1041799347114994
CASE0008_CHUNK_0063,3.260771637406814e-05,0.1041799347114994
CASE0008_CHUNK_0064,3.260771637406814e-05,0.1041799347114994
CASE0008_CHUNK_0065,3.260771637406814e-05,0.1041799347114994
CASE0008_CHUNK_0066,3.260771637406814e-05,0.1041799347114994
CASE0008_CHUNK_0067,3.260771637406814e-05,0.1041799347114994
CASE0008_CHUNK_0068,3.260771637406814e-05,0.1041799347114994
CASE0008_CHUNK_0069,3.260771637406814e-05,0.1041799347114994
CASE0008_CHUNK_0070,3.260771637406814e-05,0.1041799347114994
CASE0008_CHUNK_0071,3.260771637406814e-05,0.1041799347114994
CASE0008_CHUNK_0072,3.260771637406814e-05,0.1041799347114994
CASE0008_CHUNK_0073,3.260771637406814e-05,0.1041799347114994
CASE0008_CHUNK_0074,3.260771637406814e-05,0.1041799347114994
CASE0008_CHUNK_0075,3.260771637406814e-05,0.1041799347114994
CASE0008_CHUNK_0076,3.260771637406814e-05,0.1041799347114994
CASE0008_CHUNK_0077,3.260771637406814e-05,0.1041799347114994
CASE0008_CHUNK_0078,3.260771637406814e-05,0.1041799347114994
CASE0008_CHUNK_0079,3.260771637406814e-05,0.1041799347114994
CASE0008_CHUNK_0080,3.260771637406814e-05,0.1041799347114994
CASE0008_CHUNK_0081,3.260771637406814e-05,0.1041799347114994
CASE0008_CHUNK_0082,3.260771637406814e-05,0.1041799347114994
CASE0008_CHUNK_0083,3.260771637406814e-05,0.1041799347114994
CASE0008_CHUNK_0084,3.260771637406814e-05,0.1041799347114994
CASE0008_CHUNK_0085,3.260771637406814e-05,0.1041799347114994
CASE0008_CHUNK_0086,3.260771637406814e-05,0.1041799347114994
CASE0008_CHUNK_0087,3.260771637406814e-05,0.1041799347114994
CASE0008_CHUNK_0088,3.260771637406814e-05,0.1041799347114994
CASE0008_CHUNK_0089,3.260771637406814e-05,0.1041799347114994
CASE0008_CHUNK_0090,3.260771637406814e-05,0.1041799347114994
CASE0008_CHUNK_0091,3.260771637406814e-05,0.1041799347114994
CASE0008_CHUNK_0092,3.260771637406814e-05,0.1041799347114994
CASE0008_CHUNK_0093,3.260771637406814e-05,0.1041799347114994
CASE0008_CHUNK_0094,3.260771637406814e-05,0.1041799347114994
CASE0008_CHUNK_0095,3.260771637406814e-05,0.1041799347114994
CASE0008_CHUNK_0096,3.260771637406814e-05,0.1041799347114994
CASE0008_CHUNK_0097,3.260771637406814e-05,0.1041799347114994
CASE0008_CHUNK_0098,3.260771637406814e-05,0.1041799347114994
CASE0008_CHUNK_0099,3.260771637406814e-05,0.1041799347114994
CASE0008_CHUNK_0100,3.260771637406814e-05,0.1041799347114994
CASE0008_CHUNK_0101,3.260771637406814e-05,0.1041799347114994
CASE0008_CHUNK_0102,3.260771637406814e-05,0.1041799347114994
CASE0008_CHUNK_0103,3.260771637406814e-05,0.1041799347114994
CASE0008_CHUNK_0104,3.260771637406814e-05,0.1041799347114994
CASE0008_CHUNK_0105,3.260771637406814e-05,0.1041799347114994
CASE0008_CHUNK_0106,3.260771637406814e-05,0.1041799347114994
CASE0008_CHUNK_0107,3.260771637406814e-05,0.1041799347114994
CASE0008_CHUNK_0108,3.260771637406814e-05,0.1041799347114994
CASE0008_CHUNK_0109,3.260771637406814e-05,0.1041799347114994
CASE0008_CHUNK_0110,3.260771637406814e-05,0.1041799347114994
CASE0009_CHUNK_0001,5.133420711992862e-05,0.24000999083284816
CASE0009_CHUNK_0002,5.133420711992862e-05,0.24000999083284816
CASE0009_CHUNK_0003,5.133420711992862e-05,0.24000999083284816
CASE0009_CHUNK_0004,5.133420711992862e-05,0.24000999083284816
CASE0009_CHUNK_0005,5.133420711992862e-05,0.24000999083284816
CASE0009_CHUNK_0006,5.133420711992862e-05,0.24000999083284816
CASE0009_CHUNK_0007,5.133420711992862e-05,0.24000999083284816
CASE0009_CHUNK_0008,5.133420711992862e-05,0.24000999083284816
CASE0009_CHUNK_0009,5.133420711992862e-05,0.24000999083284816
CASE0009_CHUNK_0010,5.133420711992862e-05,0.24000999083284816
CASE0009_CHUNK_0011,5.133420711992862e-05,0.24000999083284816
CASE0009_CHUNK_0012,5.133420711992862e-05,0.24000999083284816
CASE0009_CHUNK_0013,5.133420711992862e-05,0.24000999083284816
CASE0009_CHUNK_0014,5.133420711992862e-05,0.24000999083284816
CASE0009_CHUNK_0015,5.133420711992862e-05,0.24000999083284816
CASE0009_CHUNK_0016,5.133420711992862e-05,0.24000999083284816
CASE0009_CHUNK_0017,5.133420711992862e-05,0.24000999083284816
CASE0009_CHUNK_0018,5.133420711992862e-05,0.24000999083284816
CASE0009_CHUNK_0019,5.133420711992862e-05,0.24000999083284816
CASE0009_CHUNK_0020,5.133420711992862e-05,0.24000999083284816
CASE0009_CHUNK_0021,5.133420711992862e-05,0.24000999083284816
CASE0009_CHUNK_0022,5.133420711992862e-05,0.24000999083284816
CASE0009_CHUNK_0023,5.133420711992862e-05,0.24000999083284816
CASE0009_CHUNK_0024,5.133420711992862e-05,0.24000999083284816
CASE0009_CHUNK_0025,5.133420711992862e-05,0.24000999083284816
CASE0009_CHUNK_0026,5.133420711992862e-05,0.24000999083284816
CASE0009_CHUNK_0027,5.133420711992862e-05,0.24000999083284816
CASE0009_CHUNK_0028,5.133420711992862e-05,0.24000999083284816
CASE0009_CHUNK_0029,5.133420711992862e-05,0.24000999083284816
CASE0009_CHUNK_0030,5.133420711992862e-05,0.24000999083284816
CASE0009_CHUNK_0031,5.133420711992862e-05,0.24000999083284816
CASE0009_CHUNK_0032,5.133420711992862e-05,0.24000999083284816
CASE0009_CHUNK_0033,5.133420711992862e-05,0.24000999083284816
CASE0009_CHUNK_0034,5.133420711992862e-05,0.24000999083284816
CASE0009_CHUNK_0035,5.133420711992862e-05,0.24000999083284816
CASE0009_CHUNK_0036,5.133420711992862e-05,0.24000999083284816
CASE0009_CHUNK_0037,5.133420711992862e-05,0.24000999083284816
CASE0009_CHUNK_0038,5.133420711992862e-05,0.24000999083284816
CASE0009_CHUNK_0039,5.133420711992862e-05,0.24000999083284816
CASE0009_CHUNK_0040,5.133420711992862e-05,0.24000999083284816
CASE0009_CHUNK_0041,5.133420711992862e-05,0.24000999083284816
CASE0009_CHUNK_0042,5.133420711992862e-05,0.24000999083284816
CASE0009_CHUNK_0043,5.133420711992862e-05,0.24000999083284816
CASE0009_CHUNK_0044,5.133420711992862e-05,0.24000999083284816
CASE0009_CHUNK_0045,5.133420711992862e-05,0.24000999083284816
CASE0009_CHUNK_0046,5.133420711992862e-05,0.24000999083284816
CASE0010_CHUNK_0001,0.00011460689120533657,0.6989498075291036
CASE0010_CHUNK_0002,0.00011460689120533657,0.6989498075291036
CASE0010_CHUNK_0003,0.00011460689120533657,0.6989498075291036
CASE0010_CHUNK_0004,0.00011460689120533657,0.6989498075291036
CASE0010_CHUNK_0005,0.00011460689120533657,0.6989498075291036
CASE0010_CHUNK_0006,0.00011460689120533657,0.6989498075291036
CASE0010_CHUNK_0007,0.00011460689120533657,0.6989498075291036
CASE0010_CHUNK_0008,0.00011460689120533657,0.6989498075291036
CASE0010_CHUNK_0009,0.00011460689120533657,0.6989498075291036
CASE0010_CHUNK_0010,0.00011460689120533657,0.6989498075291036
CASE0010_CHUNK_0011,0.00011460689120533657,0.6989498075291036
CASE0010_CHUNK_0012,0.00011460689120533657,0.6989498075291036
CASE0010_CHUNK_0013,0.00011460689120533657,0.6989498075291036
CASE0010_CHUNK_0014,0.00011460689120533657,0.6989498075291036
CASE0010_CHUNK_0015,0.00011460689120533657,0.6989498075291036
CASE0010_CHUNK_0016,0.00011460689120533657,0.6989498075291036
CASE0010_CHUNK_0017,0.00011460689120533657,0.6989498075291036
CASE0010_CHUNK_0018,0.00011460689120533657,0.6989498075291036
CASE0010_CHUNK_0019,0.00011460689120533657,0.6989498075291036
CASE0010_CHUNK_0020,0.00011460689120533657,0.6989498075291036
CASE0010_CHUNK_0021,0.00011460689120533657,0.6989498075291036
CASE0010_CHUNK_0022,0.00011460689120533657,0.6989498075291036
CASE0010_CHUNK_0023,0.00011460689120533657,0.6989498075291036
CASE0010_CHUNK_0024,0.00011460689120533657,0.6989498075291036
CASE0010_CHUNK_0025,0.00011460689120533657,0.6989498075291036
CASE0010_CHUNK_0026,0.00011460689120533657,0.6989498075291036
CASE0010_CHUNK_0027,0.00011460689120533657,0.6989498075291036
CASE0010_CHUNK_0028,0.00011460689120533657,0.6989498075291036
CASE0010_CHUNK_0029,0.00011460689120533657,0.6989498075291036
CASE0010_CHUNK_0030,0.00011460689120533657,0.6989498075291036
CASE0010_CHUNK_0031,0.00011460689120533657,0.6989498075291036
CASE0010_CHUNK_0032,0.00011460689120533657,0.6989498075291036
CASE0010_CHUNK_0033,0.00011460689120533657,0.6989498075291036
CASE0010_CHUNK_0034,0.00011460689120533657,0.6989498075291036
CASE0010_CHUNK_0035,0.00011460689120533657,0.6989498075291036
CASE0010_CHUNK_0036,0.00011460689120533657,0.6989498075291036
CASE0010_CHUNK_0037,0.00011460689120533657,0.6989498075291036
CASE0010_CHUNK_0038,0.00011460689120533657,0.6989498075291036
CASE0010_CHUNK_0039,0.00011460689120533657,0.6989498075291036
CASE0010_CHUNK_0040,0.00011460689120533657,0.6989498075291036
CASE0010_CHUNK_0041,0.00011460689120533657,0.6989498075291036
CASE0010_CHUNK_0042,0.00011460689120533657,0.6989498075291036
CASE0010_CHUNK_0043,0.00011460689120533657,0.6989498075291036
CASE0010_CHUNK_0044,0.00011460689120533657,0.6989498075291036
CASE0010_CHUNK_0045,0.00011460689120533657,0.6989498075291036
CASE0010_CHUNK_0046,0.00011460689120533657,0.6989498075291036
CASE0010_CHUNK_0047,0.00011460689120533657,0.6989498075291036
CASE0010_CHUNK_0048,0.00011460689120533657,0.6989498075291036
CASE0010_CHUNK_0049,0.00011460689120533657,0.6989498075291036
CASE0010_CHUNK_0050,0.00011460689120533657,0.6989498075291036
CASE0010_CHUNK_0051,0.00011460689120533657,0.6989498075291036
CASE0010_CHUNK_0052,0.00011460689120533657,0.6989498075291036
CASE0010_CHUNK_0053,0.00011460689120533657,0.6989498075291036
CASE0010_CHUNK_0054,0.00011460689120533657,0.6989498075291036
CASE0010_CHUNK_0055,0.00011460689120533657,0.6989498075291036
CASE0010_CHUNK_0056,0.00011460689120533657,0.6989498075291036
CASE0010_CHUNK_0057,0.00011460689120533657,0.6989498075291036
CASE0010_CHUNK_0058,0.00011460689120533657,0.6989498075291036
CASE0010_CHUNK_0059,0.00011460689120533657,0.6989498075291036
CASE0010_CHUNK_0060,0.00011460689120533657,0.6989498075291036
CASE0010_CHUNK_0061,0.00011460689120533657,0.6989498075291036
CASE0010_CHUNK_0062,0.00011460689120533657,0.6989498075291036
CASE0010_CHUNK_0063,0.00011460689120533657,0.6989498075291036
CASE0010_CHUNK_0064,0.00011460689120533657,0.6989498075291036
CASE0010_CHUNK_0065,0.00011460689120533657,0.6989498075291036
CASE0010_CHUNK_0066,0.00011460689120533657,0.6989498075291036
CASE0010_CHUNK_0067,0.00011460689120533657,0.6989498075291036
CASE0010_CHUNK_0068,0.00011460689120533657,0.6989498075291036
CASE0010_CHUNK_0069,0.00011460689120533657,0.6989498075291036
CASE0010_CHUNK_0070,0.00011460689120533657,0.6989498075291036
CASE0010_CHUNK_0071,0.00011460689120533657,0.6989498075291036
CASE0010_CHUNK_0072,0.00011460689120533657,0.6989498075291036
CASE0010_CHUNK_0073,0.00011460689120533657,0.6989498075291036
CASE0010_CHUNK_0074,0.00011460689120533657,0.6989498075291036
CASE0010_CHUNK_0075,0.00011460689120533657,0.6989498075291036
CASE0010_CHUNK_0076,0.00011460689120533657,0.6989498075291036
CASE0010_CHUNK_0077,0.00011460689120533657,0.6989498075291036
CASE0010_CHUNK_0078,0.00011460689120533657,0.6989498075291036
CASE0010_CHUNK_0079,0.00011460689120533657,0.6989498075291036
CASE0010_CHUNK_0080,0.00011460689120533657,0.6989498075291036
CASE0010_CHUNK_0081,0.00011460689120533657,0.6989498075291036
CASE0010_CHUNK_0082,0.00011460689120533657,0.6989498075291036
CASE0010_CHUNK_0083,0.00011460689120533657,0.6989498075291036
CASE0010_CHUNK_0084,0.00011460689120533657,0.6989498075291036
CASE0010_CHUNK_0085,0.00011460689120533657,0.6989498075291036
CASE0010_CHUNK_0086,0.00011460689120533657,0.6989498075291036
CASE0010_CHUNK_0087,0.00011460689120533657,0.6989498075291036
CASE0010_CHUNK_0088,0.00011460689120533657,0.6989498075291036
CASE0010_CHUNK_0089,0.00011460689120533657,0.6989498075291036
CASE0010_CHUNK_0090,0.00011460689120533657,0.6989498075291036
CASE0010_CHUNK_0091,0.00011460689120533657,0.6989498075291036
CASE0010_CHUNK_0092,0.00011460689120533657,0.6989498075291036
CASE0010_CHUNK_0093,0.00011460689120533657,0.6989498075291036
CASE0010_CHUNK_0094,0.00011460689120533657,0.6989498075291036
CASE0010_CHUNK_0095,0.00011460689120533657,0.6989498075291036
CASE0010_CHUNK_0096,0.00011460689120533657,0.6989498075291036
CASE0010_CHUNK_0097,0.00011460689120533657,0.6989498075291036
CASE0010_CHUNK_0098,0.00011460689120533657,0.6989498075291036
CASE0010_CHUNK_0099,0.00011460689120533657,0.6989498075291036
CASE0010_CHUNK_0100,0.00011460689120533657,0.6989498075291036
CASE0010_CHUNK_0101,0.00011460689120533657,0.6989498075291036
CASE0010_CHUNK_0102,0.00011460689120533657,0.6989498075291036
CASE0010_CHUNK_0103,0.00011460689120533657,0.6989498075291036
CASE0010_CHUNK_0104,0.00011460689120533657,0.6989498075291036
CASE0010_CHUNK_0105,0.00011460689120533657,0.6989498075291036
CASE0010_CHUNK_0106,0.00011460689120533657,0.6989498075291036
CASE0010_CHUNK_0107,0.00011460689120533657,0.6989498075291036
CASE0010_CHUNK_0108,0.00011460689120533657,0.6989498075291036
CASE0010_CHUNK_0109,0.00011460689120533657,0.6989498075291036
CASE0010_CHUNK_0110,0.00011460689120533657,0.6989498075291036
CASE0010_CHUNK_0111,0.00011460689120533657,0.6989498075291036
CASE0010_CHUNK_0112,0.00011460689120533657,0.6989498075291036
CASE0010_CHUNK_0113,0.00011460689120533657,0.6989498075291036
CASE0010_CHUNK_0114,0.00011460689120533657,0.6989498075291036
CASE0010_CHUNK_0115,0.00011460689120533657,0.6989498075291036
CASE0010_CHUNK_0116,0.00011460689120533657,0.6989498075291036
CASE0010_CHUNK_0117,0.00011460689120533657,0.6989498075291036
CASE0010_CHUNK_0118,0.00011460689120533657,0.6989498075291036
CASE0010_CHUNK_0119,0.00011460689120533657,0.6989498075291036
CASE0010_CHUNK_0120,0.00011460689120533657,0.6989498075291036
CASE0010_CHUNK_0121,0.00011460689120533657,0.6989498075291036
CASE0010_CHUNK_0122,0.00011460689120533657,0.6989498075291036
CASE0010_CHUNK_0123,0.00011460689120533657,0.6989498075291036
CASE0010_CHUNK_0124,0.00011460689120533657,0.6989498075291036
CASE0010_CHUNK_0125,0.00011460689120533657,0.6989498075291036
CASE0010_CHUNK_0126,0.00011460689120533657,0.6989498075291036
CASE0010_CHUNK_0127,0.00011460689120533657,0.6989498075291036
CASE0010_CHUNK_0128,0.00011460689120533657,0.6989498075291036
CASE0010_CHUNK_0129,0.00011460689120533657,0.6989498075291036
CASE0010_CHUNK_0130,0.00011460689120533657,0.6989498075291036
CASE0010_CHUNK_0131,0.00011460689120533657,0.6989498075291036
CASE0010_CHUNK_0132,0.00011460689120533657,0.6989498075291036
CASE0010_CHUNK_0133,0.00011460689120533657,0.6989498075291036
CASE0010_CHUNK_0134,0.00011460689120533657,0.6989498075291036
CASE0010_CHUNK_0135,0.00011460689120533657,0.6989498075291036
CASE0010_CHUNK_0136,0.00011460689120533657,0.6989498075291036
CASE0010_CHUNK_0137,0.00011460689120533657,0.6989498075291036
CASE0010_CHUNK_0138,0.00011460689120533657,0.6989498075291036
CASE0010_CHUNK_0139,0.00011460689120533657,0.6989498075291036
CASE0010_CHUNK_0140,0.00011460689120533657,0.6989498075291036
CASE0010_CHUNK_0141,0.00011460689120533657,0.6989498075291036
CASE0010_CHUNK_0142,0.00011460689120533657,0.6989498075291036
CASE0010_CHUNK_0143,0.00011460689120533657,0.6989498075291036
CASE0010_CHUNK_0144,0.00011460689120533657,0.6989498075291036
CASE0010_CHUNK_0145,0.00011460689120533657,0.6989498075291036
CASE0010_CHUNK_0146,0.00011460689120533657,0.6989498075291036
CASE0010_CHUNK_0147,0.00011460689120533657,0.6989498075291036
CASE0010_CHUNK_0148,0.00011460689120533657,0.6989498075291036
CASE0010_CHUNK_0149,0.00011460689120533657,0.6989498075291036
CASE0010_CHUNK_0150,0.00011460689120533657,0.6989498075291036
CASE0010_CHUNK_0151,0.00011460689120533657,0.6989498075291036
CASE0010_CHUNK_0152,0.00011460689120533657,0.6989498075291036
CASE0010_CHUNK_0153,0.00011460689120533657,0.6989498075291036
CASE0010_CHUNK_0154,0.00011460689120533657,0.6989498075291036
CASE0010_CHUNK_0155,0.00011460689120533657,0.6989498075291036
CASE0010_CHUNK_0156,0.00011460689120533657,0.6989498075291036
CASE0010_CHUNK_0157,0.00011460689120533657,0.6989498075291036
CASE0010_CHUNK_0158,0.00011460689120533657,0.6989498075291036
CASE0010_CHUNK_0159,0.00011460689120533657,0.6989498075291036
CASE0010_CHUNK_0160,0.00011460689120533657,0.6989498075291036
CASE0010_CHUNK_0161,0.00011460689120533657,0.6989498075291036
CASE0010_CHUNK_0162,0.00011460689120533657,0.6989498075291036
CASE0010_CHUNK_0163,0.00011460689120533657,0.6989498075291036
CASE0010_CHUNK_0164,0.00011460689120533657,0.6989498075291036
CASE0010_CHUNK_0165,0.00011460689120533657,0.6989498075291036
CASE0010_CHUNK_0166,0.00011460689120533657,0.6989498075291036
CASE0010_CHUNK_0167,0.00011460689120533657,0.6989498075291036
CASE0010_CHUNK_0168,0.00011460689120533657,0.6989498075291036
CASE0010_CHUNK_0169,0.00011460689120533657,0.6989498075291036
CASE0010_CHUNK_0170,0.00011460689120533657,0.6989498075291036
CASE0010_CHUNK_0171,0.00011460689120533657,0.6989498075291036
CASE0010_CHUNK_0172,0.00011460689120533657,0.6989498075291036
CASE0010_CHUNK_0173,0.00011460689120533657,0.6989498075291036
CASE0010_CHUNK_0174,0.00011460689120533657,0.6989498075291036
CASE0010_CHUNK_0175,0.00011460689120533657,0.6989498075291036
CASE0010_CHUNK_0176,0.00011460689120533657,0.6989498075291036
CASE0010_CHUNK_0177,0.00011460689120533657,0.6989498075291036
CASE0010_CHUNK_0178,0.00011460689120533657,0.6989498075291036
CASE0010_CHUNK_0179,0.00011460689120533657,0.6989498075291036
CASE0010_CHUNK_0180,0.00011460689120533657,0.6989498075291036
CASE0010_CHUNK_0181,0.00011460689120533657,0.6989498075291036
CASE0010_CHUNK_0182,0.00011460689120533657,0.6989498075291036
CASE0010_CHUNK_0183,0.00011460689120533657,0.6989498075291036
CASE0010_CHUNK_0184,0.00011460689120533657,0.6989498075291036
CASE0010_CHUNK_0185,0.00011460689120533657,0.6989498075291036
CASE0010_CHUNK_0186,0.00011460689120533657,0.6989498075291036
CASE0010_CHUNK_0187,0.00011460689120533657,0.6989498075291036
CASE0010_CHUNK_0188,0.00011460689120533657,0.6989498075291036
CASE0010_CHUNK_0189,0.00011460689120533657,0.6989498075291036
CASE0010_CHUNK_0190,0.00011460689120533657,0.6989498075291036
CASE0010_CHUNK_0191,0.00011460689120533657,0.6989498075291036
CASE0010_CHUNK_0192,0.00011460689120533657,0.6989498075291036
CASE0011_CHUNK_0001,7.03280220171558e-05,0.37777904636286913
CASE0011_CHUNK_0002,7.03280220171558e-05,0.37777904636286913
CASE0011_CHUNK_0003,7.03280220171558e-05,0.37777904636286913
CASE0011_CHUNK_0004,7.03280220171558e-05,0.37777904636286913
CASE0011_CHUNK_0005,7.03280220171558e-05,0.37777904636286913
CASE0011_CHUNK_0006,7.03280220171558e-05,0.37777904636286913
CASE0011_CHUNK_0007,7.03280220171558e-05,0.37777904636286913
CASE0011_CHUNK_0008,7.03280220171558e-05,0.37777904636286913
CASE0011_CHUNK_0009,7.03280220171558e-05,0.37777904636286913
CASE0011_CHUNK_0010,7.03280220171558e-05,0.37777904636286913
CASE0011_CHUNK_0011,7.03280220171558e-05,0.37777904636286913
CASE0011_CHUNK_0012,7.03280220171558e-05,0.37777904636286913
CASE0011_CHUNK_0013,7.03280220171558e-05,0.37777904636286913
CASE0011_CHUNK_0014,7.03280220171558e-05,0.37777904636286913
CASE0011_CHUNK_0015,7.03280220171558e-05,0.37777904636286913
CASE0011_CHUNK_0016,7.03280220171558e-05,0.37777904636286913
CASE0011_CHUNK_0017,7.03280220171558e-05,0.37777904636286913
CASE0011_CHUNK_0018,7.03280220171558e-05,0.37777904636286913
CASE0011_CHUNK_0019,7.03280220171558e-05,0.37777904636286913
CASE0011_CHUNK_0020,7.03280220171558e-05,0.37777904636286913
CASE0011_CHUNK_0021,7.03280220171558e-05,0.37777904636286913
CASE0011_CHUNK_0022,7.03280220171558e-05,0.37777904636286913
CASE0011_CHUNK_0023,7.03280220171558e-05,0.37777904636286913
CASE0011_CHUNK_0024,7.03280220171558e-05,0.37777904636286913
CASE0011_CHUNK_0025,7.03280220171558e-05,0.37777904636286913
CASE0011_CHUNK_0026,7.03280220171558e-05,0.37777904636286913
CASE0011_CHUNK_0027,7.03280220171558e-05,0.37777904636286913
CASE0011_CHUNK_0028,7.03280220171558e-05,0.37777904636286913
CASE0011_CHUNK_0029,7.03280220171558e-05,0.37777904636286913
CASE0011_CHUNK_0030,7.03280220171558e-05,0.37777904636286913
CASE0011_CHUNK_0031,7.03280220171558e-05,0.37777904636286913
CASE0011_CHUNK_0032,7.03280220171558e-05,0.37777904636286913
CASE0011_CHUNK_0033,7.03280220171558e-05,0.37777904636286913
CASE0011_CHUNK_0034,7.03280220171558e-05,0.37777904636286913
CASE0011_CHUNK_0035,7.03280220171558e-05,0.37777904636286913
CASE0011_CHUNK_0036,7.03280220171558e-05,0.37777904636286913
CASE0011_CHUNK_0037,7.03280220171558e-05,0.37777904636286913
CASE0011_CHUNK_0038,7.03280220171558e-05,0.37777904636286913
CASE0011_CHUNK_0039,7.03280220171558e-05,0.37777904636286913
CASE0011_CHUNK_0040,7.03280220171558e-05,0.37777904636286913
CASE0011_CHUNK_0041,7.03280220171558e-05,0.37777904636286913
CASE0011_CHUNK_0042,7.03280220171558e-05,0.37777904636286913
CASE0011_CHUNK_0043,7.03280220171558e-05,0.37777904636286913
CASE0011_CHUNK_0044,7.03280220171558e-05,0.37777904636286913
CASE0011_CHUNK_0045,7.03280220171558e-05,0.37777904636286913
CASE0011_CHUNK_0046,7.03280220171558e-05,0.37777904636286913
CASE0011_CHUNK_0047,7.03280220171558e-05,0.37777904636286913
CASE0011_CHUNK_0048,7.03280220171558e-05,0.37777904636286913
CASE0011_CHUNK_0049,7.03280220171558e-05,0.37777904636286913
CASE0011_CHUNK_0050,7.03280220171558e-05,0.37777904636286913
CASE0011_CHUNK_0051,7.03280220171558e-05,0.37777904636286913
CASE0011_CHUNK_0052,7.03280220171558e-05,0.37777904636286913
CASE0011_CHUNK_0053,7.03280220171558e-05,0.37777904636286913
CASE0011_CHUNK_0054,7.03280220171558e-05,0.37777904636286913
CASE0011_CHUNK_0055,7.03280220171558e-05,0.37777904636286913
CASE0011_CHUNK_0056,7.03280220171558e-05,0.37777904636286913
CASE0011_CHUNK_0057,7.03280220171558e-05,0.37777904636286913
CASE0011_CHUNK_0058,7.03280220171558e-05,0.37777904636286913
CASE0011_CHUNK_0059,7.03280220171558e-05,0.37777904636286913
CASE0011_CHUNK_0060,7.03280220171558e-05,0.37777904636286913
CASE0011_CHUNK_0061,7.03280220171558e-05,0.37777904636286913
CASE0011_CHUNK_0062,7.03280220171558e-05,0.37777904636286913
CASE0011_CHUNK_0063,7.03280220171558e-05,0.37777904636286913
CASE0011_CHUNK_0064,7.03280220171558e-05,0.37777904636286913
CASE0011_CHUNK_0065,7.03280220171558e-05,0.37777904636286913
CASE0011_CHUNK_0066,7.03280220171558e-05,0.37777904636286913
CASE0011_CHUNK_0067,7.03280220171558e-05,0.37777904636286913
CASE0011_CHUNK_0068,7.03280220171558e-05,0.37777904636286913
CASE0011_CHUNK_0069,7.03280220171558e-05,0.37777904636286913
CASE0011_CHUNK_0070,7.03280220171558e-05,0.37777904636286913
CASE0011_CHUNK_0071,7.03280220171558e-05,0.37777904636286913
CASE0011_CHUNK_0072,7.03280220171558e-05,0.37777904636286913
CASE0011_CHUNK_0073,7.03280220171558e-05,0.37777904636286913
CASE0011_CHUNK_0074,7.03280220171558e-05,0.37777904636286913
CASE0011_CHUNK_0075,7.03280220171558e-05,0.37777904636286913
CASE0011_CHUNK_0076,7.03280220171558e-05,0.37777904636286913
CASE0011_CHUNK_0077,7.03280220171558e-05,0.37777904636286913
CASE0011_CHUNK_0078,7.03280220171558e-05,0.37777904636286913
CASE0011_CHUNK_0079,7.03280220171558e-05,0.37777904636286913
CASE0011_CHUNK_0080,7.03280220171558e-05,0.37777904636286913
CASE0011_CHUNK_0081,7.03280220171558e-05,0.37777904636286913
CASE0011_CHUNK_0082,7.03280220171558e-05,0.37777904636286913
CASE0011_CHUNK_0083,7.03280220171558e-05,0.37777904636286913
CASE0011_CHUNK_0084,7.03280220171558e-05,0.37777904636286913
CASE0011_CHUNK_0085,7.03280220171558e-05,0.37777904636286913
CASE0011_CHUNK_0086,7.03280220171558e-05,0.37777904636286913
CASE0011_CHUNK_0087,7.03280220171558e-05,0.37777904636286913
CASE0011_CHUNK_0088,7.03280220171558e-05,0.37777904636286913
CASE0011_CHUNK_0089,7.03280220171558e-05,0.37777904636286913
CASE0011_CHUNK_0090,7.03280220171558e-05,0.37777904636286913
CASE0011_CHUNK_0091,7.03280220171558e-05,0.37777904636286913
CASE0011_CHUNK_0092,7.03280220171558e-05,0.37777904636286913
CASE0011_CHUNK_0093,7.03280220171558e-05,0.37777904636286913
CASE0011_CHUNK_0094,7.03280220171558e-05,0.37777904636286913
CASE0011_CHUNK_0095,7.03280220171558e-05,0.37777904636286913
CASE0011_CHUNK_0096,7.03280220171558e-05,0.37777904636286913
CASE0011_CHUNK_0097,7.03280220171558e-05,0.37777904636286913
CASE0011_CHUNK_0098,7.03280220171558e-05,0.37777904636286913
CASE0011_CHUNK_0099,7.03280220171558e-05,0.37777904636286913
CASE0011_CHUNK_0100,7.03280220171558e-05,0.37777904636286913
CASE0011_CHUNK_0101,7.03280220171558e-05,0.37777904636286913
CASE0011_CHUNK_0102,7.03280220171558e-05,0.37777904636286913
CASE0011_CHUNK_0103,7.03280220171558e-05,0.37777904636286913
CASE0012_CHUNK_0001,7.03280220171558e-05,0.37777904636286913
CASE0012_CHUNK_0002,7.03280220171558e-05,0.37777904636286913
CASE0012_CHUNK_0003,7.03280220171558e-05,0.37777904636286913
CASE0012_CHUNK_0004,7.03280220171558e-05,0.37777904636286913
CASE0012_CHUNK_0005,7.03280220171558e-05,0.37777904636286913
CASE0012_CHUNK_0006,7.03280220171558e-05,0.37777904636286913
CASE0012_CHUNK_0007,7.03280220171558e-05,0.37777904636286913
CASE0012_CHUNK_0008,7.03280220171558e-05,0.37777904636286913
CASE0012_CHUNK_0009,7.03280220171558e-05,0.37777904636286913
CASE0012_CHUNK_0010,7.03280220171558e-05,0.37777904636286913
CASE0012_CHUNK_0011,7.03280220171558e-05,0.37777904636286913
CASE0012_CHUNK_0012,7.03280220171558e-05,0.37777904636286913
CASE0012_CHUNK_0013,7.03280220171558e-05,0.37777904636286913
CASE0012_CHUNK_0014,7.03280220171558e-05,0.37777904636286913
CASE0012_CHUNK_0015,7.03280220171558e-05,0.37777904636286913
CASE0012_CHUNK_0016,7.03280220171558e-05,0.37777904636286913
CASE0012_CHUNK_0017,7.03280220171558e-05,0.37777904636286913
CASE0012_CHUNK_0018,7.03280220171558e-05,0.37777904636286913
CASE0012_CHUNK_0019,7.03280220171558e-05,0.37777904636286913
CASE0012_CHUNK_0020,7.03280220171558e-05,0.37777904636286913
CASE0012_CHUNK_0021,7.03280220171558e-05,0.37777904636286913
CASE0012_CHUNK_0022,7.03280220171558e-05,0.37777904636286913
CASE0012_CHUNK_0023,7.03280220171558e-05,0.37777904636286913
CASE0012_CHUNK_0024,7.03280220171558e-05,0.37777904636286913
CASE0012_CHUNK_0025,7.03280220171558e-05,0.37777904636286913
CASE0012_CHUNK_0026,7.03280220171558e-05,0.37777904636286913
CASE0012_CHUNK_0027,7.03280220171558e-05,0.37777904636286913
CASE0012_CHUNK_0028,7.03280220171558e-05,0.37777904636286913
CASE0012_CHUNK_0029,7.03280220171558e-05,0.37777904636286913
CASE0012_CHUNK_0030,7.03280220171558e-05,0.37777904636286913
CASE0012_CHUNK_0031,7.03280220171558e-05,0.37777904636286913
CASE0012_CHUNK_0032,7.03280220171558e-05,0.37777904636286913
CASE0012_CHUNK_0033,7.03280220171558e-05,0.37777904636286913
CASE0012_CHUNK_0034,7.03280220171558e-05,0.37777904636286913
CASE0012_CHUNK_0035,7.03280220171558e-05,0.37777904636286913
CASE0012_CHUNK_0036,7.03280220171558e-05,0.37777904636286913
CASE0012_CHUNK_0037,7.03280220171558e-05,0.37777904636286913
CASE0012_CHUNK_0038,7.03280220171558e-05,0.37777904636286913
CASE0012_CHUNK_0039,7.03280220171558e-05,0.37777904636286913
CASE0012_CHUNK_0040,7.03280220171558e-05,0.37777904636286913
CASE0012_CHUNK_0041,7.03280220171558e-05,0.37777904636286913
CASE0012_CHUNK_0042,7.03280220171558e-05,0.37777904636286913
CASE0012_CHUNK_0043,7.03280220171558e-05,0.37777904636286913
CASE0012_CHUNK_0044,7.03280220171558e-05,0.37777904636286913
CASE0012_CHUNK_0045,7.03280220171558e-05,0.37777904636286913
CASE0012_CHUNK_0046,7.03280220171558e-05,0.37777904636286913
CASE0012_CHUNK_0047,7.03280220171558e-05,0.37777904636286913
CASE0012_CHUNK_0048,7.03280220171558e-05,0.37777904636286913
CASE0012_CHUNK_0049,7.03280220171558e-05,0.37777904636286913
CASE0012_CHUNK_0050,7.03280220171558e-05,0.37777904636286913
CASE0012_CHUNK_0051,7.03280220171558e-05,0.37777904636286913
CASE0012_CHUNK_0052,7.03280220171558e-05,0.37777904636286913
CASE0012_CHUNK_0053,7.03280220171558e-05,0.37777904636286913
CASE0012_CHUNK_0054,7.03280220171558e-05,0.37777904636286913
CASE0012_CHUNK_0055,7.03280220171558e-05,0.37777904636286913
CASE0012_CHUNK_0056,7.03280220171558e-05,0.37777904636286913
CASE0012_CHUNK_0057,7.03280220171558e-05,0.37777904636286913
CASE0012_CHUNK_0058,7.03280220171558e-05,0.37777904636286913
CASE0012_CHUNK_0059,7.03280220171558e-05,0.37777904636286913
CASE0012_CHUNK_0060,7.03280220171558e-05,0.37777904636286913
CASE0012_CHUNK_0061,7.03280220171558e-05,0.37777904636286913
CASE0012_CHUNK_0062,7.03280220171558e-05,0.37777904636286913
CASE0012_CHUNK_0063,7.03280220171558e-05,0.37777904636286913
CASE0012_CHUNK_0064,7.03280220171558e-05,0.37777904636286913
CASE0012_CHUNK_0065,7.03280220171558e-05,0.37777904636286913
CASE0012_CHUNK_0066,7.03280220171558e-05,0.37777904636286913
CASE0012_CHUNK_0067,7.03280220171558e-05,0.37777904636286913
CASE0012_CHUNK_0068,7.03280220171558e-05,0.37777904636286913
CASE0012_CHUNK_0069,7.03280220171558e-05,0.37777904636286913
CASE0012_CHUNK_0070,7.03280220171558e-05,0.37777904636286913
CASE0012_CHUNK_0071,7.03280220171558e-05,0.37777904636286913
CASE0012_CHUNK_0072,7.03280220171558e-05,0.37777904636286913
CASE0012_CHUNK_0073,7.03280220171558e-05,0.37777904636286913
CASE0012_CHUNK_0074,7.03280220171558e-05,0.37777904636286913
CASE0012_CHUNK_0075,7.03280220171558e-05,0.37777904636286913
CASE0012_CHUNK_0076,7.03280220171558e-05,0.37777904636286913
CASE0012_CHUNK_0077,7.03280220171558e-05,0.37777904636286913
CASE0012_CHUNK_0078,7.03280220171558e-05,0.37777904636286913
CASE0012_CHUNK_0079,7.03280220171558e-05,0.37777904636286913
CASE0012_CHUNK_0080,7.03280220171558e-05,0.37777904636286913
CASE0012_CHUNK_0081,7.03280220171558e-05,0.37777904636286913
CASE0012_CHUNK_0082,7.03280220171558e-05,0.37777904636286913
CASE0012_CHUNK_0083,7.03280220171558e-05,0.37777904636286913
CASE0012_CHUNK_0084,7.03280220171558e-05,0.37777904636286913
CASE0012_CHUNK_0085,7.03280220171558e-05,0.37777904636286913
CASE0012_CHUNK_0086,7.03280220171558e-05,0.37777904636286913
CASE0012_CHUNK_0087,7.03280220171558e-05,0.37777904636286913
CASE0012_CHUNK_0088,7.03280220171558e-05,0.37777904636286913
CASE0012_CHUNK_0089,7.03280220171558e-05,0.37777904636286913
CASE0012_CHUNK_0090,7.03280220171558e-05,0.37777904636286913
CASE0012_CHUNK_0091,7.03280220171558e-05,0.37777904636286913
CASE0012_CHUNK_0092,7.03280220171558e-05,0.37777904636286913
CASE0012_CHUNK_0093,7.03280220171558e-05,0.37777904636286913
CASE0012_CHUNK_0094,7.03280220171558e-05,0.37777904636286913
CASE0012_CHUNK_0095,7.03280220171558e-05,0.37777904636286913
CASE0012_CHUNK_0096,7.03280220171558e-05,0.37777904636286913
CASE0012_CHUNK_0097,7.03280220171558e-05,0.37777904636286913
CASE0012_CHUNK_0098,7.03280220171558e-05,0.37777904636286913
CASE0012_CHUNK_0099,7.03280220171558e-05,0.37777904636286913
CASE0012_CHUNK_0100,7.03280220171558e-05,0.37777904636286913
CASE0012_CHUNK_0101,7.03280220171558e-05,0.37777904636286913
CASE0012_CHUNK_0102,7.03280220171558e-05,0.37777904636286913
CASE0012_CHUNK_0103,7.03280220171558e-05,0.37777904636286913
CASE0013_CHUNK_0001,7.03280220171558e-05,0.37777904636286913
CASE0013_CHUNK_0002,7.03280220171558e-05,0.37777904636286913
CASE0013_CHUNK_0003,7.03280220171558e-05,0.37777904636286913
CASE0013_CHUNK_0004,7.03280220171558e-05,0.37777904636286913
CASE0013_CHUNK_0005,7.03280220171558e-05,0.37777904636286913
CASE0013_CHUNK_0006,7.03280220171558e-05,0.37777904636286913
CASE0013_CHUNK_0007,7.03280220171558e-05,0.37777904636286913
CASE0013_CHUNK_0008,7.03280220171558e-05,0.37777904636286913
CASE0013_CHUNK_0009,7.03280220171558e-05,0.37777904636286913
CASE0013_CHUNK_0010,7.03280220171558e-05,0.37777904636286913
CASE0013_CHUNK_0011,7.03280220171558e-05,0.37777904636286913
CASE0013_CHUNK_0012,7.03280220171558e-05,0.37777904636286913
CASE0013_CHUNK_0013,7.03280220171558e-05,0.37777904636286913
CASE0013_CHUNK_0014,7.03280220171558e-05,0.37777904636286913
CASE0013_CHUNK_0015,7.03280220171558e-05,0.37777904636286913
CASE0013_CHUNK_0016,7.03280220171558e-05,0.37777904636286913
CASE0013_CHUNK_0017,7.03280220171558e-05,0.37777904636286913
CASE0013_CHUNK_0018,7.03280220171558e-05,0.37777904636286913
CASE0013_CHUNK_0019,7.03280220171558e-05,0.37777904636286913
CASE0013_CHUNK_0020,7.03280220171558e-05,0.37777904636286913
CASE0013_CHUNK_0021,7.03280220171558e-05,0.37777904636286913
CASE0013_CHUNK_0022,7.03280220171558e-05,0.37777904636286913
CASE0013_CHUNK_0023,7.03280220171558e-05,0.37777904636286913
CASE0013_CHUNK_0024,7.03280220171558e-05,0.37777904636286913
CASE0013_CHUNK_0025,7.03280220171558e-05,0.37777904636286913
CASE0013_CHUNK_0026,7.03280220171558e-05,0.37777904636286913
CASE0013_CHUNK_0027,7.03280220171558e-05,0.37777904636286913
CASE0013_CHUNK_0028,7.03280220171558e-05,0.37777904636286913
CASE0013_CHUNK_0029,7.03280220171558e-05,0.37777904636286913
CASE0013_CHUNK_0030,7.03280220171558e-05,0.37777904636286913
CASE0013_CHUNK_0031,7.03280220171558e-05,0.37777904636286913
CASE0013_CHUNK_0032,7.03280220171558e-05,0.37777904636286913
CASE0013_CHUNK_0033,7.03280220171558e-05,0.37777904636286913
CASE0013_CHUNK_0034,7.03280220171558e-05,0.37777904636286913
CASE0013_CHUNK_0035,7.03280220171558e-05,0.37777904636286913
CASE0013_CHUNK_0036,7.03280220171558e-05,0.37777904636286913
CASE0013_CHUNK_0037,7.03280220171558e-05,0.37777904636286913
CASE0013_CHUNK_0038,7.03280220171558e-05,0.37777904636286913
CASE0013_CHUNK_0039,7.03280220171558e-05,0.37777904636286913
CASE0013_CHUNK_0040,7.03280220171558e-05,0.37777904636286913
CASE0013_CHUNK_0041,7.03280220171558e-05,0.37777904636286913
CASE0013_CHUNK_0042,7.03280220171558e-05,0.37777904636286913
CASE0013_CHUNK_0043,7.03280220171558e-05,0.37777904636286913
CASE0013_CHUNK_0044,7.03280220171558e-05,0.37777904636286913
CASE0013_CHUNK_0045,7.03280220171558e-05,0.37777904636286913
CASE0013_CHUNK_0046,7.03280220171558e-05,0.37777904636286913
CASE0013_CHUNK_0047,7.03280220171558e-05,0.37777904636286913
CASE0013_CHUNK_0048,7.03280220171558e-05,0.37777904636286913
CASE0013_CHUNK_0049,7.03280220171558e-05,0.37777904636286913
CASE0013_CHUNK_0050,7.03280220171558e-05,0.37777904636286913
CASE0013_CHUNK_0051,7.03280220171558e-05,0.37777904636286913
CASE0013_CHUNK_0052,7.03280220171558e-05,0.37777904636286913
CASE0013_CHUNK_0053,7.03280220171558e-05,0.37777904636286913
CASE0013_CHUNK_0054,7.03280220171558e-05,0.37777904636286913
CASE0013_CHUNK_0055,7.03280220171558e-05,0.37777904636286913
CASE0013_CHUNK_0056,7.03280220171558e-05,0.37777904636286913
CASE0013_CHUNK_0057,7.03280220171558e-05,0.37777904636286913
CASE0013_CHUNK_0058,7.03280220171558e-05,0.37777904636286913
CASE0013_CHUNK_0059,7.03280220171558e-05,0.37777904636286913
CASE0013_CHUNK_0060,7.03280220171558e-05,0.37777904636286913
CASE0013_CHUNK_0061,7.03280220171558e-05,0.37777904636286913
CASE0013_CHUNK_0062,7.03280220171558e-05,0.37777904636286913
CASE0013_CHUNK_0063,7.03280220171558e-05,0.37777904636286913
CASE0013_CHUNK_0064,7.03280220171558e-05,0.37777904636286913
CASE0013_CHUNK_0065,7.03280220171558e-05,0.37777904636286913
CASE0013_CHUNK_0066,7.03280220171558e-05,0.37777904636286913
CASE0013_CHUNK_0067,7.03280220171558e-05,0.37777904636286913
CASE0013_CHUNK_0068,7.03280220171558e-05,0.37777904636286913
CASE0013_CHUNK_0069,7.03280220171558e-05,0.37777904636286913
CASE0013_CHUNK_0070,7.03280220171558e-05,0.37777904636286913
CASE0013_CHUNK_0071,7.03280220171558e-05,0.37777904636286913
CASE0013_CHUNK_0072,7.03280220171558e-05,0.37777904636286913
CASE0013_CHUNK_0073,7.03280220171558e-05,0.37777904636286913
CASE0013_CHUNK_0074,7.03280220171558e-05,0.37777904636286913
CASE0013_CHUNK_0075,7.03280220171558e-05,0.37777904636286913
CASE0013_CHUNK_0076,7.03280220171558e-05,0.37777904636286913
CASE0013_CHUNK_0077,7.03280220171558e-05,0.37777904636286913
CASE0013_CHUNK_0078,7.03280220171558e-05,0.37777904636286913
CASE0013_CHUNK_0079,7.03280220171558e-05,0.37777904636286913
CASE0013_CHUNK_0080,7.03280220171558e-05,0.37777904636286913
CASE0013_CHUNK_0081,7.03280220171558e-05,0.37777904636286913
CASE0013_CHUNK_0082,7.03280220171558e-05,0.37777904636286913
CASE0013_CHUNK_0083,7.03280220171558e-05,0.37777904636286913
CASE0013_CHUNK_0084,7.03280220171558e-05,0.37777904636286913
CASE0013_CHUNK_0085,7.03280220171558e-05,0.37777904636286913
CASE0013_CHUNK_0086,7.03280220171558e-05,0.37777904636286913
CASE0013_CHUNK_0087,7.03280220171558e-05,0.37777904636286913
CASE0013_CHUNK_0088,7.03280220171558e-05,0.37777904636286913
CASE0013_CHUNK_0089,7.03280220171558e-05,0.37777904636286913
CASE0013_CHUNK_0090,7.03280220171558e-05,0.37777904636286913
CASE0013_CHUNK_0091,7.03280220171558e-05,0.37777904636286913
CASE0013_CHUNK_0092,7.03280220171558e-05,0.37777904636286913
CASE0013_CHUNK_0093,7.03280220171558e-05,0.37777904636286913
CASE0013_CHUNK_0094,7.03280220171558e-05,0.37777904636286913
CASE0013_CHUNK_0095,7.03280220171558e-05,0.37777904636286913
CASE0013_CHUNK_0096,7.03280220171558e-05,0.37777904636286913
CASE0013_CHUNK_0097,7.03280220171558e-05,0.37777904636286913
CASE0013_CHUNK_0098,7.03280220171558e-05,0.37777904636286913
CASE0013_CHUNK_0099,7.03280220171558e-05,0.37777904636286913
CASE0013_CHUNK_0100,7.03280220171558e-05,0.37777904636286913
CASE0013_CHUNK_0101,7.03280220171558e-05,0.37777904636286913
CASE0013_CHUNK_0102,7.03280220171558e-05,0.37777904636286913
CASE0013_CHUNK_0103,7.03280220171558e-05,0.37777904636286913
CASE0014_CHUNK_0001,7.03280220171558e-05,0.37777904636286913
CASE0014_CHUNK_0002,7.03280220171558e-05,0.37777904636286913
CASE0014_CHUNK_0003,7.03280220171558e-05,0.37777904636286913
CASE0014_CHUNK_0004,7.03280220171558e-05,0.37777904636286913
CASE0014_CHUNK_0005,7.03280220171558e-05,0.37777904636286913
CASE0014_CHUNK_0006,7.03280220171558e-05,0.37777904636286913
CASE0014_CHUNK_0007,7.03280220171558e-05,0.37777904636286913
CASE0014_CHUNK_0008,7.03280220171558e-05,0.37777904636286913
CASE0014_CHUNK_0009,7.03280220171558e-05,0.37777904636286913
CASE0014_CHUNK_0010,7.03280220171558e-05,0.37777904636286913
CASE0014_CHUNK_0011,7.03280220171558e-05,0.37777904636286913
CASE0014_CHUNK_0012,7.03280220171558e-05,0.37777904636286913
CASE0014_CHUNK_0013,7.03280220171558e-05,0.37777904636286913
CASE0014_CHUNK_0014,7.03280220171558e-05,0.37777904636286913
CASE0014_CHUNK_0015,7.03280220171558e-05,0.37777904636286913
CASE0014_CHUNK_0016,7.03280220171558e-05,0.37777904636286913
CASE0014_CHUNK_0017,7.03280220171558e-05,0.37777904636286913
CASE0014_CHUNK_0018,7.03280220171558e-05,0.37777904636286913
CASE0014_CHUNK_0019,7.03280220171558e-05,0.37777904636286913
CASE0014_CHUNK_0020,7.03280220171558e-05,0.37777904636286913
CASE0014_CHUNK_0021,7.03280220171558e-05,0.37777904636286913
CASE0014_CHUNK_0022,7.03280220171558e-05,0.37777904636286913
CASE0014_CHUNK_0023,7.03280220171558e-05,0.37777904636286913
CASE0014_CHUNK_0024,7.03280220171558e-05,0.37777904636286913
CASE0014_CHUNK_0025,7.03280220171558e-05,0.37777904636286913
CASE0014_CHUNK_0026,7.03280220171558e-05,0.37777904636286913
CASE0014_CHUNK_0027,7.03280220171558e-05,0.37777904636286913
CASE0014_CHUNK_0028,7.03280220171558e-05,0.37777904636286913
CASE0014_CHUNK_0029,7.03280220171558e-05,0.37777904636286913
CASE0014_CHUNK_0030,7.03280220171558e-05,0.37777904636286913
CASE0014_CHUNK_0031,7.03280220171558e-05,0.37777904636286913
CASE0014_CHUNK_0032,7.03280220171558e-05,0.37777904636286913
CASE0014_CHUNK_0033,7.03280220171558e-05,0.37777904636286913
CASE0014_CHUNK_0034,7.03280220171558e-05,0.37777904636286913
CASE0014_CHUNK_0035,7.03280220171558e-05,0.37777904636286913
CASE0014_CHUNK_0036,7.03280220171558e-05,0.37777904636286913
CASE0014_CHUNK_0037,7.03280220171558e-05,0.37777904636286913
CASE0014_CHUNK_0038,7.03280220171558e-05,0.37777904636286913
CASE0014_CHUNK_0039,7.03280220171558e-05,0.37777904636286913
CASE0014_CHUNK_0040,7.03280220171558e-05,0.37777904636286913
CASE0014_CHUNK_0041,7.03280220171558e-05,0.37777904636286913
CASE0014_CHUNK_0042,7.03280220171558e-05,0.37777904636286913
CASE0014_CHUNK_0043,7.03280220171558e-05,0.37777904636286913
CASE0014_CHUNK_0044,7.03280220171558e-05,0.37777904636286913
CASE0014_CHUNK_0045,7.03280220171558e-05,0.37777904636286913
CASE0014_CHUNK_0046,7.03280220171558e-05,0.37777904636286913
CASE0014_CHUNK_0047,7.03280220171558e-05,0.37777904636286913
CASE0014_CHUNK_0048,7.03280220171558e-05,0.37777904636286913
CASE0014_CHUNK_0049,7.03280220171558e-05,0.37777904636286913
CASE0014_CHUNK_0050,7.03280220171558e-05,0.37777904636286913
CASE0014_CHUNK_0051,7.03280220171558e-05,0.37777904636286913
CASE0014_CHUNK_0052,7.03280220171558e-05,0.37777904636286913
CASE0014_CHUNK_0053,7.03280220171558e-05,0.37777904636286913
CASE0014_CHUNK_0054,7.03280220171558e-05,0.37777904636286913
CASE0014_CHUNK_0055,7.03280220171558e-05,0.37777904636286913
CASE0014_CHUNK_0056,7.03280220171558e-05,0.37777904636286913
CASE0014_CHUNK_0057,7.03280220171558e-05,0.37777904636286913
CASE0014_CHUNK_0058,7.03280220171558e-05,0.37777904636286913
CASE0014_CHUNK_0059,7.03280220171558e-05,0.37777904636286913
CASE0014_CHUNK_0060,7.03280220171558e-05,0.37777904636286913
CASE0014_CHUNK_0061,7.03280220171558e-05,0.37777904636286913
CASE0014_CHUNK_0062,7.03280220171558e-05,0.37777904636286913
CASE0014_CHUNK_0063,7.03280220171558e-05,0.37777904636286913
CASE0014_CHUNK_0064,7.03280220171558e-05,0.37777904636286913
CASE0014_CHUNK_0065,7.03280220171558e-05,0.37777904636286913
CASE0014_CHUNK_0066,7.03280220171558e-05,0.37777904636286913
CASE0014_CHUNK_0067,7.03280220171558e-05,0.37777904636286913
CASE0014_CHUNK_0068,7.03280220171558e-05,0.37777904636286913
CASE0014_CHUNK_0069,7.03280220171558e-05,0.37777904636286913
CASE0014_CHUNK_0070,7.03280220171558e-05,0.37777904636286913
CASE0014_CHUNK_0071,7.03280220171558e-05,0.37777904636286913
CASE0014_CHUNK_0072,7.03280220171558e-05,0.37777904636286913
CASE0014_CHUNK_0073,7.03280220171558e-05,0.37777904636286913
CASE0014_CHUNK_0074,7.03280220171558e-05,0.37777904636286913
CASE0014_CHUNK_0075,7.03280220171558e-05,0.37777904636286913
CASE0014_CHUNK_0076,7.03280220171558e-05,0.37777904636286913
CASE0014_CHUNK_0077,7.03280220171558e-05,0.37777904636286913
CASE0014_CHUNK_0078,7.03280220171558e-05,0.37777904636286913
CASE0014_CHUNK_0079,7.03280220171558e-05,0.37777904636286913
CASE0014_CHUNK_0080,7.03280220171558e-05,0.37777904636286913
CASE0014_CHUNK_0081,7.03280220171558e-05,0.37777904636286913
CASE0014_CHUNK_0082,7.03280220171558e-05,0.37777904636286913
CASE0014_CHUNK_0083,7.03280220171558e-05,0.37777904636286913
CASE0014_CHUNK_0084,7.03280220171558e-05,0.37777904636286913
CASE0014_CHUNK_0085,7.03280220171558e-05,0.37777904636286913
CASE0014_CHUNK_0086,7.03280220171558e-05,0.37777904636286913
CASE0014_CHUNK_0087,7.03280220171558e-05,0.37777904636286913
CASE0014_CHUNK_0088,7.03280220171558e-05,0.37777904636286913
CASE0014_CHUNK_0089,7.03280220171558e-05,0.37777904636286913
CASE0014_CHUNK_0090,7.03280220171558e-05,0.37777904636286913
CASE0014_CHUNK_0091,7.03280220171558e-05,0.37777904636286913
CASE0014_CHUNK_0092,7.03280220171558e-05,0.37777904636286913
CASE0014_CHUNK_0093,7.03280220171558e-05,0.37777904636286913
CASE0014_CHUNK_0094,7.03280220171558e-05,0.37777904636286913
CASE0014_CHUNK_0095,7.03280220171558e-05,0.37777904636286913
CASE0014_CHUNK_0096,7.03280220171558e-05,0.37777904636286913
CASE0014_CHUNK_0097,7.03280220171558e-05,0.37777904636286913
CASE0014_CHUNK_0098,7.03280220171558e-05,0.37777904636286913
CASE0014_CHUNK_0099,7.03280220171558e-05,0.37777904636286913
CASE0014_CHUNK_0100,7.03280220171558e-05,0.37777904636286913
CASE0014_CHUNK_0101,7.03280220171558e-05,0.37777904636286913
CASE0014_CHUNK_0102,7.03280220171558e-05,0.37777904636286913
CASE0014_CHUNK_0103,7.03280220171558e-05,0.37777904636286913
CASE0015_CHUNK_0001,0.00011486668062786739,0.7008341548059629
CASE0015_CHUNK_0002,0.00011486668062786739,0.7008341548059629
CASE0015_CHUNK_0003,0.00011486668062786739,0.7008341548059629
CASE0015_CHUNK_0004,0.00011486668062786739,0.7008341548059629
CASE0015_CHUNK_0005,0.00011486668062786739,0.7008341548059629
CASE0015_CHUNK_0006,0.00011486668062786739,0.7008341548059629
CASE0015_CHUNK_0007,0.00011486668062786739,0.7008341548059629
CASE0015_CHUNK_0008,0.00011486668062786739,0.7008341548059629
CASE0015_CHUNK_0009,0.00011486668062786739,0.7008341548059629
CASE0015_CHUNK_0010,0.00011486668062786739,0.7008341548059629
CASE0015_CHUNK_0011,0.00011486668062786739,0.7008341548059629
CASE0015_CHUNK_0012,0.00011486668062786739,0.7008341548059629
CASE0015_CHUNK_0013,0.00011486668062786739,0.7008341548059629
CASE0015_CHUNK_0014,0.00011486668062786739,0.7008341548059629
CASE0015_CHUNK_0015,0.00011486668062786739,0.7008341548059629
CASE0015_CHUNK_0016,0.00011486668062786739,0.7008341548059629
CASE0015_CHUNK_0017,0.00011486668062786739,0.7008341548059629
CASE0015_CHUNK_0018,0.00011486668062786739,0.7008341548059629
CASE0015_CHUNK_0019,0.00011486668062786739,0.7008341548059629
CASE0015_CHUNK_0020,0.00011486668062786739,0.7008341548059629
CASE0015_CHUNK_0021,0.00011486668062786739,0.7008341548059629
CASE0015_CHUNK_0022,0.00011486668062786739,0.7008341548059629
CASE0015_CHUNK_0023,0.00011486668062786739,0.7008341548059629
CASE0016_CHUNK_0001,0.00011449638057554232,0.6981482336917696
CASE0016_CHUNK_0002,0.00011449638057554232,0.6981482336917696
CASE0016_CHUNK_0003,0.00011449638057554232,0.6981482336917696
CASE0016_CHUNK_0004,0.00011449638057554232,0.6981482336917696
CASE0016_CHUNK_0005,0.00011449638057554232,0.6981482336917696
CASE0016_CHUNK_0006,0.00011449638057554232,0.6981482336917696
CASE0016_CHUNK_0007,0.00011449638057554232,0.6981482336917696
CASE0016_CHUNK_0008,0.00011449638057554232,0.6981482336917696
CASE0016_CHUNK_0009,0.00011449638057554232,0.6981482336917696
CASE0016_CHUNK_0010,0.00011449638057554232,0.6981482336917696
CASE0016_CHUNK_0011,0.00011449638057554232,0.6981482336917696
CASE0016_CHUNK_0012,0.00011449638057554232,0.6981482336917696
CASE0016_CHUNK_0013,0.00011449638057554232,0.6981482336917696
CASE0016_CHUNK_0014,0.00011449638057554232,0.6981482336917696
CASE0016_CHUNK_0015,0.00011449638057554232,0.6981482336917696
CASE0016_CHUNK_0016,0.00011449638057554232,0.6981482336917696
CASE0016_CHUNK_0017,0.00011449638057554232,0.6981482336917696
CASE0016_CHUNK_0018,0.00011449638057554232,0.6981482336917696
CASE0016_CHUNK_0019,0.00011449638057554232,0.6981482336917696
CASE0016_CHUNK_0020,0.00011449638057554232,0.6981482336917696
CASE0016_CHUNK_0021,0.00011449638057554232,0.6981482336917696
CASE0016_CHUNK_0022,0.00011449638057554232,0.6981482336917696
CASE0016_CHUNK_0023,0.00011449638057554232,0.6981482336917696
CASE0016_CHUNK_0024,0.00011449638057554232,0.6981482336917696
CASE0016_CHUNK_0025,0.00011449638057554232,0.6981482336917696
CASE0016_CHUNK_0026,0.00011449638057554232,0.6981482336917696
CASE0016_CHUNK_0027,0.00011449638057554232,0.6981482336917696
CASE0016_CHUNK_0028,0.00011449638057554232,0.6981482336917696
CASE0016_CHUNK_0029,0.00011449638057554232,0.6981482336917696
CASE0016_CHUNK_0030,0.00011449638057554232,0.6981482336917696
CASE0016_CHUNK_0031,0.00011449638057554232,0.6981482336917696
CASE0016_CHUNK_0032,0.00011449638057554232,0.6981482336917696
CASE0016_CHUNK_0033,0.00011449638057554232,0.6981482336917696
CASE0016_CHUNK_0034,0.00011449638057554232,0.6981482336917696
CASE0016_CHUNK_0035,0.00011449638057554232,0.6981482336917696
CASE0016_CHUNK_0036,0.00011449638057554232,0.6981482336917696
CASE0016_CHUNK_0037,0.00011449638057554232,0.6981482336917696
CASE0016_CHUNK_0038,0.00011449638057554232,0.6981482336917696
CASE0016_CHUNK_0039,0.00011449638057554232,0.6981482336917696
CASE0016_CHUNK_0040,0.00011449638057554232,0.6981482336917696
CASE0016_CHUNK_0041,0.00011449638057554232,0.6981482336917696
CASE0016_CHUNK_0042,0.00011449638057554232,0.6981482336917696
CASE0016_CHUNK_0043,0.00011449638057554232,0.6981482336917696
CASE0016_CHUNK_0044,0.00011449638057554232,0.6981482336917696
CASE0016_CHUNK_0045,0.00011449638057554232,0.6981482336917696
CASE0016_CHUNK_0046,0.00011449638057554232,0.6981482336917696
CASE0016_CHUNK_0047,0.00011449638057554232,0.6981482336917696
CASE0016_CHUNK_0048,0.00011449638057554232,0.6981482336917696
CASE0016_CHUNK_0049,0.00011449638057554232,0.6981482336917696
CASE0016_CHUNK_0050,0.00011449638057554232,0.6981482336917696
CASE0016_CHUNK_0051,0.00011449638057554232,0.6981482336917696
CASE0016_CHUNK_0052,0.00011449638057554232,0.6981482336917696
CASE0016_CHUNK_0053,0.00011449638057554232,0.6981482336917696
CASE0016_CHUNK_0054,0.00011449638057554232,0.6981482336917696
CASE0016_CHUNK_0055,0.00011449638057554232,0.6981482336917696
CASE0016_CHUNK_0056,0.00011449638057554232,0.6981482336917696
CASE0016_CHUNK_0057,0.00011449638057554232,0.6981482336917696
CASE0016_CHUNK_0058,0.00011449638057554232,0.6981482336917696
CASE0016_CHUNK_0059,0.00011449638057554232,0.6981482336917696
CASE0016_CHUNK_0060,0.00011449638057554232,0.6981482336917696
CASE0016_CHUNK_0061,0.00011449638057554232,0.6981482336917696
CASE0016_CHUNK_0062,0.00011449638057554232,0.6981482336917696
CASE0016_CHUNK_0063,0.00011449638057554232,0.6981482336917696
CASE0016_CHUNK_0064,0.00011449638057554232,0.6981482336917696
CASE0016_CHUNK_0065,0.00011449638057554232,0.6981482336917696
CASE0016_CHUNK_0066,0.00011449638057554232,0.6981482336917696
CASE0016_CHUNK_0067,0.00011449638057554232,0.6981482336917696
CASE0016_CHUNK_0068,0.00011449638057554232,0.6981482336917696
CASE0016_CHUNK_0069,0.00011449638057554232,0.6981482336917696
CASE0016_CHUNK_0070,0.00011449638057554232,0.6981482336917696
CASE0016_CHUNK_0071,0.00011449638057554232,0.6981482336917696
CASE0016_CHUNK_0072,0.00011449638057554232,0.6981482336917696
CASE0016_CHUNK_0073,0.00011449638057554232,0.6981482336917696
CASE0016_CHUNK_0074,0.00011449638057554232,0.6981482336917696
CASE0016_CHUNK_0075,0.00011449638057554232,0.6981482336917696
CASE0016_CHUNK_0076,0.00011449638057554232,0.6981482336917696
CASE0016_CHUNK_0077,0.00011449638057554232,0.6981482336917696
CASE0016_CHUNK_0078,0.00011449638057554232,0.6981482336917696
CASE0016_CHUNK_0079,0.00011449638057554232,0.6981482336917696
CASE0016_CHUNK_0080,0.00011449638057554232,0.6981482336917696
CASE0016_CHUNK_0081,0.00011449638057554232,0.6981482336917696
CASE0016_CHUNK_0082,0.00011449638057554232,0.6981482336917696
CASE0016_CHUNK_0083,0.00011449638057554232,0.6981482336917696
CASE0016_CHUNK_0084,0.00011449638057554232,0.6981482336917696
CASE0016_CHUNK_0085,0.00011449638057554232,0.6981482336917696
CASE0016_CHUNK_0086,0.00011449638057554232,0.6981482336917696
CASE0016_CHUNK_0087,0.00011449638057554232,0.6981482336917696
CASE0016_CHUNK_0088,0.00011449638057554232,0.6981482336917696
CASE0016_CHUNK_0089,0.00011449638057554232,0.6981482336917696
CASE0016_CHUNK_0090,0.00011449638057554232,0.6981482336917696
CASE0016_CHUNK_0091,0.00011449638057554232,0.6981482336917696
CASE0016_CHUNK_0092,0.00011449638057554232,0.6981482336917696
CASE0016_CHUNK_0093,0.00011449638057554232,0.6981482336917696
CASE0016_CHUNK_0094,0.00011449638057554232,0.6981482336917696
CASE0016_CHUNK_0095,0.00011449638057554232,0.6981482336917696
CASE0016_CHUNK_0096,0.00011449638057554232,0.6981482336917696
CASE0016_CHUNK_0097,0.00011449638057554232,0.6981482336917696
CASE0016_CHUNK_0098,0.00011449638057554232,0.6981482336917696
CASE0016_CHUNK_0099,0.00011449638057554232,0.6981482336917696
CASE0016_CHUNK_0100,0.00011449638057554232,0.6981482336917696
CASE0016_CHUNK_0101,0.00011449638057554232,0.6981482336917696
CASE0016_CHUNK_0102,0.00011449638057554232,0.6981482336917696
CASE0016_CHUNK_0103,0.00011449638057554232,0.6981482336917696
CASE0016_CHUNK_0104,0.00011449638057554232,0.6981482336917696
CASE0016_CHUNK_0105,0.00011449638057554232,0.6981482336917696
CASE0016_CHUNK_0106,0.00011449638057554232,0.6981482336917696
CASE0016_CHUNK_0107,0.00011449638057554232,0.6981482336917696
CASE0016_CHUNK_0108,0.00011449638057554232,0.6981482336917696
CASE0016_CHUNK_0109,0.00011449638057554232,0.6981482336917696
CASE0016_CHUNK_0110,0.00011449638057554232,0.6981482336917696
CASE0016_CHUNK_0111,0.00011449638057554232,0.6981482336917696
CASE0016_CHUNK_0112,0.00011449638057554232,0.6981482336917696
CASE0016_CHUNK_0113,0.00011449638057554232,0.6981482336917696
CASE0016_CHUNK_0114,0.00011449638057554232,0.6981482336917696
CASE0016_CHUNK_0115,0.00011449638057554232,0.6981482336917696
CASE0016_CHUNK_0116,0.00011449638057554232,0.6981482336917696
CASE0016_CHUNK_0117,0.00011449638057554232,0.6981482336917696
CASE0016_CHUNK_0118,0.00011449638057554232,0.6981482336917696
CASE0016_CHUNK_0119,0.00011449638057554232,0.6981482336917696
CASE0016_CHUNK_0120,0.00011449638057554232,0.6981482336917696
CASE0016_CHUNK_0121,0.00011449638057554232,0.6981482336917696
CASE0016_CHUNK_0122,0.00011449638057554232,0.6981482336917696
CASE0016_CHUNK_0123,0.00011449638057554232,0.6981482336917696
CASE0016_CHUNK_0124,0.00011449638057554232,0.6981482336917696
CASE0016_CHUNK_0125,0.00011449638057554232,0.6981482336917696
CASE0016_CHUNK_0126,0.00011449638057554232,0.6981482336917696
CASE0016_CHUNK_0127,0.00011449638057554232,0.6981482336917696
CASE0016_CHUNK_0128,0.00011449638057554232,0.6981482336917696
CASE0016_CHUNK_0129,0.00011449638057554232,0.6981482336917696
CASE0016_CHUNK_0130,0.00011449638057554232,0.6981482336917696
CASE0016_CHUNK_0131,0.00011449638057554232,0.6981482336917696
CASE0016_CHUNK_0132,0.00011449638057554232,0.6981482336917696
CASE0016_CHUNK_0133,0.00011449638057554232,0.6981482336917696
CASE0016_CHUNK_0134,0.00011449638057554232,0.6981482336917696
CASE0016_CHUNK_0135,0.00011449638057554232,0.6981482336917696
CASE0016_CHUNK_0136,0.00011449638057554232,0.6981482336917696
CASE0016_CHUNK_0137,0.00011449638057554232,0.6981482336917696
CASE0016_CHUNK_0138,0.00011449638057554232,0.6981482336917696
CASE0016_CHUNK_0139,0.00011449638057554232,0.6981482336917696
CASE0016_CHUNK_0140,0.00011449638057554232,0.6981482336917696
CASE0016_CHUNK_0141,0.00011449638057554232,0.6981482336917696
CASE0016_CHUNK_0142,0.00011449638057554232,0.6981482336917696
CASE0016_CHUNK_0143,0.00011449638057554232,0.6981482336917696
CASE0016_CHUNK_0144,0.00011449638057554232,0.6981482336917696
CASE0016_CHUNK_0145,0.00011449638057554232,0.6981482336917696
CASE0016_CHUNK_0146,0.00011449638057554232,0.6981482336917696
CASE0016_CHUNK_0147,0.00011449638057554232,0.6981482336917696
CASE0016_CHUNK_0148,0.00011449638057554232,0.6981482336917696
CASE0016_CHUNK_0149,0.00011449638057554232,0.6981482336917696
CASE0016_CHUNK_0150,0.00011449638057554232,0.6981482336917696
CASE0016_CHUNK_0151,0.00011449638057554232,0.6981482336917696
CASE0016_CHUNK_0152,0.00011449638057554232,0.6981482336917696
CASE0016_CHUNK_0153,0.00011449638057554232,0.6981482336917696
CASE0016_CHUNK_0154,0.00011449638057554232,0.6981482336917696
CASE0016_CHUNK_0155,0.00011449638057554232,0.6981482336917696
CASE0016_CHUNK_0156,0.00011449638057554232,0.6981482336917696
CASE0016_CHUNK_0157,0.00011449638057554232,0.6981482336917696
CASE0016_CHUNK_0158,0.00011449638057554232,0.6981482336917696
CASE0016_CHUNK_0159,0.00011449638057554232,0.6981482336917696
CASE0016_CHUNK_0160,0.00011449638057554232,0.6981482336917696
CASE0016_CHUNK_0161,0.00011449638057554232,0.6981482336917696
CASE0016_CHUNK_0162,0.00011449638057554232,0.6981482336917696
CASE0016_CHUNK_0163,0.00011449638057554232,0.6981482336917696
CASE0016_CHUNK_0164,0.00011449638057554232,0.6981482336917696
CASE0016_CHUNK_0165,0.00011449638057554232,0.6981482336917696
CASE0016_CHUNK_0166,0.00011449638057554232,0.6981482336917696
CASE0017_CHUNK_0001,7.376851774457596e-05,0.40273421463667103
CASE0017_CHUNK_0002,7.376851774457596e-05,0.40273421463667103
CASE0017_CHUNK_0003,7.376851774457596e-05,0.40273421463667103
CASE0017_CHUNK_0004,7.376851774457596e-05,0.40273421463667103
CASE0017_CHUNK_0005,7.376851774457596e-05,0.40273421463667103
CASE0017_CHUNK_0006,7.376851774457596e-05,0.40273421463667103
CASE0017_CHUNK_0007,7.376851774457596e-05,0.40273421463667103
CASE0017_CHUNK_0008,7.376851774457596e-05,0.40273421463667103
CASE0017_CHUNK_0009,7.376851774457596e-05,0.40273421463667103
CASE0017_CHUNK_0010,7.376851774457596e-05,0.40273421463667103
CASE0017_CHUNK_0011,7.376851774457596e-05,0.40273421463667103
CASE0017_CHUNK_0012,7.376851774457596e-05,0.40273421463667103
CASE0017_CHUNK_0013,7.376851774457596e-05,0.40273421463667103
CASE0017_CHUNK_0014,7.376851774457596e-05,0.40273421463667103
CASE0017_CHUNK_0015,7.376851774457596e-05,0.40273421463667103
CASE0017_CHUNK_0016,7.376851774457596e-05,0.40273421463667103
CASE0017_CHUNK_0017,7.376851774457596e-05,0.40273421463667103
CASE0017_CHUNK_0018,7.376851774457596e-05,0.40273421463667103
CASE0017_CHUNK_0019,7.376851774457596e-05,0.40273421463667103
CASE0018_CHUNK_0001,7.78860323529728e-05,0.4326000473721849
CASE0018_CHUNK_0002,7.78860323529728e-05,0.4326000473721849
CASE0018_CHUNK_0003,7.78860323529728e-05,0.4326000473721849
CASE0018_CHUNK_0004,7.78860323529728e-05,0.4326000473721849
CASE0018_CHUNK_0005,7.78860323529728e-05,0.4326000473721849
CASE0018_CHUNK_0006,7.78860323529728e-05,0.4326000473721849
CASE0018_CHUNK_0007,7.78860323529728e-05,0.4326000473721849
CASE0018_CHUNK_0008,7.78860323529728e-05,0.4326000473721849
CASE0018_CHUNK_0009,7.78860323529728e-05,0.4326000473721849
CASE0018_CHUNK_0010,7.78860323529728e-05,0.4326000473721849
CASE0018_CHUNK_0011,7.78860323529728e-05,0.4326000473721849
CASE0018_CHUNK_0012,7.78860323529728e-05,0.4326000473721849
CASE0018_CHUNK_0013,7.78860323529728e-05,0.4326000473721849
CASE0018_CHUNK_0014,7.78860323529728e-05,0.4326000473721849
CASE0018_CHUNK_0015,7.78860323529728e-05,0.4326000473721849
CASE0018_CHUNK_0016,7.78860323529728e-05,0.4326000473721849
CASE0018_CHUNK_0017,7.78860323529728e-05,0.4326000473721849
CASE0018_CHUNK_0018,7.78860323529728e-05,0.4326000473721849
CASE0018_CHUNK_0019,7.78860323529728e-05,0.4326000473721849
CASE0018_CHUNK_0020,7.78860323529728e-05,0.4326000473721849
CASE0018_CHUNK_0021,7.78860323529728e-05,0.4326000473721849
CASE0018_CHUNK_0022,7.78860323529728e-05,0.4326000473721849
CASE0018_CHUNK_0023,7.78860323529728e-05,0.4326000473721849
CASE0018_CHUNK_0024,7.78860323529728e-05,0.4326000473721849
CASE0018_CHUNK_0025,7.78860323529728e-05,0.4326000473721849
CASE0018_CHUNK_0026,7.78860323529728e-05,0.4326000473721849
CASE0018_CHUNK_0027,7.78860323529728e-05,0.4326000473721849
CASE0018_CHUNK_0028,7.78860323529728e-05,0.4326000473721849
CASE0018_CHUNK_0029,7.78860323529728e-05,0.4326000473721849
CASE0018_CHUNK_0030,7.78860323529728e-05,0.4326000473721849
CASE0018_CHUNK_0031,7.78860323529728e-05,0.4326000473721849
CASE0018_CHUNK_0032,7.78860323529728e-05,0.4326000473721849
CASE0018_CHUNK_0033,7.78860323529728e-05,0.4326000473721849
CASE0018_CHUNK_0034,7.78860323529728e-05,0.4326000473721849
CASE0018_CHUNK_0035,7.78860323529728e-05,0.4326000473721849
CASE0018_CHUNK_0036,7.78860323529728e-05,0.4326000473721849
CASE0019_CHUNK_0001,7.37079626106826e-05,0.4022949862010396
CASE0019_CHUNK_0002,7.37079626106826e-05,0.4022949862010396
CASE0019_CHUNK_0003,7.37079626106826e-05,0.4022949862010396
CASE0019_CHUNK_0004,7.37079626106826e-05,0.4022949862010396
CASE0019_CHUNK_0005,7.37079626106826e-05,0.4022949862010396
CASE0019_CHUNK_0006,7.37079626106826e-05,0.4022949862010396
CASE0019_CHUNK_0007,7.37079626106826e-05,0.4022949862010396
CASE0019_CHUNK_0008,7.37079626106826e-05,0.4022949862010396
CASE0019_CHUNK_0009,7.37079626106826e-05,0.4022949862010396
CASE0019_CHUNK_0010,7.37079626106826e-05,0.4022949862010396
CASE0019_CHUNK_0011,7.37079626106826e-05,0.4022949862010396
CASE0019_CHUNK_0012,7.37079626106826e-05,0.4022949862010396
CASE0019_CHUNK_0013,7.37079626106826e-05,0.4022949862010396
CASE0019_CHUNK_0014,7.37079626106826e-05,0.4022949862010396
CASE0019_CHUNK_0015,7.37079626106826e-05,0.4022949862010396
CASE0019_CHUNK_0016,7.37079626106826e-05,0.4022949862010396
CASE0019_CHUNK_0017,7.37079626106826e-05,0.4022949862010396
CASE0019_CHUNK_0018,7.37079626106826e-05,0.4022949862010396
CASE0019_CHUNK_0019,7.37079626106826e-05,0.4022949862010396
CASE0019_CHUNK_0020,7.37079626106826e-05,0.4022949862010396
CASE0019_CHUNK_0021,7.37079626106826e-05,0.4022949862010396
CASE0019_CHUNK_0022,7.37079626106826e-05,0.4022949862010396
CASE0019_CHUNK_0023,7.37079626106826e-05,0.4022949862010396
CASE0019_CHUNK_0024,7.37079626106826e-05,0.4022949862010396
CASE0019_CHUNK_0025,7.37079626106826e-05,0.4022949862010396
CASE0019_CHUNK_0026,7.37079626106826e-05,0.4022949862010396
CASE0019_CHUNK_0027,7.37079626106826e-05,0.4022949862010396
CASE0019_CHUNK_0028,7.37079626106826e-05,0.4022949862010396
CASE0019_CHUNK_0029,7.37079626106826e-05,0.4022949862010396
CASE0019_CHUNK_0030,7.37079626106826e-05,0.4022949862010396
CASE0019_CHUNK_0031,7.37079626106826e-05,0.4022949862010396
CASE0019_CHUNK_0032,7.37079626106826e-05,0.4022949862010396
CASE0019_CHUNK_0033,7.37079626106826e-05,0.4022949862010396
CASE0019_CHUNK_0034,7.37079626106826e-05,0.4022949862010396
CASE0019_CHUNK_0035,7.37079626106826e-05,0.4022949862010396
CASE0019_CHUNK_0036,7.37079626106826e-05,0.4022949862010396
CASE0019_CHUNK_0037,7.37079626106826e-05,0.4022949862010396
CASE0019_CHUNK_0038,7.37079626106826e-05,0.4022949862010396
CASE0019_CHUNK_0039,7.37079626106826e-05,0.4022949862010396
CASE0019_CHUNK_0040,7.37079626106826e-05,0.4022949862010396
CASE0019_CHUNK_0041,7.37079626106826e-05,0.4022949862010396
CASE0019_CHUNK_0042,7.37079626106826e-05,0.4022949862010396
CASE0019_CHUNK_0043,7.37079626106826e-05,0.4022949862010396
CASE0019_CHUNK_0044,7.37079626106826e-05,0.4022949862010396
CASE0019_CHUNK_0045,7.37079626106826e-05,0.4022949862010396
CASE0019_CHUNK_0046,7.37079626106826e-05,0.4022949862010396
CASE0019_CHUNK_0047,7.37079626106826e-05,0.4022949862010396
CASE0019_CHUNK_0048,7.37079626106826e-05,0.4022949862010396
CASE0019_CHUNK_0049,7.37079626106826e-05,0.4022949862010396
CASE0019_CHUNK_0050,7.37079626106826e-05,0.4022949862010396
CASE0019_CHUNK_0051,7.37079626106826e-05,0.4022949862010396
CASE0019_CHUNK_0052,7.37079626106826e-05,0.4022949862010396
CASE0019_CHUNK_0053,7.37079626106826e-05,0.4022949862010396
CASE0019_CHUNK_0054,7.37079626106826e-05,0.4022949862010396
CASE0019_CHUNK_0055,7.37079626106826e-05,0.4022949862010396
CASE0019_CHUNK_0056,7.37079626106826e-05,0.4022949862010396
CASE0019_CHUNK_0057,7.37079626106826e-05,0.4022949862010396
CASE0019_CHUNK_0058,7.37079626106826e-05,0.4022949862010396
CASE0019_CHUNK_0059,7.37079626106826e-05,0.4022949862010396
CASE0019_CHUNK_0060,7.37079626106826e-05,0.4022949862010396
CASE0019_CHUNK_0061,7.37079626106826e-05,0.4022949862010396
CASE0019_CHUNK_0062,7.37079626106826e-05,0.4022949862010396
CASE0019_CHUNK_0063,7.37079626106826e-05,0.4022949862010396
CASE0019_CHUNK_0064,7.37079626106826e-05,0.4022949862010396
CASE0019_CHUNK_0065,7.37079626106826e-05,0.4022949862010396
CASE0019_CHUNK_0066,7.37079626106826e-05,0.4022949862010396
CASE0019_CHUNK_0067,7.37079626106826e-05,0.4022949862010396
CASE0019_CHUNK_0068,7.37079626106826e-05,0.4022949862010396
CASE0019_CHUNK_0069,7.37079626106826e-05,0.4022949862010396
CASE0019_CHUNK_0070,7.37079626106826e-05,0.4022949862010396
CASE0019_CHUNK_0071,7.37079626106826e-05,0.4022949862010396
CASE0019_CHUNK_0072,7.37079626106826e-05,0.4022949862010396
CASE0019_CHUNK_0073,7.37079626106826e-05,0.4022949862010396
CASE0019_CHUNK_0074,7.37079626106826e-05,0.4022949862010396
CASE0019_CHUNK_0075,7.37079626106826e-05,0.4022949862010396
CASE0019_CHUNK_0076,7.37079626106826e-05,0.4022949862010396
CASE0019_CHUNK_0077,7.37079626106826e-05,0.4022949862010396
CASE0019_CHUNK_0078,7.37079626106826e-05,0.4022949862010396
CASE0019_CHUNK_0079,7.37079626106826e-05,0.4022949862010396
CASE0019_CHUNK_0080,7.37079626106826e-05,0.4022949862010396
CASE0019_CHUNK_0081,7.37079626106826e-05,0.4022949862010396
CASE0019_CHUNK_0082,7.37079626106826e-05,0.4022949862010396
CASE0019_CHUNK_0083,7.37079626106826e-05,0.4022949862010396
CASE0019_CHUNK_0084,7.37079626106826e-05,0.4022949862010396
CASE0019_CHUNK_0085,7.37079626106826e-05,0.4022949862010396
CASE0019_CHUNK_0086,7.37079626106826e-05,0.4022949862010396
CASE0019_CHUNK_0087,7.37079626106826e-05,0.4022949862010396
CASE0019_CHUNK_0088,7.37079626106826e-05,0.4022949862010396
CASE0019_CHUNK_0089,7.37079626106826e-05,0.4022949862010396
CASE0019_CHUNK_0090,7.37079626106826e-05,0.4022949862010396
CASE0019_CHUNK_0091,7.37079626106826e-05,0.4022949862010396
CASE0019_CHUNK_0092,7.37079626106826e-05,0.4022949862010396
CASE0019_CHUNK_0093,7.37079626106826e-05,0.4022949862010396
CASE0019_CHUNK_0094,7.37079626106826e-05,0.4022949862010396
CASE0019_CHUNK_0095,7.37079626106826e-05,0.4022949862010396
CASE0019_CHUNK_0096,7.37079626106826e-05,0.4022949862010396
CASE0019_CHUNK_0097,7.37079626106826e-05,0.4022949862010396
CASE0019_CHUNK_0098,7.37079626106826e-05,0.4022949862010396
CASE0019_CHUNK_0099,7.37079626106826e-05,0.4022949862010396
CASE0019_CHUNK_0100,7.37079626106826e-05,0.4022949862010396
CASE0019_CHUNK_0101,7.37079626106826e-05,0.4022949862010396
CASE0019_CHUNK_0102,7.37079626106826e-05,0.4022949862010396
CASE0019_CHUNK_0103,7.37079626106826e-05,0.4022949862010396
CASE0019_CHUNK_0104,7.37079626106826e-05,0.4022949862010396
CASE0019_CHUNK_0105,7.37079626106826e-05,0.4022949862010396
CASE0019_CHUNK_0106,7.37079626106826e-05,0.4022949862010396
CASE0019_CHUNK_0107,7.37079626106826e-05,0.4022949862010396
CASE0019_CHUNK_0108,7.37079626106826e-05,0.4022949862010396
CASE0019_CHUNK_0109,7.37079626106826e-05,0.4022949862010396
CASE0019_CHUNK_0110,7.37079626106826e-05,0.4022949862010396
CASE0019_CHUNK_0111,7.37079626106826e-05,0.4022949862010396
CASE0019_CHUNK_0112,7.37079626106826e-05,0.4022949862010396
CASE0019_CHUNK_0113,7.37079626106826e-05,0.4022949862010396
CASE0019_CHUNK_0114,7.37079626106826e-05,0.4022949862010396
CASE0019_CHUNK_0115,7.37079626106826e-05,0.4022949862010396
CASE0019_CHUNK_0116,7.37079626106826e-05,0.4022949862010396
CASE0019_CHUNK_0117,7.37079626106826e-05,0.4022949862010396
CASE0019_CHUNK_0118,7.37079626106826e-05,0.4022949862010396
CASE0019_CHUNK_0119,7.37079626106826e-05,0.4022949862010396
CASE0019_CHUNK_0120,7.37079626106826e-05,0.4022949862010396
CASE0019_CHUNK_0121,7.37079626106826e-05,0.4022949862010396
CASE0019_CHUNK_0122,7.37079626106826e-05,0.4022949862010396
CASE0019_CHUNK_0123,7.37079626106826e-05,0.4022949862010396
CASE0019_CHUNK_0124,7.37079626106826e-05,0.4022949862010396
CASE0019_CHUNK_0125,7.37079626106826e-05,0.4022949862010396
CASE0019_CHUNK_0126,7.37079626106826e-05,0.4022949862010396
CASE0019_CHUNK_0127,7.37079626106826e-05,0.4022949862010396
CASE0019_CHUNK_0128,7.37079626106826e-05,0.4022949862010396
CASE0019_CHUNK_0129,7.37079626106826e-05,0.4022949862010396
CASE0019_CHUNK_0130,7.37079626106826e-05,0.4022949862010396
CASE0019_CHUNK_0131,7.37079626106826e-05,0.4022949862010396
CASE0019_CHUNK_0132,7.37079626106826e-05,0.4022949862010396
CASE0019_CHUNK_0133,7.37079626106826e-05,0.4022949862010396
CASE0019_CHUNK_0134,7.37079626106826e-05,0.4022949862010396
CASE0019_CHUNK_0135,7.37079626106826e-05,0.4022949862010396
CASE0019_CHUNK_0136,7.37079626106826e-05,0.4022949862010396
CASE0019_CHUNK_0137,7.37079626106826e-05,0.4022949862010396
CASE0019_CHUNK_0138,7.37079626106826e-05,0.4022949862010396
CASE0019_CHUNK_0139,7.37079626106826e-05,0.4022949862010396
CASE0019_CHUNK_0140,7.37079626106826e-05,0.4022949862010396
CASE0019_CHUNK_0141,7.37079626106826e-05,0.4022949862010396
CASE0019_CHUNK_0142,7.37079626106826e-05,0.4022949862010396
CASE0019_CHUNK_0143,7.37079626106826e-05,0.4022949862010396
CASE0019_CHUNK_0144,7.37079626106826e-05,0.4022949862010396
CASE0019_CHUNK_0145,7.37079626106826e-05,0.4022949862010396
CASE0019_CHUNK_0146,7.37079626106826e-05,0.4022949862010396
CASE0019_CHUNK_0147,7.37079626106826e-05,0.4022949862010396
CASE0019_CHUNK_0148,7.37079626106826e-05,0.4022949862010396
CASE0019_CHUNK_0149,7.37079626106826e-05,0.4022949862010396
CASE0019_CHUNK_0150,7.37079626106826e-05,0.4022949862010396
CASE0020_CHUNK_0001,6.427052021784275e-05,0.33384178013813665
CASE0020_CHUNK_0002,6.427052021784275e-05,0.33384178013813665
CASE0020_CHUNK_0003,6.427052021784275e-05,0.33384178013813665
CASE0020_CHUNK_0004,6.427052021784275e-05,0.33384178013813665
CASE0020_CHUNK_0005,6.427052021784275e-05,0.33384178013813665
CASE0020_CHUNK_0006,6.427052021784275e-05,0.33384178013813665
CASE0020_CHUNK_0007,6.427052021784275e-05,0.33384178013813665
CASE0020_CHUNK_0008,6.427052021784275e-05,0.33384178013813665
CASE0020_CHUNK_0009,6.427052021784275e-05,0.33384178013813665
CASE0020_CHUNK_0010,6.427052021784275e-05,0.33384178013813665
CASE0020_CHUNK_0011,6.427052021784275e-05,0.33384178013813665
CASE0020_CHUNK_0012,6.427052021784275e-05,0.33384178013813665
CASE0020_CHUNK_0013,6.427052021784275e-05,0.33384178013813665
CASE0020_CHUNK_0014,6.427052021784275e-05,0.33384178013813665
CASE0020_CHUNK_0015,6.427052021784275e-05,0.33384178013813665
CASE0020_CHUNK_0016,6.427052021784275e-05,0.33384178013813665
CASE0020_CHUNK_0017,6.427052021784275e-05,0.33384178013813665
CASE0020_CHUNK_0018,6.427052021784275e-05,0.33384178013813665
CASE0020_CHUNK_0019,6.427052021784275e-05,0.33384178013813665
CASE0020_CHUNK_0020,6.427052021784275e-05,0.33384178013813665
CASE0020_CHUNK_0021,6.427052021784275e-05,0.33384178013813665
CASE0020_CHUNK_0022,6.427052021784275e-05,0.33384178013813665
CASE0020_CHUNK_0023,6.427052021784275e-05,0.33384178013813665
CASE0020_CHUNK_0024,6.427052021784275e-05,0.33384178013813665
CASE0020_CHUNK_0025,6.427052021784275e-05,0.33384178013813665
CASE0020_CHUNK_0026,6.427052021784275e-05,0.33384178013813665
CASE0020_CHUNK_0027,6.427052021784275e-05,0.33384178013813665
CASE0020_CHUNK_0028,6.427052021784275e-05,0.33384178013813665
CASE0020_CHUNK_0029,6.427052021784275e-05,0.33384178013813665
CASE0020_CHUNK_0030,6.427052021784275e-05,0.33384178013813665
CASE0020_CHUNK_0031,6.427052021784275e-05,0.33384178013813665
CASE0020_CHUNK_0032,6.427052021784275e-05,0.33384178013813665
CASE0020_CHUNK_0033,6.427052021784275e-05,0.33384178013813665
CASE0020_CHUNK_0034,6.427052021784275e-05,0.33384178013813665
CASE0020_CHUNK_0035,6.427052021784275e-05,0.33384178013813665
CASE0020_CHUNK_0036,6.427052021784275e-05,0.33384178013813665
CASE0020_CHUNK_0037,6.427052021784275e-05,0.33384178013813665
CASE0020_CHUNK_0038,6.427052021784275e-05,0.33384178013813665
CASE0020_CHUNK_0039,6.427052021784275e-05,0.33384178013813665
CASE0020_CHUNK_0040,6.427052021784275e-05,0.33384178013813665
CASE0020_CHUNK_0041,6.427052021784275e-05,0.33384178013813665
CASE0020_CHUNK_0042,6.427052021784275e-05,0.33384178013813665
CASE0020_CHUNK_0043,6.427052021784275e-05,0.33384178013813665
CASE0020_CHUNK_0044,6.427052021784275e-05,0.33384178013813665
CASE0020_CHUNK_0045,6.427052021784275e-05,0.33384178013813665
CASE0020_CHUNK_0046,6.427052021784275e-05,0.33384178013813665
CASE0020_CHUNK_0047,6.427052021784275e-05,0.33384178013813665
CASE0020_CHUNK_0048,6.427052021784275e-05,0.33384178013813665
CASE0020_CHUNK_0049,6.427052021784275e-05,0.33384178013813665
CASE0020_CHUNK_0050,6.427052021784275e-05,0.33384178013813665
CASE0020_CHUNK_0051,6.427052021784275e-05,0.33384178013813665
CASE0020_CHUNK_0052,6.427052021784275e-05,0.33384178013813665
CASE0020_CHUNK_0053,6.427052021784275e-05,0.33384178013813665
CASE0020_CHUNK_0054,6.427052021784275e-05,0.33384178013813665
CASE0020_CHUNK_0055,6.427052021784275e-05,0.33384178013813665
CASE0020_CHUNK_0056,6.427052021784275e-05,0.33384178013813665
CASE0020_CHUNK_0057,6.427052021784275e-05,0.33384178013813665
CASE0020_CHUNK_0058,6.427052021784275e-05,0.33384178013813665
CASE0020_CHUNK_0059,6.427052021784275e-05,0.33384178013813665
CASE0020_CHUNK_0060,6.427052021784275e-05,0.33384178013813665
CASE0020_CHUNK_0061,6.427052021784275e-05,0.33384178013813665
CASE0020_CHUNK_0062,6.427052021784275e-05,0.33384178013813665
CASE0020_CHUNK_0063,6.427052021784275e-05,0.33384178013813665
CASE0020_CHUNK_0064,6.427052021784275e-05,0.33384178013813665
CASE0020_CHUNK_0065,6.427052021784275e-05,0.33384178013813665
CASE0020_CHUNK_0066,6.427052021784275e-05,0.33384178013813665
CASE0020_CHUNK_0067,6.427052021784275e-05,0.33384178013813665
CASE0020_CHUNK_0068,6.427052021784275e-05,0.33384178013813665
CASE0020_CHUNK_0069,6.427052021784275e-05,0.33384178013813665
CASE0020_CHUNK_0070,6.427052021784275e-05,0.33384178013813665
CASE0020_CHUNK_0071,6.427052021784275e-05,0.33384178013813665
CASE0020_CHUNK_0072,6.427052021784275e-05,0.33384178013813665
CASE0020_CHUNK_0073,6.427052021784275e-05,0.33384178013813665
CASE0020_CHUNK_0074,6.427052021784275e-05,0.33384178013813665
CASE0020_CHUNK_0075,6.427052021784275e-05,0.33384178013813665
CASE0020_CHUNK_0076,6.427052021784275e-05,0.33384178013813665
CASE0020_CHUNK_0077,6.427052021784275e-05,0.33384178013813665
CASE0020_CHUNK_0078,6.427052021784275e-05,0.33384178013813665
CASE0020_CHUNK_0079,6.427052021784275e-05,0.33384178013813665
CASE0020_CHUNK_0080,6.427052021784275e-05,0.33384178013813665
CASE0020_CHUNK_0081,6.427052021784275e-05,0.33384178013813665
CASE0020_CHUNK_0082,6.427052021784275e-05,0.33384178013813665
CASE0020_CHUNK_0083,6.427052021784275e-05,0.33384178013813665
CASE0020_CHUNK_0084,6.427052021784275e-05,0.33384178013813665
CASE0020_CHUNK_0085,6.427052021784275e-05,0.33384178013813665
CASE0020_CHUNK_0086,6.427052021784275e-05,0.33384178013813665
CASE0020_CHUNK_0087,6.427052021784275e-05,0.33384178013813665
CASE0020_CHUNK_0088,6.427052021784275e-05,0.33384178013813665
CASE0020_CHUNK_0089,6.427052021784275e-05,0.33384178013813665
CASE0020_CHUNK_0090,6.427052021784275e-05,0.33384178013813665
CASE0020_CHUNK_0091,6.427052021784275e-05,0.33384178013813665
CASE0020_CHUNK_0092,6.427052021784275e-05,0.33384178013813665
CASE0020_CHUNK_0093,6.427052021784275e-05,0.33384178013813665
CASE0020_CHUNK_0094,6.427052021784275e-05,0.33384178013813665
CASE0020_CHUNK_0095,6.427052021784275e-05,0.33384178013813665
CASE0020_CHUNK_0096,6.427052021784275e-05,0.33384178013813665
CASE0020_CHUNK_0097,6.427052021784275e-05,0.33384178013813665
CASE0020_CHUNK_0098,6.427052021784275e-05,0.33384178013813665
CASE0020_CHUNK_0099,6.427052021784275e-05,0.33384178013813665
CASE0020_CHUNK_0100,6.427052021784275e-05,0.33384178013813665
CASE0020_CHUNK_0101,6.427052021784275e-05,0.33384178013813665
CASE0020_CHUNK_0102,6.427052021784275e-05,0.33384178013813665
CASE0020_CHUNK_0103,6.427052021784275e-05,0.33384178013813665
CASE0020_CHUNK_0104,6.427052021784275e-05,0.33384178013813665
CASE0020_CHUNK_0105,6.427052021784275e-05,0.33384178013813665
CASE0020_CHUNK_0106,6.427052021784275e-05,0.33384178013813665
CASE0020_CHUNK_0107,6.427052021784275e-05,0.33384178013813665
CASE0020_CHUNK_0108,6.427052021784275e-05,0.33384178013813665
CASE0020_CHUNK_0109,6.427052021784275e-05,0.33384178013813665
CASE0020_CHUNK_0110,6.427052021784275e-05,0.33384178013813665
CASE0020_CHUNK_0111,6.427052021784275e-05,0.33384178013813665
CASE0020_CHUNK_0112,6.427052021784275e-05,0.33384178013813665
CASE0020_CHUNK_0113,6.427052021784275e-05,0.33384178013813665
CASE0020_CHUNK_0114,6.427052021784275e-05,0.33384178013813665
CASE0020_CHUNK_0115,6.427052021784275e-05,0.33384178013813665
CASE0020_CHUNK_0116,6.427052021784275e-05,0.33384178013813665
CASE0020_CHUNK_0117,6.427052021784275e-05,0.33384178013813665
CASE0020_CHUNK_0118,6.427052021784275e-05,0.33384178013813665
CASE0021_CHUNK_0001,1.8244734873594398e-05,0.0
CASE0021_CHUNK_0002,1.8244734873594398e-05,0.0
CASE0021_CHUNK_0003,1.8244734873594398e-05,0.0
CASE0021_CHUNK_0004,1.8244734873594398e-05,0.0
CASE0021_CHUNK_0005,1.8244734873594398e-05,0.0
CASE0021_CHUNK_0006,1.8244734873594398e-05,0.0
CASE0021_CHUNK_0007,1.8244734873594398e-05,0.0
CASE0022_CHUNK_0001,0.00011033859501477015,0.6679903010751069
CASE0022_CHUNK_0002,0.00011033859501477015,0.6679903010751069
CASE0022_CHUNK_0003,0.00011033859501477015,0.6679903010751069
CASE0022_CHUNK_0004,0.00011033859501477015,0.6679903010751069
CASE0022_CHUNK_0005,0.00011033859501477015,0.6679903010751069
CASE0022_CHUNK_0006,0.00011033859501477015,0.6679903010751069
CASE0022_CHUNK_0007,0.00011033859501477015,0.6679903010751069
CASE0022_CHUNK_0008,0.00011033859501477015,0.6679903010751069
CASE0022_CHUNK_0009,0.00011033859501477015,0.6679903010751069
CASE0023_CHUNK_0001,7.900295838043128e-05,0.4407015185475366
CASE0023_CHUNK_0002,7.900295838043128e-05,0.4407015185475366
CASE0023_CHUNK_0003,7.900295838043128e-05,0.4407015185475366
CASE0023_CHUNK_0004,7.900295838043128e-05,0.4407015185475366
CASE0023_CHUNK_0005,7.900295838043128e-05,0.4407015185475366
CASE0023_CHUNK_0006,7.900295838043128e-05,0.4407015185475366
CASE0023_CHUNK_0007,7.900295838043128e-05,0.4407015185475366
CASE0023_CHUNK_0008,7.900295838043128e-05,0.4407015185475366
CASE0023_CHUNK_0009,7.900295838043128e-05,0.4407015185475366
CASE0023_CHUNK_0010,7.900295838043128e-05,0.4407015185475366
CASE0023_CHUNK_0011,7.900295838043128e-05,0.4407015185475366
CASE0023_CHUNK_0012,7.900295838043128e-05,0.4407015185475366
CASE0023_CHUNK_0013,7.900295838043128e-05,0.4407015185475366
CASE0023_CHUNK_0014,7.900295838043128e-05,0.4407015185475366
CASE0023_CHUNK_0015,7.900295838043128e-05,0.4407015185475366
CASE0023_CHUNK_0016,7.900295838043128e-05,0.4407015185475366
CASE0023_CHUNK_0017,7.900295838043128e-05,0.4407015185475366
CASE0024_CHUNK_0001,5.623410985384072e-05,0.27555076952805313
CASE0024_CHUNK_0002,5.623410985384072e-05,0.27555076952805313
CASE0024_CHUNK_0003,5.623410985384072e-05,0.27555076952805313
CASE0024_CHUNK_0004,5.623410985384072e-05,0.27555076952805313
CASE0024_CHUNK_0005,5.623410985384072e-05,0.27555076952805313
CASE0024_CHUNK_0006,5.623410985384072e-05,0.27555076952805313
CASE0024_CHUNK_0007,5.623410985384072e-05,0.27555076952805313
CASE0024_CHUNK_0008,5.623410985384072e-05,0.27555076952805313
CASE0024_CHUNK_0009,5.623410985384072e-05,0.27555076952805313
CASE0024_CHUNK_0010,5.623410985384072e-05,0.27555076952805313
CASE0024_CHUNK_0011,5.623410985384072e-05,0.27555076952805313
CASE0024_CHUNK_0012,5.623410985384072e-05,0.27555076952805313
CASE0024_CHUNK_0013,5.623410985384072e-05,0.27555076952805313
CASE0024_CHUNK_0014,5.623410985384072e-05,0.27555076952805313
CASE0024_CHUNK_0015,5.623410985384072e-05,0.27555076952805313
CASE0024_CHUNK_0016,5.623410985384072e-05,0.27555076952805313
CASE0025_CHUNK_0001,9.030217960530952e-05,0.5226588843952735
CASE0025_CHUNK_0002,9.030217960530952e-05,0.5226588843952735
CASE0025_CHUNK_0003,9.030217960530952e-05,0.5226588843952735
CASE0025_CHUNK_0004,9.030217960530952e-05,0.5226588843952735
CASE0025_CHUNK_0005,9.030217960530952e-05,0.5226588843952735
CASE0025_CHUNK_0006,9.030217960530952e-05,0.5226588843952735
CASE0025_CHUNK_0007,9.030217960530952e-05,0.5226588843952735
CASE0025_CHUNK_0008,9.030217960530952e-05,0.5226588843952735
CASE0025_CHUNK_0009,9.030217960530952e-05,0.5226588843952735
CASE0025_CHUNK_0010,9.030217960530952e-05,0.5226588843952735
CASE0025_CHUNK_0011,9.030217960530952e-05,0.5226588843952735
CASE0025_CHUNK_0012,9.030217960530952e-05,0.5226588843952735
CASE0025_CHUNK_0013,9.030217960530952e-05,0.5226588843952735
CASE0025_CHUNK_0014,9.030217960530952e-05,0.5226588843952735
CASE0025_CHUNK_0015,9.030217960530952e-05,0.5226588843952735
CASE0025_CHUNK_0016,9.030217960530952e-05,0.5226588843952735
CASE0025_CHUNK_0017,9.030217960530952e-05,0.5226588843952735
CASE0025_CHUNK_0018,9.030217960530952e-05,0.5226588843952735
CASE0025_CHUNK_0019,9.030217960530952e-05,0.5226588843952735
CASE0025_CHUNK_0020,9.030217960530952e-05,0.5226588843952735
CASE0025_CHUNK_0021,9.030217960530952e-05,0.5226588843952735
CASE0025_CHUNK_0022,9.030217960530952e-05,0.5226588843952735
CASE0025_CHUNK_0023,9.030217960530952e-05,0.5226588843952735
CASE0025_CHUNK_0024,9.030217960530952e-05,0.5226588843952735
CASE0025_CHUNK_0025,9.030217960530952e-05,0.5226588843952735
CASE0025_CHUNK_0026,9.030217960530952e-05,0.5226588843952735
CASE0025_CHUNK_0027,9.030217960530952e-05,0.5226588843952735
CASE0025_CHUNK_0028,9.030217960530952e-05,0.5226588843952735
CASE0025_CHUNK_0029,9.030217960530952e-05,0.5226588843952735
CASE0025_CHUNK_0030,9.030217960530952e-05,0.5226588843952735
CASE0025_CHUNK_0031,9.030217960530952e-05,0.5226588843952735
CASE0026_CHUNK_0001,6.342652733609607e-05,0.3277199924498047
CASE0026_CHUNK_0002,6.342652733609607e-05,0.3277199924498047
CASE0026_CHUNK_0003,6.342652733609607e-05,0.3277199924498047
CASE0026_CHUNK_0004,6.342652733609607e-05,0.3277199924498047
CASE0026_CHUNK_0005,6.342652733609607e-05,0.3277199924498047
CASE0026_CHUNK_0006,6.342652733609607e-05,0.3277199924498047
CASE0026_CHUNK_0007,6.342652733609607e-05,0.3277199924498047
CASE0026_CHUNK_0008,6.342652733609607e-05,0.3277199924498047
CASE0026_CHUNK_0009,6.342652733609607e-05,0.3277199924498047
CASE0026_CHUNK_0010,6.342652733609607e-05,0.3277199924498047
CASE0026_CHUNK_0011,6.342652733609607e-05,0.3277199924498047
CASE0026_CHUNK_0012,6.342652733609607e-05,0.3277199924498047
CASE0026_CHUNK_0013,6.342652733609607e-05,0.3277199924498047
CASE0026_CHUNK_0014,6.342652733609607e-05,0.3277199924498047
CASE0026_CHUNK_0015,6.342652733609607e-05,0.3277199924498047
CASE0026_CHUNK_0016,6.342652733609607e-05,0.3277199924498047
CASE0026_CHUNK_0017,6.342652733609607e-05,0.3277199924498047
CASE0026_CHUNK_0018,6.342652733609607e-05,0.3277199924498047
CASE0026_CHUNK_0019,6.342652733609607e-05,0.3277199924498047
CASE0026_CHUNK_0020,6.342652733609607e-05,0.3277199924498047
CASE0026_CHUNK_0021,6.342652733609607e-05,0.3277199924498047
CASE0026_CHUNK_0022,6.342652733609607e-05,0.3277199924498047
CASE0026_CHUNK_0023,6.342652733609607e-05,0.3277199924498047
CASE0026_CHUNK_0024,6.342652733609607e-05,0.3277199924498047
CASE0026_CHUNK_0025,6.342652733609607e-05,0.3277199924498047
CASE0026_CHUNK_0026,6.342652733609607e-05,0.3277199924498047
CASE0026_CHUNK_0027,6.342652733609607e-05,0.3277199924498047
CASE0026_CHUNK_0028,6.342652733609607e-05,0.3277199924498047
CASE0026_CHUNK_0029,6.342652733609607e-05,0.3277199924498047
CASE0026_CHUNK_0030,6.342652733609607e-05,0.3277199924498047
CASE0026_CHUNK_0031,6.342652733609607e-05,0.3277199924498047
CASE0026_CHUNK_0032,6.342652733609607e-05,0.3277199924498047
CASE0026_CHUNK_0033,6.342652733609607e-05,0.3277199924498047
CASE0026_CHUNK_0034,6.342652733609607e-05,0.3277199924498047
CASE0026_CHUNK_0035,6.342652733609607e-05,0.3277199924498047
CASE0026_CHUNK_0036,6.342652733609607e-05,0.3277199924498047
CASE0026_CHUNK_0037,6.342652733609607e-05,0.3277199924498047
CASE0026_CHUNK_0038,6.342652733609607e-05,0.3277199924498047
CASE0026_CHUNK_0039,6.342652733609607e-05,0.3277199924498047
CASE0026_CHUNK_0040,6.342652733609607e-05,0.3277199924498047
CASE0026_CHUNK_0041,6.342652733609607e-05,0.3277199924498047
CASE0026_CHUNK_0042,6.342652733609607e-05,0.3277199924498047
CASE0026_CHUNK_0043,6.342652733609607e-05,0.3277199924498047
CASE0026_CHUNK_0044,6.342652733609607e-05,0.3277199924498047
CASE0026_CHUNK_0045,6.342652733609607e-05,0.3277199924498047
CASE0026_CHUNK_0046,6.342652733609607e-05,0.3277199924498047
CASE0026_CHUNK_0047,6.342652733609607e-05,0.3277199924498047
CASE0026_CHUNK_0048,6.342652733609607e-05,0.3277199924498047
CASE0026_CHUNK_0049,6.342652733609607e-05,0.3277199924498047
CASE0026_CHUNK_0050,6.342652733609607e-05,0.3277199924498047
CASE0026_CHUNK_0051,6.342652733609607e-05,0.3277199924498047
CASE0026_CHUNK_0052,6.342652733609607e-05,0.3277199924498047
CASE0026_CHUNK_0053,6.342652733609607e-05,0.3277199924498047
CASE0026_CHUNK_0054,6.342652733609607e-05,0.3277199924498047
CASE0026_CHUNK_0055,6.342652733609607e-05,0.3277199924498047
CASE0027_CHUNK_0001,3.930855725801058e-05,0.15278357357145642
CASE0027_CHUNK_0002,3.930855725801058e-05,0.15278357357145642
CASE0027_CHUNK_0003,3.930855725801058e-05,0.15278357357145642
CASE0027_CHUNK_0004,3.930855725801058e-05,0.15278357357145642
CASE0027_CHUNK_0005,3.930855725801058e-05,0.15278357357145642
CASE0027_CHUNK_0006,3.930855725801058e-05,0.15278357357145642
CASE0027_CHUNK_0007,3.930855725801058e-05,0.15278357357145642
CASE0027_CHUNK_0008,3.930855725801058e-05,0.15278357357145642
CASE0027_CHUNK_0009,3.930855725801058e-05,0.15278357357145642
CASE0027_CHUNK_0010,3.930855725801058e-05,0.15278357357145642
CASE0027_CHUNK_0011,3.930855725801058e-05,0.15278357357145642
CASE0027_CHUNK_0012,3.930855725801058e-05,0.15278357357145642
CASE0027_CHUNK_0013,3.930855725801058e-05,0.15278357357145642
CASE0027_CHUNK_0014,3.930855725801058e-05,0.15278357357145642
CASE0027_CHUNK_0015,3.930855725801058e-05,0.15278357357145642
CASE0027_CHUNK_0016,3.930855725801058e-05,0.15278357357145642
CASE0027_CHUNK_0017,3.930855725801058e-05,0.15278357357145642
CASE0027_CHUNK_0018,3.930855725801058e-05,0.15278357357145642
CASE0027_CHUNK_0019,3.930855725801058e-05,0.15278357357145642
CASE0027_CHUNK_0020,3.930855725801058e-05,0.15278357357145642
CASE0027_CHUNK_0021,3.930855725801058e-05,0.15278357357145642
CASE0027_CHUNK_0022,3.930855725801058e-05,0.15278357357145642
CASE0027_CHUNK_0023,3.930855725801058e-05,0.15278357357145642
CASE0027_CHUNK_0024,3.930855725801058e-05,0.15278357357145642
CASE0027_CHUNK_0025,3.930855725801058e-05,0.15278357357145642
CASE0027_CHUNK_0026,3.930855725801058e-05,0.15278357357145642
CASE0027_CHUNK_0027,3.930855725801058e-05,0.15278357357145642
CASE0027_CHUNK_0028,3.930855725801058e-05,0.15278357357145642
CASE0027_CHUNK_0029,3.930855725801058e-05,0.15278357357145642
CASE0027_CHUNK_0030,3.930855725801058e-05,0.15278357357145642
CASE0027_CHUNK_0031,3.930855725801058e-05,0.15278357357145642
CASE0027_CHUNK_0032,3.930855725801058e-05,0.15278357357145642
CASE0027_CHUNK_0033,3.930855725801058e-05,0.15278357357145642
CASE0027_CHUNK_0034,3.930855725801058e-05,0.15278357357145642
CASE0027_CHUNK_0035,3.930855725801058e-05,0.15278357357145642
CASE0027_CHUNK_0036,3.930855725801058e-05,0.15278357357145642
CASE0027_CHUNK_0037,3.930855725801058e-05,0.15278357357145642
CASE0027_CHUNK_0038,3.930855725801058e-05,0.15278357357145642
CASE0027_CHUNK_0039,3.930855725801058e-05,0.15278357357145642
CASE0027_CHUNK_0040,3.930855725801058e-05,0.15278357357145642
CASE0027_CHUNK_0041,3.930855725801058e-05,0.15278357357145642
CASE0027_CHUNK_0042,3.930855725801058e-05,0.15278357357145642
CASE0027_CHUNK_0043,3.930855725801058e-05,0.15278357357145642
CASE0027_CHUNK_0044,3.930855725801058e-05,0.15278357357145642
CASE0027_CHUNK_0045,3.930855725801058e-05,0.15278357357145642
CASE0027_CHUNK_0046,3.930855725801058e-05,0.15278357357145642
CASE0027_CHUNK_0047,3.930855725801058e-05,0.15278357357145642
CASE0027_CHUNK_0048,3.930855725801058e-05,0.15278357357145642
CASE0027_CHUNK_0049,3.930855725801058e-05,0.15278357357145642
CASE0027_CHUNK_0050,3.930855725801058e-05,0.15278357357145642
CASE0027_CHUNK_0051,3.930855725801058e-05,0.15278357357145642
CASE0028_CHUNK_0001,9.76933713386365e-05,0.5762698893382779
CASE0028_CHUNK_0002,9.76933713386365e-05,0.5762698893382779
CASE0028_CHUNK_0003,9.76933713386365e-05,0.5762698893382779
CASE0028_CHUNK_0004,9.76933713386365e-05,0.5762698893382779
CASE0028_CHUNK_0005,9.76933713386365e-05,0.5762698893382779
CASE0028_CHUNK_0006,9.76933713386365e-05,0.5762698893382779
CASE0028_CHUNK_0007,9.76933713386365e-05,0.5762698893382779
CASE0028_CHUNK_0008,9.76933713386365e-05,0.5762698893382779
CASE0028_CHUNK_0009,9.76933713386365e-05,0.5762698893382779
CASE0028_CHUNK_0010,9.76933713386365e-05,0.5762698893382779
CASE0028_CHUNK_0011,9.76933713386365e-05,0.5762698893382779
CASE0028_CHUNK_0012,9.76933713386365e-05,0.5762698893382779
CASE0028_CHUNK_0013,9.76933713386365e-05,0.5762698893382779
CASE0028_CHUNK_0014,9.76933713386365e-05,0.5762698893382779
CASE0028_CHUNK_0015,9.76933713386365e-05,0.5762698893382779
CASE0028_CHUNK_0016,9.76933713386365e-05,0.5762698893382779
CASE0028_CHUNK_0017,9.76933713386365e-05,0.5762698893382779
CASE0028_CHUNK_0018,9.76933713386365e-05,0.5762698893382779
CASE0028_CHUNK_0019,9.76933713386365e-05,0.5762698893382779
CASE0028_CHUNK_0020,9.76933713386365e-05,0.5762698893382779
CASE0028_CHUNK_0021,9.76933713386365e-05,0.5762698893382779
CASE0028_CHUNK_0022,9.76933713386365e-05,0.5762698893382779
CASE0028_CHUNK_0023,9.76933713386365e-05,0.5762698893382779
CASE0028_CHUNK_0024,9.76933713386365e-05,0.5762698893382779
CASE0028_CHUNK_0025,9.76933713386365e-05,0.5762698893382779
CASE0028_CHUNK_0026,9.76933713386365e-05,0.5762698893382779
CASE0028_CHUNK_0027,9.76933713386365e-05,0.5762698893382779
CASE0028_CHUNK_0028,9.76933713386365e-05,0.5762698893382779
CASE0028_CHUNK_0029,9.76933713386365e-05,0.5762698893382779
CASE0028_CHUNK_0030,9.76933713386365e-05,0.5762698893382779
CASE0028_CHUNK_0031,9.76933713386365e-05,0.5762698893382779
CASE0028_CHUNK_0032,9.76933713386365e-05,0.5762698893382779
CASE0028_CHUNK_0033,9.76933713386365e-05,0.5762698893382779
CASE0028_CHUNK_0034,9.76933713386365e-05,0.5762698893382779
CASE0028_CHUNK_0035,9.76933713386365e-05,0.5762698893382779
CASE0028_CHUNK_0036,9.76933713386365e-05,0.5762698893382779
CASE0028_CHUNK_0037,9.76933713386365e-05,0.5762698893382779
CASE0028_CHUNK_0038,9.76933713386365e-05,0.5762698893382779
CASE0028_CHUNK_0039,9.76933713386365e-05,0.5762698893382779
CASE0028_CHUNK_0040,9.76933713386365e-05,0.5762698893382779
CASE0028_CHUNK_0041,9.76933713386365e-05,0.5762698893382779
CASE0028_CHUNK_0042,9.76933713386365e-05,0.5762698893382779
CASE0028_CHUNK_0043,9.76933713386365e-05,0.5762698893382779
CASE0028_CHUNK_0044,9.76933713386365e-05,0.5762698893382779
CASE0028_CHUNK_0045,9.76933713386365e-05,0.5762698893382779
CASE0028_CHUNK_0046,9.76933713386365e-05,0.5762698893382779
CASE0028_CHUNK_0047,9.76933713386365e-05,0.5762698893382779
CASE0028_CHUNK_0048,9.76933713386365e-05,0.5762698893382779
CASE0028_CHUNK_0049,9.76933713386365e-05,0.5762698893382779
CASE0028_CHUNK_0050,9.76933713386365e-05,0.5762698893382779
CASE0028_CHUNK_0051,9.76933713386365e-05,0.5762698893382779
CASE0028_CHUNK_0052,9.76933713386365e-05,0.5762698893382779
CASE0028_CHUNK_0053,9.76933713386365e-05,0.5762698893382779
CASE0028_CHUNK_0054,9.76933713386365e-05,0.5762698893382779
CASE0028_CHUNK_0055,9.76933713386365e-05,0.5762698893382779
CASE0028_CHUNK_0056,9.76933713386365e-05,0.5762698893382779
CASE0028_CHUNK_0057,9.76933713386365e-05,0.5762698893382779
CASE0028_CHUNK_0058,9.76933713386365e-05,0.5762698893382779
CASE0028_CHUNK_0059,9.76933713386365e-05,0.5762698893382779
CASE0028_CHUNK_0060,9.76933713386365e-05,0.5762698893382779
CASE0028_CHUNK_0061,9.76933713386365e-05,0.5762698893382779
CASE0028_CHUNK_0062,9.76933713386365e-05,0.5762698893382779
CASE0028_CHUNK_0063,9.76933713386365e-05,0.5762698893382779
CASE0028_CHUNK_0064,9.76933713386365e-05,0.5762698893382779
CASE0028_CHUNK_0065,9.76933713386365e-05,0.5762698893382779
CASE0028_CHUNK_0066,9.76933713386365e-05,0.5762698893382779
CASE0028_CHUNK_0067,9.76933713386365e-05,0.5762698893382779
CASE0028_CHUNK_0068,9.76933713386365e-05,0.5762698893382779
CASE0028_CHUNK_0069,9.76933713386365e-05,0.5762698893382779
CASE0028_CHUNK_0070,9.76933713386365e-05,0.5762698893382779
CASE0028_CHUNK_0071,9.76933713386365e-05,0.5762698893382779
CASE0028_CHUNK_0072,9.76933713386365e-05,0.5762698893382779
CASE0028_CHUNK_0073,9.76933713386365e-05,0.5762698893382779
CASE0028_CHUNK_0074,9.76933713386365e-05,0.5762698893382779
CASE0028_CHUNK_0075,9.76933713386365e-05,0.5762698893382779
CASE0028_CHUNK_0076,9.76933713386365e-05,0.5762698893382779
CASE0028_CHUNK_0077,9.76933713386365e-05,0.5762698893382779
CASE0028_CHUNK_0078,9.76933713386365e-05,0.5762698893382779
CASE0028_CHUNK_0079,9.76933713386365e-05,0.5762698893382779
CASE0028_CHUNK_0080,9.76933713386365e-05,0.5762698893382779
CASE0028_CHUNK_0081,9.76933713386365e-05,0.5762698893382779
CASE0028_CHUNK_0082,9.76933713386365e-05,0.5762698893382779
CASE0028_CHUNK_0083,9.76933713386365e-05,0.5762698893382779
CASE0028_CHUNK_0084,9.76933713386365e-05,0.5762698893382779
CASE0028_CHUNK_0085,9.76933713386365e-05,0.5762698893382779
CASE0028_CHUNK_0086,9.76933713386365e-05,0.5762698893382779
CASE0028_CHUNK_0087,9.76933713386365e-05,0.5762698893382779
CASE0028_CHUNK_0088,9.76933713386365e-05,0.5762698893382779
CASE0028_CHUNK_0089,9.76933713386365e-05,0.5762698893382779
CASE0028_CHUNK_0090,9.76933713386365e-05,0.5762698893382779
CASE0028_CHUNK_0091,9.76933713386365e-05,0.5762698893382779
CASE0028_CHUNK_0092,9.76933713386365e-05,0.5762698893382779
CASE0028_CHUNK_0093,9.76933713386365e-05,0.5762698893382779
CASE0028_CHUNK_0094,9.76933713386365e-05,0.5762698893382779
CASE0028_CHUNK_0095,9.76933713386365e-05,0.5762698893382779
CASE0028_CHUNK_0096,9.76933713386365e-05,0.5762698893382779
CASE0028_CHUNK_0097,9.76933713386365e-05,0.5762698893382779
CASE0028_CHUNK_0098,9.76933713386365e-05,0.5762698893382779
CASE0028_CHUNK_0099,9.76933713386365e-05,0.5762698893382779
CASE0028_CHUNK_0100,9.76933713386365e-05,0.5762698893382779
CASE0028_CHUNK_0101,9.76933713386365e-05,0.5762698893382779
CASE0028_CHUNK_0102,9.76933713386365e-05,0.5762698893382779
CASE0028_CHUNK_0103,9.76933713386365e-05,0.5762698893382779
CASE0028_CHUNK_0104,9.76933713386365e-05,0.5762698893382779
CASE0028_CHUNK_0105,9.76933713386365e-05,0.5762698893382779
CASE0028_CHUNK_0106,9.76933713386365e-05,0.5762698893382779
CASE0028_CHUNK_0107,9.76933713386365e-05,0.5762698893382779
CASE0028_CHUNK_0108,9.76933713386365e-05,0.5762698893382779
CASE0028_CHUNK_0109,9.76933713386365e-05,0.5762698893382779
CASE0028_CHUNK_0110,9.76933713386365e-05,0.5762698893382779
CASE0028_CHUNK_0111,9.76933713386365e-05,0.5762698893382779
CASE0028_CHUNK_0112,9.76933713386365e-05,0.5762698893382779
CASE0028_CHUNK_0113,9.76933713386365e-05,0.5762698893382779
CASE0028_CHUNK_0114,9.76933713386365e-05,0.5762698893382779
CASE0028_CHUNK_0115,9.76933713386365e-05,0.5762698893382779
CASE0028_CHUNK_0116,9.76933713386365e-05,0.5762698893382779
CASE0028_CHUNK_0117,9.76933713386365e-05,0.5762698893382779
CASE0028_CHUNK_0118,9.76933713386365e-05,0.5762698893382779
CASE0028_CHUNK_0119,9.76933713386365e-05,0.5762698893382779
CASE0028_CHUNK_0120,9.76933713386365e-05,0.5762698893382779
CASE0028_CHUNK_0121,9.76933713386365e-05,0.5762698893382779
CASE0028_CHUNK_0122,9.76933713386365e-05,0.5762698893382779
CASE0028_CHUNK_0123,9.76933713386365e-05,0.5762698893382779
CASE0028_CHUNK_0124,9.76933713386365e-05,0.5762698893382779
CASE0028_CHUNK_0125,9.76933713386365e-05,0.5762698893382779
CASE0028_CHUNK_0126,9.76933713386365e-05,0.5762698893382779
CASE0028_CHUNK_0127,9.76933713386365e-05,0.5762698893382779
CASE0028_CHUNK_0128,9.76933713386365e-05,0.5762698893382779
CASE0028_CHUNK_0129,9.76933713386365e-05,0.5762698893382779
CASE0028_CHUNK_0130,9.76933713386365e-05,0.5762698893382779
CASE0028_CHUNK_0131,9.76933713386365e-05,0.5762698893382779
CASE0028_CHUNK_0132,9.76933713386365e-05,0.5762698893382779
CASE0028_CHUNK_0133,9.76933713386365e-05,0.5762698893382779
CASE0028_CHUNK_0134,9.76933713386365e-05,0.5762698893382779
CASE0028_CHUNK_0135,9.76933713386365e-05,0.5762698893382779
CASE0028_CHUNK_0136,9.76933713386365e-05,0.5762698893382779
CASE0028_CHUNK_0137,9.76933713386365e-05,0.5762698893382779
CASE0028_CHUNK_0138,9.76933713386365e-05,0.5762698893382779
CASE0028_CHUNK_0139,9.76933713386365e-05,0.5762698893382779
CASE0028_CHUNK_0140,9.76933713386365e-05,0.5762698893382779
CASE0028_CHUNK_0141,9.76933713386365e-05,0.5762698893382779
CASE0028_CHUNK_0142,9.76933713386365e-05,0.5762698893382779
CASE0028_CHUNK_0143,9.76933713386365e-05,0.5762698893382779
CASE0028_CHUNK_0144,9.76933713386365e-05,0.5762698893382779
CASE0028_CHUNK_0145,9.76933713386365e-05,0.5762698893382779
CASE0028_CHUNK_0146,9.76933713386365e-05,0.5762698893382779
CASE0028_CHUNK_0147,9.76933713386365e-05,0.5762698893382779
CASE0028_CHUNK_0148,9.76933713386365e-05,0.5762698893382779
CASE0028_CHUNK_0149,9.76933713386365e-05,0.5762698893382779
CASE0028_CHUNK_0150,9.76933713386365e-05,0.5762698893382779
CASE0028_CHUNK_0151,9.76933713386365e-05,0.5762698893382779
CASE0028_CHUNK_0152,9.76933713386365e-05,0.5762698893382779
CASE0028_CHUNK_0153,9.76933713386365e-05,0.5762698893382779
CASE0028_CHUNK_0154,9.76933713386365e-05,0.5762698893382779
CASE0028_CHUNK_0155,9.76933713386365e-05,0.5762698893382779
CASE0028_CHUNK_0156,9.76933713386365e-05,0.5762698893382779
CASE0028_CHUNK_0157,9.76933713386365e-05,0.5762698893382779
CASE0028_CHUNK_0158,9.76933713386365e-05,0.5762698893382779
CASE0028_CHUNK_0159,9.76933713386365e-05,0.5762698893382779
CASE0028_CHUNK_0160,9.76933713386365e-05,0.5762698893382779
CASE0028_CHUNK_0161,9.76933713386365e-05,0.5762698893382779
CASE0028_CHUNK_0162,9.76933713386365e-05,0.5762698893382779
CASE0028_CHUNK_0163,9.76933713386365e-05,0.5762698893382779
CASE0028_CHUNK_0164,9.76933713386365e-05,0.5762698893382779
CASE0028_CHUNK_0165,9.76933713386365e-05,0.5762698893382779
CASE0028_CHUNK_0166,9.76933713386365e-05,0.5762698893382779
CASE0028_CHUNK_0167,9.76933713386365e-05,0.5762698893382779
CASE0028_CHUNK_0168,9.76933713386365e-05,0.5762698893382779
CASE0028_CHUNK_0169,9.76933713386365e-05,0.5762698893382779
CASE0028_CHUNK_0170,9.76933713386365e-05,0.5762698893382779
CASE0028_CHUNK_0171,9.76933713386365e-05,0.5762698893382779
CASE0028_CHUNK_0172,9.76933713386365e-05,0.5762698893382779
CASE0029_CHUNK_0001,2.165529233657579e-05,0.02473801514062376
CASE0029_CHUNK_0002,2.165529233657579e-05,0.02473801514062376
CASE0029_CHUNK_0003,2.165529233657579e-05,0.02473801514062376
CASE0029_CHUNK_0004,2.165529233657579e-05,0.02473801514062376
CASE0030_CHUNK_0001,9.951167340340746e-05,0.5894586962992404
CASE0030_CHUNK_0002,9.951167340340746e-05,0.5894586962992404
CASE0030_CHUNK_0003,9.951167340340746e-05,0.5894586962992404
CASE0030_CHUNK_0004,9.951167340340746e-05,0.5894586962992404
CASE0030_CHUNK_0005,9.951167340340746e-05,0.5894586962992404
CASE0030_CHUNK_0006,9.951167340340746e-05,0.5894586962992404
CASE0030_CHUNK_0007,9.951167340340746e-05,0.5894586962992404
CASE0030_CHUNK_0008,9.951167340340746e-05,0.5894586962992404
CASE0030_CHUNK_0009,9.951167340340746e-05,0.5894586962992404
CASE0030_CHUNK_0010,9.951167340340746e-05,0.5894586962992404
CASE0030_CHUNK_0011,9.951167340340746e-05,0.5894586962992404
CASE0030_CHUNK_0012,9.951167340340746e-05,0.5894586962992404
CASE0030_CHUNK_0013,9.951167340340746e-05,0.5894586962992404
CASE0030_CHUNK_0014,9.951167340340746e-05,0.5894586962992404
CASE0030_CHUNK_0015,9.951167340340746e-05,0.5894586962992404
CASE0030_CHUNK_0016,9.951167340340746e-05,0.5894586962992404
CASE0030_CHUNK_0017,9.951167340340746e-05,0.5894586962992404
CASE0030_CHUNK_0018,9.951167340340746e-05,0.5894586962992404
CASE0030_CHUNK_0019,9.951167340340746e-05,0.5894586962992404
CASE0030_CHUNK_0020,9.951167340340746e-05,0.5894586962992404
CASE0031_CHUNK_0001,1.9782241092684785e-05,0.011152092448081038
CASE0031_CHUNK_0002,1.9782241092684785e-05,0.011152092448081038
CASE0031_CHUNK_0003,1.9782241092684785e-05,0.011152092448081038
CASE0031_CHUNK_0004,1.9782241092684785e-05,0.011152092448081038
CASE0031_CHUNK_0005,1.9782241092684785e-05,0.011152092448081038
CASE0031_CHUNK_0006,1.9782241092684785e-05,0.011152092448081038
CASE0031_CHUNK_0007,1.9782241092684785e-05,0.011152092448081038
CASE0032_CHUNK_0001,1.8244734873594398e-05,0.0
CASE0033_CHUNK_0001,0.00014183705715114326,0.896460116257404
CASE0033_CHUNK_0002,0.00014183705715114326,0.896460116257404
CASE0033_CHUNK_0003,0.00014183705715114326,0.896460116257404
CASE0033_CHUNK_0004,0.00014183705715114326,0.896460116257404
CASE0033_CHUNK_0005,0.00014183705715114326,0.896460116257404
CASE0033_CHUNK_0006,0.00014183705715114326,0.896460116257404
CASE0033_CHUNK_0007,0.00014183705715114326,0.896460116257404
CASE0033_CHUNK_0008,0.00014183705715114326,0.896460116257404
CASE0033_CHUNK_0009,0.00014183705715114326,0.896460116257404
CASE0033_CHUNK_0010,0.00014183705715114326,0.896460116257404
CASE0033_CHUNK_0011,0.00014183705715114326,0.896460116257404
CASE0033_CHUNK_0012,0.00014183705715114326,0.896460116257404
CASE0034_CHUNK_0001,4.779314391542883e-05,0.21432537002887977
CASE0034_CHUNK_0002,4.779314391542883e-05,0.21432537002887977
CASE0034_CHUNK_0003,4.779314391542883e-05,0.21432537002887977
CASE0034_CHUNK_0004,4.779314391542883e-05,0.21432537002887977
CASE0034_CHUNK_0005,4.779314391542883e-05,0.21432537002887977
CASE0034_CHUNK_0006,4.779314391542883e-05,0.21432537002887977
CASE0034_CHUNK_0007,4.779314391542883e-05,0.21432537002887977
CASE0034_CHUNK_0008,4.779314391542883e-05,0.21432537002887977
CASE0034_CHUNK_0009,4.779314391542883e-05,0.21432537002887977
CASE0034_CHUNK_0010,4.779314391542883e-05,0.21432537002887977
CASE0034_CHUNK_0011,4.779314391542883e-05,0.21432537002887977
CASE0034_CHUNK_0012,4.779314391542883e-05,0.21432537002887977
CASE0034_CHUNK_0013,4.779314391542883e-05,0.21432537002887977
CASE0034_CHUNK_0014,4.779314391542883e-05,0.21432537002887977
CASE0034_CHUNK_0015,4.779314391542883e-05,0.21432537002887977
CASE0034_CHUNK_0016,4.779314391542883e-05,0.21432537002887977
CASE0034_CHUNK_0017,4.779314391542883e-05,0.21432537002887977
CASE0034_CHUNK_0018,4.779314391542883e-05,0.21432537002887977
CASE0034_CHUNK_0019,4.779314391542883e-05,0.21432537002887977
CASE0034_CHUNK_0020,4.779314391542883e-05,0.21432537002887977
CASE0034_CHUNK_0021,4.779314391542883e-05,0.21432537002887977
CASE0034_CHUNK_0022,4.779314391542883e-05,0.21432537002887977
CASE0034_CHUNK_0023,4.779314391542883e-05,0.21432537002887977
CASE0034_CHUNK_0024,4.779314391542883e-05,0.21432537002887977
CASE0034_CHUNK_0025,4.779314391542883e-05,0.21432537002887977
CASE0034_CHUNK_0026,4.779314391542883e-05,0.21432537002887977
CASE0034_CHUNK_0027,4.779314391542883e-05,0.21432537002887977
CASE0034_CHUNK_0028,4.779314391542883e-05,0.21432537002887977
CASE0034_CHUNK_0029,4.779314391542883e-05,0.21432537002887977
CASE0034_CHUNK_0030,4.779314391542883e-05,0.21432537002887977
CASE0034_CHUNK_0031,4.779314391542883e-05,0.21432537002887977
CASE0034_CHUNK_0032,4.779314391542883e-05,0.21432537002887977
CASE0034_CHUNK_0033,4.779314391542883e-05,0.21432537002887977
CASE0034_CHUNK_0034,4.779314391542883e-05,0.21432537002887977
CASE0034_CHUNK_0035,4.779314391542883e-05,0.21432537002887977
CASE0034_CHUNK_0036,4.779314391542883e-05,0.21432537002887977
CASE0034_CHUNK_0037,4.779314391542883e-05,0.21432537002887977
CASE0034_CHUNK_0038,4.779314391542883e-05,0.21432537002887977
CASE0034_CHUNK_0039,4.779314391542883e-05,0.21432537002887977
CASE0034_CHUNK_0040,4.779314391542883e-05,0.21432537002887977
CASE0034_CHUNK_0041,4.779314391542883e-05,0.21432537002887977
CASE0034_CHUNK_0042,4.779314391542883e-05,0.21432537002887977
CASE0034_CHUNK_0043,4.779314391542883e-05,0.21432537002887977
CASE0034_CHUNK_0044,4.779314391542883e-05,0.21432537002887977
CASE0034_CHUNK_0045,4.779314391542883e-05,0.21432537002887977
CASE0034_CHUNK_0046,4.779314391542883e-05,0.21432537002887977
CASE0034_CHUNK_0047,4.779314391542883e-05,0.21432537002887977
CASE0034_CHUNK_0048,4.779314391542883e-05,0.21432537002887977
CASE0034_CHUNK_0049,4.779314391542883e-05,0.21432537002887977
CASE0034_CHUNK_0050,4.779314391542883e-05,0.21432537002887977
CASE0034_CHUNK_0051,4.779314391542883e-05,0.21432537002887977
CASE0034_CHUNK_0052,4.779314391542883e-05,0.21432537002887977
CASE0034_CHUNK_0053,4.779314391542883e-05,0.21432537002887977
CASE0034_CHUNK_0054,4.779314391542883e-05,0.21432537002887977
CASE0034_CHUNK_0055,4.779314391542883e-05,0.21432537002887977
CASE0034_CHUNK_0056,4.779314391542883e-05,0.21432537002887977
CASE0034_CHUNK_0057,4.779314391542883e-05,0.21432537002887977
CASE0034_CHUNK_0058,4.779314391542883e-05,0.21432537002887977
CASE0034_CHUNK_0059,4.779314391542883e-05,0.21432537002887977
CASE0034_CHUNK_0060,4.779314391542883e-05,0.21432537002887977
CASE0034_CHUNK_0061,4.779314391542883e-05,0.21432537002887977
CASE0034_CHUNK_0062,4.779314391542883e-05,0.21432537002887977
CASE0034_CHUNK_0063,4.779314391542883e-05,0.21432537002887977
CASE0034_CHUNK_0064,4.779314391542883e-05,0.21432537002887977
CASE0034_CHUNK_0065,4.779314391542883e-05,0.21432537002887977
CASE0035_CHUNK_0001,2.0334705834394295e-05,0.015159320384690417
CASE0035_CHUNK_0002,2.0334705834394295e-05,0.015159320384690417
CASE0035_CHUNK_0003,2.0334705834394295e-05,0.015159320384690417
CASE0035_CHUNK_0004,2.0334705834394295e-05,0.015159320384690417
CASE0035_CHUNK_0005,2.0334705834394295e-05,0.015159320384690417
CASE0035_CHUNK_0006,2.0334705834394295e-05,0.015159320384690417
CASE0035_CHUNK_0007,2.0334705834394295e-05,0.015159320384690417
CASE0035_CHUNK_0008,2.0334705834394295e-05,0.015159320384690417
CASE0036_CHUNK_0001,7.097876607363228e-05,0.3824991299552194
CASE0036_CHUNK_0002,7.097876607363228e-05,0.3824991299552194
CASE0036_CHUNK_0003,7.097876607363228e-05,0.3824991299552194
CASE0036_CHUNK_0004,7.097876607363228e-05,0.3824991299552194
CASE0036_CHUNK_0005,7.097876607363228e-05,0.3824991299552194
CASE0036_CHUNK_0006,7.097876607363228e-05,0.3824991299552194
CASE0036_CHUNK_0007,7.097876607363228e-05,0.3824991299552194
CASE0036_CHUNK_0008,7.097876607363228e-05,0.3824991299552194
CASE0036_CHUNK_0009,7.097876607363228e-05,0.3824991299552194
CASE0036_CHUNK_0010,7.097876607363228e-05,0.3824991299552194
CASE0037_CHUNK_0001,2.517135885632384e-05,0.05024132588822578
CASE0037_CHUNK_0002,2.517135885632384e-05,0.05024132588822578
CASE0037_CHUNK_0003,2.517135885632384e-05,0.05024132588822578
CASE0037_CHUNK_0004,2.517135885632384e-05,0.05024132588822578
CASE0037_CHUNK_0005,2.517135885632384e-05,0.05024132588822578
CASE0037_CHUNK_0006,2.517135885632384e-05,0.05024132588822578
CASE0037_CHUNK_0007,2.517135885632384e-05,0.05024132588822578
CASE0037_CHUNK_0008,2.517135885632384e-05,0.05024132588822578
CASE0037_CHUNK_0009,2.517135885632384e-05,0.05024132588822578
CASE0037_CHUNK_0010,2.517135885632384e-05,0.05024132588822578
CASE0037_CHUNK_0011,2.517135885632384e-05,0.05024132588822578
CASE0037_CHUNK_0012,2.517135885632384e-05,0.05024132588822578
CASE0037_CHUNK_0013,2.517135885632384e-05,0.05024132588822578
CASE0037_CHUNK_0014,2.517135885632384e-05,0.05024132588822578
CASE0037_CHUNK_0015,2.517135885632384e-05,0.05024132588822578
CASE0037_CHUNK_0016,2.517135885632384e-05,0.05024132588822578
CASE0037_CHUNK_0017,2.517135885632384e-05,0.05024132588822578
CASE0037_CHUNK_0018,2.517135885632384e-05,0.05024132588822578
CASE0037_CHUNK_0019,2.517135885632384e-05,0.05024132588822578
CASE0037_CHUNK_0020,2.517135885632384e-05,0.05024132588822578
CASE0037_CHUNK_0021,2.517135885632384e-05,0.05024132588822578
CASE0037_CHUNK_0022,2.517135885632384e-05,0.05024132588822578
CASE0037_CHUNK_0023,2.517135885632384e-05,0.05024132588822578
CASE0037_CHUNK_0024,2.517135885632384e-05,0.05024132588822578
CASE0038_CHUNK_0001,0.00011122453415626602,0.6744163402589879
CASE0038_CHUNK_0002,0.00011122453415626602,0.6744163402589879
CASE0038_CHUNK_0003,0.00011122453415626602,0.6744163402589879
CASE0038_CHUNK_0004,0.00011122453415626602,0.6744163402589879
CASE0038_CHUNK_0005,0.00011122453415626602,0.6744163402589879
CASE0038_CHUNK_0006,0.00011122453415626602,0.6744163402589879
CASE0038_CHUNK_0007,0.00011122453415626602,0.6744163402589879
CASE0038_CHUNK_0008,0.00011122453415626602,0.6744163402589879
CASE0038_CHUNK_0009,0.00011122453415626602,0.6744163402589879
CASE0038_CHUNK_0010,0.00011122453415626602,0.6744163402589879
CASE0038_CHUNK_0011,0.00011122453415626602,0.6744163402589879
CASE0038_CHUNK_0012,0.00011122453415626602,0.6744163402589879
CASE0038_CHUNK_0013,0.00011122453415626602,0.6744163402589879
CASE0038_CHUNK_0014,0.00011122453415626602,0.6744163402589879
CASE0038_CHUNK_0015,0.00011122453415626602,0.6744163402589879
CASE0038_CHUNK_0016,0.00011122453415626602,0.6744163402589879
CASE0038_CHUNK_0017,0.00011122453415626602,0.6744163402589879
CASE0038_CHUNK_0018,0.00011122453415626602,0.6744163402589879
CASE0038_CHUNK_0019,0.00011122453415626602,0.6744163402589879
CASE0038_CHUNK_0020,0.00011122453415626602,0.6744163402589879
CASE0038_CHUNK_0021,0.00011122453415626602,0.6744163402589879
CASE0038_CHUNK_0022,0.00011122453415626602,0.6744163402589879
CASE0038_CHUNK_0023,0.00011122453415626602,0.6744163402589879
CASE0038_CHUNK_0024,0.00011122453415626602,0.6744163402589879
CASE0038_CHUNK_0025,0.00011122453415626602,0.6744163402589879
CASE0038_CHUNK_0026,0.00011122453415626602,0.6744163402589879
CASE0038_CHUNK_0027,0.00011122453415626602,0.6744163402589879
CASE0038_CHUNK_0028,0.00011122453415626602,0.6744163402589879
CASE0038_CHUNK_0029,0.00011122453415626602,0.6744163402589879
CASE0038_CHUNK_0030,0.00011122453415626602,0.6744163402589879
CASE0038_CHUNK_0031,0.00011122453415626602,0.6744163402589879
CASE0038_CHUNK_0032,0.00011122453415626602,0.6744163402589879
CASE0038_CHUNK_0033,0.00011122453415626602,0.6744163402589879
CASE0038_CHUNK_0034,0.00011122453415626602,0.6744163402589879
CASE0038_CHUNK_0035,0.00011122453415626602,0.6744163402589879
CASE0038_CHUNK_0036,0.00011122453415626602,0.6744163402589879
CASE0038_CHUNK_0037,0.00011122453415626602,0.6744163402589879
CASE0038_CHUNK_0038,0.00011122453415626602,0.6744163402589879
CASE0038_CHUNK_0039,0.00011122453415626602,0.6744163402589879
CASE0038_CHUNK_0040,0.00011122453415626602,0.6744163402589879
CASE0038_CHUNK_0041,0.00011122453415626602,0.6744163402589879
CASE0038_CHUNK_0042,0.00011122453415626602,0.6744163402589879
CASE0038_CHUNK_0043,0.00011122453415626602,0.6744163402589879
CASE0038_CHUNK_0044,0.00011122453415626602,0.6744163402589879
CASE0038_CHUNK_0045,0.00011122453415626602,0.6744163402589879
CASE0038_CHUNK_0046,0.00011122453415626602,0.6744163402589879
CASE0038_CHUNK_0047,0.00011122453415626602,0.6744163402589879
CASE0038_CHUNK_0048,0.00011122453415626602,0.6744163402589879
CASE0038_CHUNK_0049,0.00011122453415626602,0.6744163402589879
CASE0038_CHUNK_0050,0.00011122453415626602,0.6744163402589879
CASE0038_CHUNK_0051,0.00011122453415626602,0.6744163402589879
CASE0038_CHUNK_0052,0.00011122453415626602,0.6744163402589879
CASE0038_CHUNK_0053,0.00011122453415626602,0.6744163402589879
CASE0038_CHUNK_0054,0.00011122453415626602,0.6744163402589879
CASE0038_CHUNK_0055,0.00011122453415626602,0.6744163402589879
CASE0038_CHUNK_0056,0.00011122453415626602,0.6744163402589879
CASE0038_CHUNK_0057,0.00011122453415626602,0.6744163402589879
CASE0038_CHUNK_0058,0.00011122453415626602,0.6744163402589879
CASE0038_CHUNK_0059,0.00011122453415626602,0.6744163402589879
CASE0038_CHUNK_0060,0.00011122453415626602,0.6744163402589879
CASE0038_CHUNK_0061,0.00011122453415626602,0.6744163402589879
CASE0038_CHUNK_0062,0.00011122453415626602,0.6744163402589879
CASE0038_CHUNK_0063,0.00011122453415626602,0.6744163402589879
CASE0038_CHUNK_0064,0.00011122453415626602,0.6744163402589879
CASE0039_CHUNK_0001,9.277241853302865e-05,0.5405764268082534
CASE0039_CHUNK_0002,9.277241853302865e-05,0.5405764268082534
CASE0039_CHUNK_0003,9.277241853302865e-05,0.5405764268082534
CASE0039_CHUNK_0004,9.277241853302865e-05,0.5405764268082534
CASE0039_CHUNK_0005,9.277241853302865e-05,0.5405764268082534
CASE0039_CHUNK_0006,9.277241853302865e-05,0.5405764268082534
CASE0039_CHUNK_0007,9.277241853302865e-05,0.5405764268082534
CASE0039_CHUNK_0008,9.277241853302865e-05,0.5405764268082534
CASE0039_CHUNK_0009,9.277241853302865e-05,0.5405764268082534
CASE0039_CHUNK_0010,9.277241853302865e-05,0.5405764268082534
CASE0039_CHUNK_0011,9.277241853302865e-05,0.5405764268082534
CASE0039_CHUNK_0012,9.277241853302865e-05,0.5405764268082534
CASE0039_CHUNK_0013,9.277241853302865e-05,0.5405764268082534
CASE0039_CHUNK_0014,9.277241853302865e-05,0.5405764268082534
CASE0039_CHUNK_0015,9.277241853302865e-05,0.5405764268082534
CASE0039_CHUNK_0016,9.277241853302865e-05,0.5405764268082534
CASE0039_CHUNK_0017,9.277241853302865e-05,0.5405764268082534
CASE0039_CHUNK_0018,9.277241853302865e-05,0.5405764268082534
CASE0039_CHUNK_0019,9.277241853302865e-05,0.5405764268082534
CASE0039_CHUNK_0020,9.277241853302865e-05,0.5405764268082534
CASE0039_CHUNK_0021,9.277241853302865e-05,0.5405764268082534
CASE0039_CHUNK_0022,9.277241853302865e-05,0.5405764268082534
CASE0039_CHUNK_0023,9.277241853302865e-05,0.5405764268082534
CASE0039_CHUNK_0024,9.277241853302865e-05,0.5405764268082534
CASE0039_CHUNK_0025,9.277241853302865e-05,0.5405764268082534
CASE0039_CHUNK_0026,9.277241853302865e-05,0.5405764268082534
CASE0039_CHUNK_0027,9.277241853302865e-05,0.5405764268082534
CASE0039_CHUNK_0028,9.277241853302865e-05,0.5405764268082534
CASE0039_CHUNK_0029,9.277241853302865e-05,0.5405764268082534
CASE0039_CHUNK_0030,9.277241853302865e-05,0.5405764268082534
CASE0039_CHUNK_0031,9.277241853302865e-05,0.5405764268082534
CASE0039_CHUNK_0032,9.277241853302865e-05,0.5405764268082534
CASE0039_CHUNK_0033,9.277241853302865e-05,0.5405764268082534
CASE0039_CHUNK_0034,9.277241853302865e-05,0.5405764268082534
CASE0039_CHUNK_0035,9.277241853302865e-05,0.5405764268082534
CASE0039_CHUNK_0036,9.277241853302865e-05,0.5405764268082534
CASE0039_CHUNK_0037,9.277241853302865e-05,0.5405764268082534
CASE0039_CHUNK_0038,9.277241853302865e-05,0.5405764268082534
CASE0039_CHUNK_0039,9.277241853302865e-05,0.5405764268082534
CASE0039_CHUNK_0040,9.277241853302865e-05,0.5405764268082534
CASE0039_CHUNK_0041,9.277241853302865e-05,0.5405764268082534
CASE0039_CHUNK_0042,9.277241853302865e-05,0.5405764268082534
CASE0039_CHUNK_0043,9.277241853302865e-05,0.5405764268082534
CASE0039_CHUNK_0044,9.277241853302865e-05,0.5405764268082534
CASE0039_CHUNK_0045,9.277241853302865e-05,0.5405764268082534
CASE0039_CHUNK_0046,9.277241853302865e-05,0.5405764268082534
CASE0039_CHUNK_0047,9.277241853302865e-05,0.5405764268082534
CASE0039_CHUNK_0048,9.277241853302865e-05,0.5405764268082534
CASE0039_CHUNK_0049,9.277241853302865e-05,0.5405764268082534
CASE0039_CHUNK_0050,9.277241853302865e-05,0.5405764268082534
CASE0039_CHUNK_0051,9.277241853302865e-05,0.5405764268082534
CASE0039_CHUNK_0052,9.277241853302865e-05,0.5405764268082534
CASE0039_CHUNK_0053,9.277241853302865e-05,0.5405764268082534
CASE0039_CHUNK_0054,9.277241853302865e-05,0.5405764268082534
CASE0039_CHUNK_0055,9.277241853302865e-05,0.5405764268082534
CASE0039_CHUNK_0056,9.277241853302865e-05,0.5405764268082534
CASE0039_CHUNK_0057,9.277241853302865e-05,0.5405764268082534
CASE0039_CHUNK_0058,9.277241853302865e-05,0.5405764268082534
CASE0039_CHUNK_0059,9.277241853302865e-05,0.5405764268082534
CASE0039_CHUNK_0060,9.277241853302865e-05,0.5405764268082534
CASE0039_CHUNK_0061,9.277241853302865e-05,0.5405764268082534
CASE0039_CHUNK_0062,9.277241853302865e-05,0.5405764268082534
CASE0039_CHUNK_0063,9.277241853302865e-05,0.5405764268082534
CASE0039_CHUNK_0064,9.277241853302865e-05,0.5405764268082534
CASE0039_CHUNK_0065,9.277241853302865e-05,0.5405764268082534
CASE0039_CHUNK_0066,9.277241853302865e-05,0.5405764268082534
CASE0039_CHUNK_0067,9.277241853302865e-05,0.5405764268082534
CASE0039_CHUNK_0068,9.277241853302865e-05,0.5405764268082534
CASE0039_CHUNK_0069,9.277241853302865e-05,0.5405764268082534
CASE0039_CHUNK_0070,9.277241853302865e-05,0.5405764268082534
CASE0039_CHUNK_0071,9.277241853302865e-05,0.5405764268082534
CASE0039_CHUNK_0072,9.277241853302865e-05,0.5405764268082534
CASE0039_CHUNK_0073,9.277241853302865e-05,0.5405764268082534
CASE0039_CHUNK_0074,9.277241853302865e-05,0.5405764268082534
CASE0039_CHUNK_0075,9.277241853302865e-05,0.5405764268082534
CASE0039_CHUNK_0076,9.277241853302865e-05,0.5405764268082534
CASE0039_CHUNK_0077,9.277241853302865e-05,0.5405764268082534
CASE0039_CHUNK_0078,9.277241853302865e-05,0.5405764268082534
CASE0039_CHUNK_0079,9.277241853302865e-05,0.5405764268082534
CASE0039_CHUNK_0080,9.277241853302865e-05,0.5405764268082534
CASE0039_CHUNK_0081,9.277241853302865e-05,0.5405764268082534
CASE0039_CHUNK_0082,9.277241853302865e-05,0.5405764268082534
CASE0039_CHUNK_0083,9.277241853302865e-05,0.5405764268082534
CASE0039_CHUNK_0084,9.277241853302865e-05,0.5405764268082534
CASE0039_CHUNK_0085,9.277241853302865e-05,0.5405764268082534
CASE0039_CHUNK_0086,9.277241853302865e-05,0.5405764268082534
CASE0039_CHUNK_0087,9.277241853302865e-05,0.5405764268082534
CASE0039_CHUNK_0088,9.277241853302865e-05,0.5405764268082534
CASE0039_CHUNK_0089,9.277241853302865e-05,0.5405764268082534
CASE0039_CHUNK_0090,9.277241853302865e-05,0.5405764268082534
CASE0039_CHUNK_0091,9.277241853302865e-05,0.5405764268082534
CASE0039_CHUNK_0092,9.277241853302865e-05,0.5405764268082534
CASE0039_CHUNK_0093,9.277241853302865e-05,0.5405764268082534
CASE0039_CHUNK_0094,9.277241853302865e-05,0.5405764268082534
CASE0039_CHUNK_0095,9.277241853302865e-05,0.5405764268082534
CASE0039_CHUNK_0096,9.277241853302865e-05,0.5405764268082534
CASE0039_CHUNK_0097,9.277241853302865e-05,0.5405764268082534
CASE0039_CHUNK_0098,9.277241853302865e-05,0.5405764268082534
CASE0039_CHUNK_0099,9.277241853302865e-05,0.5405764268082534
CASE0039_CHUNK_0100,9.277241853302865e-05,0.5405764268082534
CASE0039_CHUNK_0101,9.277241853302865e-05,0.5405764268082534
CASE0039_CHUNK_0102,9.277241853302865e-05,0.5405764268082534
CASE0039_CHUNK_0103,9.277241853302865e-05,0.5405764268082534
CASE0039_CHUNK_0104,9.277241853302865e-05,0.5405764268082534
CASE0039_CHUNK_0105,9.277241853302865e-05,0.5405764268082534
CASE0039_CHUNK_0106,9.277241853302865e-05,0.5405764268082534
CASE0039_CHUNK_0107,9.277241853302865e-05,0.5405764268082534
CASE0039_CHUNK_0108,9.277241853302865e-05,0.5405764268082534
CASE0039_CHUNK_0109,9.277241853302865e-05,0.5405764268082534
CASE0039_CHUNK_0110,9.277241853302865e-05,0.5405764268082534
CASE0039_CHUNK_0111,9.277241853302865e-05,0.5405764268082534
CASE0039_CHUNK_0112,9.277241853302865e-05,0.5405764268082534
CASE0039_CHUNK_0113,9.277241853302865e-05,0.5405764268082534
CASE0039_CHUNK_0114,9.277241853302865e-05,0.5405764268082534
CASE0039_CHUNK_0115,9.277241853302865e-05,0.5405764268082534
CASE0039_CHUNK_0116,9.277241853302865e-05,0.5405764268082534
CASE0039_CHUNK_0117,9.277241853302865e-05,0.5405764268082534
CASE0039_CHUNK_0118,9.277241853302865e-05,0.5405764268082534
CASE0039_CHUNK_0119,9.277241853302865e-05,0.5405764268082534
CASE0039_CHUNK_0120,9.277241853302865e-05,0.5405764268082534
CASE0039_CHUNK_0121,9.277241853302865e-05,0.5405764268082534
CASE0039_CHUNK_0122,9.277241853302865e-05,0.5405764268082534
CASE0039_CHUNK_0123,9.277241853302865e-05,0.5405764268082534
CASE0039_CHUNK_0124,9.277241853302865e-05,0.5405764268082534
CASE0039_CHUNK_0125,9.277241853302865e-05,0.5405764268082534
CASE0039_CHUNK_0126,9.277241853302865e-05,0.5405764268082534
CASE0039_CHUNK_0127,9.277241853302865e-05,0.5405764268082534
CASE0040_CHUNK_0001,1.8244734873594398e-05,0.0
CASE0040_CHUNK_0002,1.8244734873594398e-05,0.0
CASE0040_CHUNK_0003,1.8244734873594398e-05,0.0
CASE0040_CHUNK_0004,1.8244734873594398e-05,0.0
CASE0041_CHUNK_0001,5.1968980425756464e-05,0.2446142327554299
CASE0041_CHUNK_0002,5.1968980425756464e-05,0.2446142327554299
CASE0041_CHUNK_0003,5.1968980425756464e-05,0.2446142327554299
CASE0041_CHUNK_0004,5.1968980425756464e-05,0.2446142327554299
CASE0041_CHUNK_0005,5.1968980425756464e-05,0.2446142327554299
CASE0041_CHUNK_0006,5.1968980425756464e-05,0.2446142327554299
CASE0041_CHUNK_0007,5.1968980425756464e-05,0.2446142327554299
CASE0041_CHUNK_0008,5.1968980425756464e-05,0.2446142327554299
CASE0041_CHUNK_0009,5.1968980425756464e-05,0.2446142327554299
CASE0041_CHUNK_0010,5.1968980425756464e-05,0.2446142327554299
CASE0041_CHUNK_0011,5.1968980425756464e-05,0.2446142327554299
CASE0041_CHUNK_0012,5.1968980425756464e-05,0.2446142327554299
CASE0042_CHUNK_0001,7.218941134837575e-05,0.3912803809564409
CASE0042_CHUNK_0002,7.218941134837575e-05,0.3912803809564409
CASE0042_CHUNK_0003,7.218941134837575e-05,0.3912803809564409
CASE0042_CHUNK_0004,7.218941134837575e-05,0.3912803809564409
CASE0042_CHUNK_0005,7.218941134837575e-05,0.3912803809564409
CASE0042_CHUNK_0006,7.218941134837575e-05,0.3912803809564409
CASE0042_CHUNK_0007,7.218941134837575e-05,0.3912803809564409
CASE0042_CHUNK_0008,7.218941134837575e-05,0.3912803809564409
CASE0042_CHUNK_0009,7.218941134837575e-05,0.3912803809564409
CASE0042_CHUNK_0010,7.218941134837575e-05,0.3912803809564409
CASE0042_CHUNK_0011,7.218941134837575e-05,0.3912803809564409
CASE0042_CHUNK_0012,7.218941134837575e-05,0.3912803809564409
CASE0042_CHUNK_0013,7.218941134837575e-05,0.3912803809564409
CASE0042_CHUNK_0014,7.218941134837575e-05,0.3912803809564409
CASE0042_CHUNK_0015,7.218941134837575e-05,0.3912803809564409
CASE0042_CHUNK_0016,7.218941134837575e-05,0.3912803809564409
CASE0042_CHUNK_0017,7.218941134837575e-05,0.3912803809564409
CASE0042_CHUNK_0018,7.218941134837575e-05,0.3912803809564409
CASE0042_CHUNK_0019,7.218941134837575e-05,0.3912803809564409
CASE0042_CHUNK_0020,7.218941134837575e-05,0.3912803809564409
CASE0042_CHUNK_0021,7.218941134837575e-05,0.3912803809564409
CASE0042_CHUNK_0022,7.218941134837575e-05,0.3912803809564409
CASE0042_CHUNK_0023,7.218941134837575e-05,0.3912803809564409
CASE0043_CHUNK_0001,0.0001561117957051119,0.9999999927466359
CASE0043_CHUNK_0002,0.0001561117957051119,0.9999999927466359
CASE0043_CHUNK_0003,0.0001561117957051119,0.9999999927466359
CASE0043_CHUNK_0004,0.0001561117957051119,0.9999999927466359
CASE0043_CHUNK_0005,0.0001561117957051119,0.9999999927466359
CASE0043_CHUNK_0006,0.0001561117957051119,0.9999999927466359
CASE0043_CHUNK_0007,0.0001561117957051119,0.9999999927466359
CASE0043_CHUNK_0008,0.0001561117957051119,0.9999999927466359
CASE0043_CHUNK_0009,0.0001561117957051119,0.9999999927466359
CASE0043_CHUNK_0010,0.0001561117957051119,0.9999999927466359
CASE0043_CHUNK_0011,0.0001561117957051119,0.9999999927466359
CASE0043_CHUNK_0012,0.0001561117957051119,0.9999999927466359
CASE0043_CHUNK_0013,0.0001561117957051119,0.9999999927466359
CASE0043_CHUNK_0014,0.0001561117957051119,0.9999999927466359
CASE0043_CHUNK_0015,0.0001561117957051119,0.9999999927466359
CASE0043_CHUNK_0016,0.0001561117957051119,0.9999999927466359
CASE0043_CHUNK_0017,0.0001561117957051119,0.9999999927466359
CASE0043_CHUNK_0018,0.0001561117957051119,0.9999999927466359
CASE0043_CHUNK_0019,0.0001561117957051119,0.9999999927466359
CASE0043_CHUNK_0020,0.0001561117957051119,0.9999999927466359
CASE0043_CHUNK_0021,0.0001561117957051119,0.9999999927466359
CASE0043_CHUNK_0022,0.0001561117957051119,0.9999999927466359
CASE0043_CHUNK_0023,0.0001561117957051119,0.9999999927466359
CASE0043_CHUNK_0024,0.0001561117957051119,0.9999999927466359
CASE0043_CHUNK_0025,0.0001561117957051119,0.9999999927466359
CASE0043_CHUNK_0026,0.0001561117957051119,0.9999999927466359
CASE0043_CHUNK_0027,0.0001561117957051119,0.9999999927466359
CASE0043_CHUNK_0028,0.0001561117957051119,0.9999999927466359
CASE0043_CHUNK_0029,0.0001561117957051119,0.9999999927466359
CASE0043_CHUNK_0030,0.0001561117957051119,0.9999999927466359
CASE0043_CHUNK_0031,0.0001561117957051119,0.9999999927466359
CASE0043_CHUNK_0032,0.0001561117957051119,0.9999999927466359
CASE0043_CHUNK_0033,0.0001561117957051119,0.9999999927466359
CASE0043_CHUNK_0034,0.0001561117957051119,0.9999999927466359
CASE0043_CHUNK_0035,0.0001561117957051119,0.9999999927466359
CASE0043_CHUNK_0036,0.0001561117957051119,0.9999999927466359
CASE0043_CHUNK_0037,0.0001561117957051119,0.9999999927466359
CASE0043_CHUNK_0038,0.0001561117957051119,0.9999999927466359
CASE0043_CHUNK_0039,0.0001561117957051119,0.9999999927466359
CASE0043_CHUNK_0040,0.0001561117957051119,0.9999999927466359
CASE0043_CHUNK_0041,0.0001561117957051119,0.9999999927466359
CASE0043_CHUNK_0042,0.0001561117957051119,0.9999999927466359
CASE0043_CHUNK_0043,0.0001561117957051119,0.9999999927466359
CASE0043_CHUNK_0044,0.0001561117957051119,0.9999999927466359
CASE0043_CHUNK_0045,0.0001561117957051119,0.9999999927466359
CASE0043_CHUNK_0046,0.0001561117957051119,0.9999999927466359
CASE0043_CHUNK_0047,0.0001561117957051119,0.9999999927466359
CASE0043_CHUNK_0048,0.0001561117957051119,0.9999999927466359
CASE0043_CHUNK_0049,0.0001561117957051119,0.9999999927466359
CASE0043_CHUNK_0050,0.0001561117957051119,0.9999999927466359
CASE0043_CHUNK_0051,0.0001561117957051119,0.9999999927466359
CASE0043_CHUNK_0052,0.0001561117957051119,0.9999999927466359
CASE0043_CHUNK_0053,0.0001561117957051119,0.9999999927466359
CASE0043_CHUNK_0054,0.0001561117957051119,0.9999999927466359
CASE0043_CHUNK_0055,0.0001561117957051119,0.9999999927466359
CASE0043_CHUNK_0056,0.0001561117957051119,0.9999999927466359
CASE0043_CHUNK_0057,0.0001561117957051119,0.9999999927466359
CASE0043_CHUNK_0058,0.0001561117957051119,0.9999999927466359
CASE0043_CHUNK_0059,0.0001561117957051119,0.9999999927466359
CASE0043_CHUNK_0060,0.0001561117957051119,0.9999999927466359
CASE0043_CHUNK_0061,0.0001561117957051119,0.9999999927466359
CASE0043_CHUNK_0062,0.0001561117957051119,0.9999999927466359
CASE0043_CHUNK_0063,0.0001561117957051119,0.9999999927466359
CASE0043_CHUNK_0064,0.0001561117957051119,0.9999999927466359
CASE0043_CHUNK_0065,0.0001561117957051119,0.9999999927466359
CASE0043_CHUNK_0066,0.0001561117957051119,0.9999999927466359
CASE0043_CHUNK_0067,0.0001561117957051119,0.9999999927466359
CASE0043_CHUNK_0068,0.0001561117957051119,0.9999999927466359
CASE0043_CHUNK_0069,0.0001561117957051119,0.9999999927466359
CASE0043_CHUNK_0070,0.0001561117957051119,0.9999999927466359
CASE0043_CHUNK_0071,0.0001561117957051119,0.9999999927466359
CASE0043_CHUNK_0072,0.0001561117957051119,0.9999999927466359
CASE0043_CHUNK_0073,0.0001561117957051119,0.9999999927466359
CASE0043_CHUNK_0074,0.0001561117957051119,0.9999999927466359
CASE0043_CHUNK_0075,0.0001561117957051119,0.9999999927466359
CASE0043_CHUNK_0076,0.0001561117957051119,0.9999999927466359
CASE0043_CHUNK_0077,0.0001561117957051119,0.9999999927466359
CASE0043_CHUNK_0078,0.0001561117957051119,0.9999999927466359
CASE0043_CHUNK_0079,0.0001561117957051119,0.9999999927466359
CASE0043_CHUNK_0080,0.0001561117957051119,0.9999999927466359
CASE0043_CHUNK_0081,0.0001561117957051119,0.9999999927466359
CASE0043_CHUNK_0082,0.0001561117957051119,0.9999999927466359
CASE0043_CHUNK_0083,0.0001561117957051119,0.9999999927466359
CASE0043_CHUNK_0084,0.0001561117957051119,0.9999999927466359
CASE0043_CHUNK_0085,0.0001561117957051119,0.9999999927466359
CASE0043_CHUNK_0086,0.0001561117957051119,0.9999999927466359
CASE0043_CHUNK_0087,0.0001561117957051119,0.9999999927466359
CASE0043_CHUNK_0088,0.0001561117957051119,0.9999999927466359
CASE0043_CHUNK_0089,0.0001561117957051119,0.9999999927466359
CASE0043_CHUNK_0090,0.0001561117957051119,0.9999999927466359
CASE0043_CHUNK_0091,0.0001561117957051119,0.9999999927466359
CASE0043_CHUNK_0092,0.0001561117957051119,0.9999999927466359
CASE0043_CHUNK_0093,0.0001561117957051119,0.9999999927466359
CASE0043_CHUNK_0094,0.0001561117957051119,0.9999999927466359
CASE0043_CHUNK_0095,0.0001561117957051119,0.9999999927466359
CASE0043_CHUNK_0096,0.0001561117957051119,0.9999999927466359
CASE0043_CHUNK_0097,0.0001561117957051119,0.9999999927466359
CASE0043_CHUNK_0098,0.0001561117957051119,0.9999999927466359
CASE0043_CHUNK_0099,0.0001561117957051119,0.9999999927466359
CASE0043_CHUNK_0100,0.0001561117957051119,0.9999999927466359
CASE0043_CHUNK_0101,0.0001561117957051119,0.9999999927466359
CASE0043_CHUNK_0102,0.0001561117957051119,0.9999999927466359
CASE0043_CHUNK_0103,0.0001561117957051119,0.9999999927466359
CASE0043_CHUNK_0104,0.0001561117957051119,0.9999999927466359
CASE0043_CHUNK_0105,0.0001561117957051119,0.9999999927466359
CASE0043_CHUNK_0106,0.0001561117957051119,0.9999999927466359
CASE0043_CHUNK_0107,0.0001561117957051119,0.9999999927466359
CASE0043_CHUNK_0108,0.0001561117957051119,0.9999999927466359
CASE0043_CHUNK_0109,0.0001561117957051119,0.9999999927466359
CASE0043_CHUNK_0110,0.0001561117957051119,0.9999999927466359
CASE0043_CHUNK_0111,0.0001561117957051119,0.9999999927466359
CASE0043_CHUNK_0112,0.0001561117957051119,0.9999999927466359
CASE0043_CHUNK_0113,0.0001561117957051119,0.9999999927466359
CASE0043_CHUNK_0114,0.0001561117957051119,0.9999999927466359
CASE0043_CHUNK_0115,0.0001561117957051119,0.9999999927466359
CASE0043_CHUNK_0116,0.0001561117957051119,0.9999999927466359
CASE0043_CHUNK_0117,0.0001561117957051119,0.9999999927466359
CASE0043_CHUNK_0118,0.0001561117957051119,0.9999999927466359
CASE0043_CHUNK_0119,0.0001561117957051119,0.9999999927466359
CASE0043_CHUNK_0120,0.0001561117957051119,0.9999999927466359
CASE0043_CHUNK_0121,0.0001561117957051119,0.9999999927466359
CASE0043_CHUNK_0122,0.0001561117957051119,0.9999999927466359
CASE0043_CHUNK_0123,0.0001561117957051119,0.9999999927466359
CASE0043_CHUNK_0124,0.0001561117957051119,0.9999999927466359
CASE0043_CHUNK_0125,0.0001561117957051119,0.9999999927466359
CASE0043_CHUNK_0126,0.0001561117957051119,0.9999999927466359
CASE0043_CHUNK_0127,0.0001561117957051119,0.9999999927466359
CASE0043_CHUNK_0128,0.0001561117957051119,0.9999999927466359
CASE0043_CHUNK_0129,0.0001561117957051119,0.9999999927466359
CASE0043_CHUNK_0130,0.0001561117957051119,0.9999999927466359
CASE0043_CHUNK_0131,0.0001561117957051119,0.9999999927466359
CASE0043_CHUNK_0132,0.0001561117957051119,0.9999999927466359
CASE0043_CHUNK_0133,0.0001561117957051119,0.9999999927466359
CASE0043_CHUNK_0134,0.0001561117957051119,0.9999999927466359
CASE0043_CHUNK_0135,0.0001561117957051119,0.9999999927466359
CASE0043_CHUNK_0136,0.0001561117957051119,0.9999999927466359
CASE0043_CHUNK_0137,0.0001561117957051119,0.9999999927466359
CASE0043_CHUNK_0138,0.0001561117957051119,0.9999999927466359
CASE0043_CHUNK_0139,0.0001561117957051119,0.9999999927466359
CASE0043_CHUNK_0140,0.0001561117957051119,0.9999999927466359
CASE0043_CHUNK_0141,0.0001561117957051119,0.9999999927466359
CASE0043_CHUNK_0142,0.0001561117957051119,0.9999999927466359
CASE0043_CHUNK_0143,0.0001561117957051119,0.9999999927466359
CASE0043_CHUNK_0144,0.0001561117957051119,0.9999999927466359
CASE0043_CHUNK_0145,0.0001561117957051119,0.9999999927466359
CASE0043_CHUNK_0146,0.0001561117957051119,0.9999999927466359
CASE0043_CHUNK_0147,0.0001561117957051119,0.9999999927466359
CASE0043_CHUNK_0148,0.0001561117957051119,0.9999999927466359
CASE0043_CHUNK_0149,0.0001561117957051119,0.9999999927466359
CASE0043_CHUNK_0150,0.0001561117957051119,0.9999999927466359
CASE0043_CHUNK_0151,0.0001561117957051119,0.9999999927466359
CASE0043_CHUNK_0152,0.0001561117957051119,0.9999999927466359
CASE0043_CHUNK_0153,0.0001561117957051119,0.9999999927466359
CASE0043_CHUNK_0154,0.0001561117957051119,0.9999999927466359
CASE0043_CHUNK_0155,0.0001561117957051119,0.9999999927466359
CASE0043_CHUNK_0156,0.0001561117957051119,0.9999999927466359
CASE0043_CHUNK_0157,0.0001561117957051119,0.9999999927466359
CASE0043_CHUNK_0158,0.0001561117957051119,0.9999999927466359
CASE0043_CHUNK_0159,0.0001561117957051119,0.9999999927466359
CASE0043_CHUNK_0160,0.0001561117957051119,0.9999999927466359
CASE0043_CHUNK_0161,0.0001561117957051119,0.9999999927466359
CASE0043_CHUNK_0162,0.0001561117957051119,0.9999999927466359
CASE0043_CHUNK_0163,0.0001561117957051119,0.9999999927466359
CASE0043_CHUNK_0164,0.0001561117957051119,0.9999999927466359
CASE0043_CHUNK_0165,0.0001561117957051119,0.9999999927466359
CASE0043_CHUNK_0166,0.0001561117957051119,0.9999999927466359
CASE0043_CHUNK_0167,0.0001561117957051119,0.9999999927466359
CASE0043_CHUNK_0168,0.0001561117957051119,0.9999999927466359
CASE0043_CHUNK_0169,0.0001561117957051119,0.9999999927466359
CASE0043_CHUNK_0170,0.0001561117957051119,0.9999999927466359
CASE0043_CHUNK_0171,0.0001561117957051119,0.9999999927466359
CASE0043_CHUNK_0172,0.0001561117957051119,0.9999999927466359
CASE0043_CHUNK_0173,0.0001561117957051119,0.9999999927466359
CASE0043_CHUNK_0174,0.0001561117957051119,0.9999999927466359
CASE0043_CHUNK_0175,0.0001561117957051119,0.9999999927466359
CASE0043_CHUNK_0176,0.0001561117957051119,0.9999999927466359
CASE0043_CHUNK_0177,0.0001561117957051119,0.9999999927466359
CASE0043_CHUNK_0178,0.0001561117957051119,0.9999999927466359
CASE0043_CHUNK_0179,0.0001561117957051119,0.9999999927466359
CASE0043_CHUNK_0180,0.0001561117957051119,0.9999999927466359
CASE0043_CHUNK_0181,0.0001561117957051119,0.9999999927466359
CASE0043_CHUNK_0182,0.0001561117957051119,0.9999999927466359
CASE0043_CHUNK_0183,0.0001561117957051119,0.9999999927466359
CASE0043_CHUNK_0184,0.0001561117957051119,0.9999999927466359
CASE0043_CHUNK_0185,0.0001561117957051119,0.9999999927466359
CASE0043_CHUNK_0186,0.0001561117957051119,0.9999999927466359
CASE0043_CHUNK_0187,0.0001561117957051119,0.9999999927466359
CASE0043_CHUNK_0188,0.0001561117957051119,0.9999999927466359
CASE0043_CHUNK_0189,0.0001561117957051119,0.9999999927466359
CASE0043_CHUNK_0190,0.0001561117957051119,0.9999999927466359
CASE0043_CHUNK_0191,0.0001561117957051119,0.9999999927466359
CASE0043_CHUNK_0192,0.0001561117957051119,0.9999999927466359
CASE0043_CHUNK_0193,0.0001561117957051119,0.9999999927466359
CASE0043_CHUNK_0194,0.0001561117957051119,0.9999999927466359
CASE0043_CHUNK_0195,0.0001561117957051119,0.9999999927466359
CASE0043_CHUNK_0196,0.0001561117957051119,0.9999999927466359
CASE0043_CHUNK_0197,0.0001561117957051119,0.9999999927466359
CASE0043_CHUNK_0198,0.0001561117957051119,0.9999999927466359
CASE0043_CHUNK_0199,0.0001561117957051119,0.9999999927466359
CASE0043_CHUNK_0200,0.0001561117957051119,0.9999999927466359
CASE0043_CHUNK_0201,0.0001561117957051119,0.9999999927466359
CASE0043_CHUNK_0202,0.0001561117957051119,0.9999999927466359
CASE0043_CHUNK_0203,0.0001561117957051119,0.9999999927466359
CASE0043_CHUNK_0204,0.0001561117957051119,0.9999999927466359
CASE0043_CHUNK_0205,0.0001561117957051119,0.9999999927466359
CASE0043_CHUNK_0206,0.0001561117957051119,0.9999999927466359
CASE0043_CHUNK_0207,0.0001561117957051119,0.9999999927466359
CASE0043_CHUNK_0208,0.0001561117957051119,0.9999999927466359
CASE0043_CHUNK_0209,0.0001561117957051119,0.9999999927466359
CASE0043_CHUNK_0210,0.0001561117957051119,0.9999999927466359
CASE0043_CHUNK_0211,0.0001561117957051119,0.9999999927466359
CASE0043_CHUNK_0212,0.0001561117957051119,0.9999999927466359
CASE0043_CHUNK_0213,0.0001561117957051119,0.9999999927466359
CASE0043_CHUNK_0214,0.0001561117957051119,0.9999999927466359
CASE0043_CHUNK_0215,0.0001561117957051119,0.9999999927466359
CASE0043_CHUNK_0216,0.0001561117957051119,0.9999999927466359
CASE0043_CHUNK_0217,0.0001561117957051119,0.9999999927466359
CASE0044_CHUNK_0001,2.0427547670347376e-05,0.015832736026684297
CASE0044_CHUNK_0002,2.0427547670347376e-05,0.015832736026684297
CASE0044_CHUNK_0003,2.0427547670347376e-05,0.015832736026684297
CASE0044_CHUNK_0004,2.0427547670347376e-05,0.015832736026684297
CASE0044_CHUNK_0005,2.0427547670347376e-05,0.015832736026684297
CASE0044_CHUNK_0006,2.0427547670347376e-05,0.015832736026684297
CASE0045_CHUNK_0001,4.647058994764594e-05,0.20473240452854047
CASE0045_CHUNK_0002,4.647058994764594e-05,0.20473240452854047
CASE0045_CHUNK_0003,4.647058994764594e-05,0.20473240452854047
CASE0045_CHUNK_0004,4.647058994764594e-05,0.20473240452854047
CASE0045_CHUNK_0005,4.647058994764594e-05,0.20473240452854047
CASE0045_CHUNK_0006,4.647058994764594e-05,0.20473240452854047
CASE0045_CHUNK_0007,4.647058994764594e-05,0.20473240452854047
CASE0045_CHUNK_0008,4.647058994764594e-05,0.20473240452854047
CASE0045_CHUNK_0009,4.647058994764594e-05,0.20473240452854047
CASE0045_CHUNK_0010,4.647058994764594e-05,0.20473240452854047
CASE0045_CHUNK_0011,4.647058994764594e-05,0.20473240452854047
CASE0045_CHUNK_0012,4.647058994764594e-05,0.20473240452854047
CASE0045_CHUNK_0013,4.647058994764594e-05,0.20473240452854047
CASE0045_CHUNK_0014,4.647058994764594e-05,0.20473240452854047
CASE0045_CHUNK_0015,4.647058994764594e-05,0.20473240452854047
CASE0045_CHUNK_0016,4.647058994764594e-05,0.20473240452854047
CASE0045_CHUNK_0017,4.647058994764594e-05,0.20473240452854047
CASE0045_CHUNK_0018,4.647058994764594e-05,0.20473240452854047
CASE0045_CHUNK_0019,4.647058994764594e-05,0.20473240452854047
CASE0045_CHUNK_0020,4.647058994764594e-05,0.20473240452854047
CASE0045_CHUNK_0021,4.647058994764594e-05,0.20473240452854047
CASE0045_CHUNK_0022,4.647058994764594e-05,0.20473240452854047
CASE0045_CHUNK_0023,4.647058994764594e-05,0.20473240452854047
CASE0045_CHUNK_0024,4.647058994764594e-05,0.20473240452854047
CASE0045_CHUNK_0025,4.647058994764594e-05,0.20473240452854047
CASE0045_CHUNK_0026,4.647058994764594e-05,0.20473240452854047
CASE0045_CHUNK_0027,4.647058994764594e-05,0.20473240452854047
CASE0045_CHUNK_0028,4.647058994764594e-05,0.20473240452854047
CASE0045_CHUNK_0029,4.647058994764594e-05,0.20473240452854047
CASE0045_CHUNK_0030,4.647058994764594e-05,0.20473240452854047
CASE0045_CHUNK_0031,4.647058994764594e-05,0.20473240452854047
CASE0045_CHUNK_0032,4.647058994764594e-05,0.20473240452854047
CASE0045_CHUNK_0033,4.647058994764594e-05,0.20473240452854047
CASE0045_CHUNK_0034,4.647058994764594e-05,0.20473240452854047
CASE0045_CHUNK_0035,4.647058994764594e-05,0.20473240452854047
CASE0045_CHUNK_0036,4.647058994764594e-05,0.20473240452854047
CASE0045_CHUNK_0037,4.647058994764594e-05,0.20473240452854047
CASE0045_CHUNK_0038,4.647058994764594e-05,0.20473240452854047
CASE0046_CHUNK_0001,9.476489444176085e-05,0.5550285800801287
CASE0046_CHUNK_0002,9.476489444176085e-05,0.5550285800801287
CASE0046_CHUNK_0003,9.476489444176085e-05,0.5550285800801287
CASE0046_CHUNK_0004,9.476489444176085e-05,0.5550285800801287
CASE0046_CHUNK_0005,9.476489444176085e-05,0.5550285800801287
CASE0046_CHUNK_0006,9.476489444176085e-05,0.5550285800801287
CASE0046_CHUNK_0007,9.476489444176085e-05,0.5550285800801287
CASE0046_CHUNK_0008,9.476489444176085e-05,0.5550285800801287
CASE0046_CHUNK_0009,9.476489444176085e-05,0.5550285800801287
CASE0046_CHUNK_0010,9.476489444176085e-05,0.5550285800801287
CASE0046_CHUNK_0011,9.476489444176085e-05,0.5550285800801287
CASE0046_CHUNK_0012,9.476489444176085e-05,0.5550285800801287
CASE0046_CHUNK_0013,9.476489444176085e-05,0.5550285800801287
CASE0046_CHUNK_0014,9.476489444176085e-05,0.5550285800801287
CASE0046_CHUNK_0015,9.476489444176085e-05,0.5550285800801287
CASE0046_CHUNK_0016,9.476489444176085e-05,0.5550285800801287
CASE0046_CHUNK_0017,9.476489444176085e-05,0.5550285800801287
CASE0046_CHUNK_0018,9.476489444176085e-05,0.5550285800801287
CASE0046_CHUNK_0019,9.476489444176085e-05,0.5550285800801287
CASE0046_CHUNK_0020,9.476489444176085e-05,0.5550285800801287
CASE0046_CHUNK_0021,9.476489444176085e-05,0.5550285800801287
CASE0046_CHUNK_0022,9.476489444176085e-05,0.5550285800801287
CASE0046_CHUNK_0023,9.476489444176085e-05,0.5550285800801287
CASE0046_CHUNK_0024,9.476489444176085e-05,0.5550285800801287
CASE0046_CHUNK_0025,9.476489444176085e-05,0.5550285800801287
CASE0046_CHUNK_0026,9.476489444176085e-05,0.5550285800801287
CASE0046_CHUNK_0027,9.476489444176085e-05,0.5550285800801287
CASE0046_CHUNK_0028,9.476489444176085e-05,0.5550285800801287
CASE0046_CHUNK_0029,9.476489444176085e-05,0.5550285800801287
CASE0046_CHUNK_0030,9.476489444176085e-05,0.5550285800801287
CASE0046_CHUNK_0031,9.476489444176085e-05,0.5550285800801287
CASE0046_CHUNK_0032,9.476489444176085e-05,0.5550285800801287
CASE0046_CHUNK_0033,9.476489444176085e-05,0.5550285800801287
CASE0046_CHUNK_0034,9.476489444176085e-05,0.5550285800801287
CASE0046_CHUNK_0035,9.476489444176085e-05,0.5550285800801287
CASE0046_CHUNK_0036,9.476489444176085e-05,0.5550285800801287
CASE0046_CHUNK_0037,9.476489444176085e-05,0.5550285800801287
CASE0046_CHUNK_0038,9.476489444176085e-05,0.5550285800801287
CASE0046_CHUNK_0039,9.476489444176085e-05,0.5550285800801287
CASE0046_CHUNK_0040,9.476489444176085e-05,0.5550285800801287
CASE0046_CHUNK_0041,9.476489444176085e-05,0.5550285800801287
CASE0046_CHUNK_0042,9.476489444176085e-05,0.5550285800801287
CASE0046_CHUNK_0043,9.476489444176085e-05,0.5550285800801287
CASE0046_CHUNK_0044,9.476489444176085e-05,0.5550285800801287
CASE0046_CHUNK_0045,9.476489444176085e-05,0.5550285800801287
CASE0046_CHUNK_0046,9.476489444176085e-05,0.5550285800801287
CASE0046_CHUNK_0047,9.476489444176085e-05,0.5550285800801287
CASE0046_CHUNK_0048,9.476489444176085e-05,0.5550285800801287
CASE0046_CHUNK_0049,9.476489444176085e-05,0.5550285800801287
CASE0046_CHUNK_0050,9.476489444176085e-05,0.5550285800801287
CASE0046_CHUNK_0051,9.476489444176085e-05,0.5550285800801287
CASE0046_CHUNK_0052,9.476489444176085e-05,0.5550285800801287
CASE0046_CHUNK_0053,9.476489444176085e-05,0.5550285800801287
CASE0046_CHUNK_0054,9.476489444176085e-05,0.5550285800801287
CASE0046_CHUNK_0055,9.476489444176085e-05,0.5550285800801287
CASE0046_CHUNK_0056,9.476489444176085e-05,0.5550285800801287
CASE0046_CHUNK_0057,9.476489444176085e-05,0.5550285800801287
CASE0046_CHUNK_0058,9.476489444176085e-05,0.5550285800801287
CASE0046_CHUNK_0059,9.476489444176085e-05,0.5550285800801287
CASE0046_CHUNK_0060,9.476489444176085e-05,0.5550285800801287
CASE0046_CHUNK_0061,9.476489444176085e-05,0.5550285800801287
CASE0046_CHUNK_0062,9.476489444176085e-05,0.5550285800801287
CASE0046_CHUNK_0063,9.476489444176085e-05,0.5550285800801287
CASE0046_CHUNK_0064,9.476489444176085e-05,0.5550285800801287
CASE0046_CHUNK_0065,9.476489444176085e-05,0.5550285800801287
CASE0046_CHUNK_0066,9.476489444176085e-05,0.5550285800801287
CASE0046_CHUNK_0067,9.476489444176085e-05,0.5550285800801287
CASE0046_CHUNK_0068,9.476489444176085e-05,0.5550285800801287
CASE0046_CHUNK_0069,9.476489444176085e-05,0.5550285800801287
CASE0046_CHUNK_0070,9.476489444176085e-05,0.5550285800801287
CASE0046_CHUNK_0071,9.476489444176085e-05,0.5550285800801287
CASE0046_CHUNK_0072,9.476489444176085e-05,0.5550285800801287
CASE0046_CHUNK_0073,9.476489444176085e-05,0.5550285800801287
CASE0046_CHUNK_0074,9.476489444176085e-05,0.5550285800801287
CASE0046_CHUNK_0075,9.476489444176085e-05,0.5550285800801287
CASE0046_CHUNK_0076,9.476489444176085e-05,0.5550285800801287
CASE0046_CHUNK_0077,9.476489444176085e-05,0.5550285800801287
CASE0046_CHUNK_0078,9.476489444176085e-05,0.5550285800801287
CASE0046_CHUNK_0079,9.476489444176085e-05,0.5550285800801287
CASE0046_CHUNK_0080,9.476489444176085e-05,0.5550285800801287
CASE0046_CHUNK_0081,9.476489444176085e-05,0.5550285800801287
CASE0046_CHUNK_0082,9.476489444176085e-05,0.5550285800801287
CASE0046_CHUNK_0083,9.476489444176085e-05,0.5550285800801287
CASE0046_CHUNK_0084,9.476489444176085e-05,0.5550285800801287
CASE0046_CHUNK_0085,9.476489444176085e-05,0.5550285800801287
CASE0046_CHUNK_0086,9.476489444176085e-05,0.5550285800801287
CASE0046_CHUNK_0087,9.476489444176085e-05,0.5550285800801287
CASE0046_CHUNK_0088,9.476489444176085e-05,0.5550285800801287
CASE0046_CHUNK_0089,9.476489444176085e-05,0.5550285800801287
CASE0046_CHUNK_0090,9.476489444176085e-05,0.5550285800801287
CASE0046_CHUNK_0091,9.476489444176085e-05,0.5550285800801287
CASE0046_CHUNK_0092,9.476489444176085e-05,0.5550285800801287
CASE0047_CHUNK_0001,2.0681258935447374e-05,0.0176729962145024
CASE0047_CHUNK_0002,2.0681258935447374e-05,0.0176729962145024
CASE0047_CHUNK_0003,2.0681258935447374e-05,0.0176729962145024
CASE0047_CHUNK_0004,2.0681258935447374e-05,0.0176729962145024
CASE0048_CHUNK_0001,5.3269316788029275e-05,0.25404604587306856
CASE0048_CHUNK_0002,5.3269316788029275e-05,0.25404604587306856
CASE0048_CHUNK_0003,5.3269316788029275e-05,0.25404604587306856
CASE0048_CHUNK_0004,5.3269316788029275e-05,0.25404604587306856
CASE0048_CHUNK_0005,5.3269316788029275e-05,0.25404604587306856
CASE0048_CHUNK_0006,5.3269316788029275e-05,0.25404604587306856
CASE0048_CHUNK_0007,5.3269316788029275e-05,0.25404604587306856
CASE0048_CHUNK_0008,5.3269316788029275e-05,0.25404604587306856
CASE0048_CHUNK_0009,5.3269316788029275e-05,0.25404604587306856
CASE0048_CHUNK_0010,5.3269316788029275e-05,0.25404604587306856
CASE0048_CHUNK_0011,5.3269316788029275e-05,0.25404604587306856
CASE0048_CHUNK_0012,5.3269316788029275e-05,0.25404604587306856
CASE0048_CHUNK_0013,5.3269316788029275e-05,0.25404604587306856
CASE0048_CHUNK_0014,5.3269316788029275e-05,0.25404604587306856
CASE0048_CHUNK_0015,5.3269316788029275e-05,0.25404604587306856
CASE0048_CHUNK_0016,5.3269316788029275e-05,0.25404604587306856
CASE0048_CHUNK_0017,5.3269316788029275e-05,0.25404604587306856
CASE0048_CHUNK_0018,5.3269316788029275e-05,0.25404604587306856
CASE0048_CHUNK_0019,5.3269316788029275e-05,0.25404604587306856
CASE0048_CHUNK_0020,5.3269316788029275e-05,0.25404604587306856
CASE0048_CHUNK_0021,5.3269316788029275e-05,0.25404604587306856
CASE0048_CHUNK_0022,5.3269316788029275e-05,0.25404604587306856
CASE0048_CHUNK_0023,5.3269316788029275e-05,0.25404604587306856
CASE0048_CHUNK_0024,5.3269316788029275e-05,0.25404604587306856
CASE0048_CHUNK_0025,5.3269316788029275e-05,0.25404604587306856
CASE0048_CHUNK_0026,5.3269316788029275e-05,0.25404604587306856
CASE0048_CHUNK_0027,5.3269316788029275e-05,0.25404604587306856
CASE0048_CHUNK_0028,5.3269316788029275e-05,0.25404604587306856
CASE0048_CHUNK_0029,5.3269316788029275e-05,0.25404604587306856
CASE0048_CHUNK_0030,5.3269316788029275e-05,0.25404604587306856
CASE0048_CHUNK_0031,5.3269316788029275e-05,0.25404604587306856
CASE0048_CHUNK_0032,5.3269316788029275e-05,0.25404604587306856
CASE0048_CHUNK_0033,5.3269316788029275e-05,0.25404604587306856
CASE0048_CHUNK_0034,5.3269316788029275e-05,0.25404604587306856
CASE0048_CHUNK_0035,5.3269316788029275e-05,0.25404604587306856
CASE0048_CHUNK_0036,5.3269316788029275e-05,0.25404604587306856
CASE0048_CHUNK_0037,5.3269316788029275e-05,0.25404604587306856
CASE0048_CHUNK_0038,5.3269316788029275e-05,0.25404604587306856
CASE0048_CHUNK_0039,5.3269316788029275e-05,0.25404604587306856
CASE0048_CHUNK_0040,5.3269316788029275e-05,0.25404604587306856
CASE0048_CHUNK_0041,5.3269316788029275e-05,0.25404604587306856
CASE0048_CHUNK_0042,5.3269316788029275e-05,0.25404604587306856
CASE0048_CHUNK_0043,5.3269316788029275e-05,0.25404604587306856
CASE0048_CHUNK_0044,5.3269316788029275e-05,0.25404604587306856
CASE0048_CHUNK_0045,5.3269316788029275e-05,0.25404604587306856
CASE0048_CHUNK_0046,5.3269316788029275e-05,0.25404604587306856
CASE0048_CHUNK_0047,5.3269316788029275e-05,0.25404604587306856
CASE0048_CHUNK_0048,5.3269316788029275e-05,0.25404604587306856
CASE0048_CHUNK_0049,5.3269316788029275e-05,0.25404604587306856
CASE0048_CHUNK_0050,5.3269316788029275e-05,0.25404604587306856
CASE0048_CHUNK_0051,5.3269316788029275e-05,0.25404604587306856
CASE0048_CHUNK_0052,5.3269316788029275e-05,0.25404604587306856
CASE0048_CHUNK_0053,5.3269316788029275e-05,0.25404604587306856
CASE0048_CHUNK_0054,5.3269316788029275e-05,0.25404604587306856
CASE0048_CHUNK_0055,5.3269316788029275e-05,0.25404604587306856
CASE0048_CHUNK_0056,5.3269316788029275e-05,0.25404604587306856
CASE0048_CHUNK_0057,5.3269316788029275e-05,0.25404604587306856
CASE0048_CHUNK_0058,5.3269316788029275e-05,0.25404604587306856
CASE0048_CHUNK_0059,5.3269316788029275e-05,0.25404604587306856
CASE0048_CHUNK_0060,5.3269316788029275e-05,0.25404604587306856
CASE0048_CHUNK_0061,5.3269316788029275e-05,0.25404604587306856
CASE0048_CHUNK_0062,5.3269316788029275e-05,0.25404604587306856
CASE0048_CHUNK_0063,5.3269316788029275e-05,0.25404604587306856
CASE0048_CHUNK_0064,5.3269316788029275e-05,0.25404604587306856
CASE0048_CHUNK_0065,5.3269316788029275e-05,0.25404604587306856
CASE0048_CHUNK_0066,5.3269316788029275e-05,0.25404604587306856
CASE0048_CHUNK_0067,5.3269316788029275e-05,0.25404604587306856
CASE0048_CHUNK_0068,5.3269316788029275e-05,0.25404604587306856
CASE0048_CHUNK_0069,5.3269316788029275e-05,0.25404604587306856
CASE0048_CHUNK_0070,5.3269316788029275e-05,0.25404604587306856
CASE0048_CHUNK_0071,5.3269316788029275e-05,0.25404604587306856
CASE0048_CHUNK_0072,5.3269316788029275e-05,0.25404604587306856
CASE0048_CHUNK_0073,5.3269316788029275e-05,0.25404604587306856
CASE0048_CHUNK_0074,5.3269316788029275e-05,0.25404604587306856
CASE0048_CHUNK_0075,5.3269316788029275e-05,0.25404604587306856
CASE0048_CHUNK_0076,5.3269316788029275e-05,0.25404604587306856
CASE0048_CHUNK_0077,5.3269316788029275e-05,0.25404604587306856
CASE0048_CHUNK_0078,5.3269316788029275e-05,0.25404604587306856
CASE0048_CHUNK_0079,5.3269316788029275e-05,0.25404604587306856
CASE0048_CHUNK_0080,5.3269316788029275e-05,0.25404604587306856
CASE0048_CHUNK_0081,5.3269316788029275e-05,0.25404604587306856
CASE0048_CHUNK_0082,5.3269316788029275e-05,0.25404604587306856
CASE0048_CHUNK_0083,5.3269316788029275e-05,0.25404604587306856
CASE0048_CHUNK_0084,5.3269316788029275e-05,0.25404604587306856
CASE0048_CHUNK_0085,5.3269316788029275e-05,0.25404604587306856
CASE0048_CHUNK_0086,5.3269316788029275e-05,0.25404604587306856
CASE0048_CHUNK_0087,5.3269316788029275e-05,0.25404604587306856
CASE0048_CHUNK_0088,5.3269316788029275e-05,0.25404604587306856
CASE0048_CHUNK_0089,5.3269316788029275e-05,0.25404604587306856
CASE0048_CHUNK_0090,5.3269316788029275e-05,0.25404604587306856
CASE0048_CHUNK_0091,5.3269316788029275e-05,0.25404604587306856
CASE0048_CHUNK_0092,5.3269316788029275e-05,0.25404604587306856
CASE0048_CHUNK_0093,5.3269316788029275e-05,0.25404604587306856
CASE0048_CHUNK_0094,5.3269316788029275e-05,0.25404604587306856
CASE0048_CHUNK_0095,5.3269316788029275e-05,0.25404604587306856
CASE0048_CHUNK_0096,5.3269316788029275e-05,0.25404604587306856
CASE0049_CHUNK_0001,8.905766041892393e-05,0.5136319335786493
CASE0049_CHUNK_0002,8.905766041892393e-05,0.5136319335786493
CASE0049_CHUNK_0003,8.905766041892393e-05,0.5136319335786493
CASE0049_CHUNK_0004,8.905766041892393e-05,0.5136319335786493
CASE0049_CHUNK_0005,8.905766041892393e-05,0.5136319335786493
CASE0049_CHUNK_0006,8.905766041892393e-05,0.5136319335786493
CASE0049_CHUNK_0007,8.905766041892393e-05,0.5136319335786493
CASE0049_CHUNK_0008,8.905766041892393e-05,0.5136319335786493
CASE0049_CHUNK_0009,8.905766041892393e-05,0.5136319335786493
CASE0049_CHUNK_0010,8.905766041892393e-05,0.5136319335786493
CASE0049_CHUNK_0011,8.905766041892393e-05,0.5136319335786493
CASE0049_CHUNK_0012,8.905766041892393e-05,0.5136319335786493
CASE0049_CHUNK_0013,8.905766041892393e-05,0.5136319335786493
CASE0049_CHUNK_0014,8.905766041892393e-05,0.5136319335786493
CASE0049_CHUNK_0015,8.905766041892393e-05,0.5136319335786493
CASE0049_CHUNK_0016,8.905766041892393e-05,0.5136319335786493
CASE0049_CHUNK_0017,8.905766041892393e-05,0.5136319335786493
CASE0049_CHUNK_0018,8.905766041892393e-05,0.5136319335786493
CASE0049_CHUNK_0019,8.905766041892393e-05,0.5136319335786493
CASE0049_CHUNK_0020,8.905766041892393e-05,0.5136319335786493
CASE0049_CHUNK_0021,8.905766041892393e-05,0.5136319335786493
CASE0049_CHUNK_0022,8.905766041892393e-05,0.5136319335786493
CASE0049_CHUNK_0023,8.905766041892393e-05,0.5136319335786493
CASE0049_CHUNK_0024,8.905766041892393e-05,0.5136319335786493
CASE0049_CHUNK_0025,8.905766041892393e-05,0.5136319335786493
CASE0049_CHUNK_0026,8.905766041892393e-05,0.5136319335786493
CASE0049_CHUNK_0027,8.905766041892393e-05,0.5136319335786493
CASE0049_CHUNK_0028,8.905766041892393e-05,0.5136319335786493
CASE0049_CHUNK_0029,8.905766041892393e-05,0.5136319335786493
CASE0049_CHUNK_0030,8.905766041892393e-05,0.5136319335786493
CASE0049_CHUNK_0031,8.905766041892393e-05,0.5136319335786493
CASE0049_CHUNK_0032,8.905766041892393e-05,0.5136319335786493
CASE0049_CHUNK_0033,8.905766041892393e-05,0.5136319335786493
CASE0049_CHUNK_0034,8.905766041892393e-05,0.5136319335786493
CASE0049_CHUNK_0035,8.905766041892393e-05,0.5136319335786493
CASE0049_CHUNK_0036,8.905766041892393e-05,0.5136319335786493
CASE0049_CHUNK_0037,8.905766041892393e-05,0.5136319335786493
CASE0049_CHUNK_0038,8.905766041892393e-05,0.5136319335786493
CASE0049_CHUNK_0039,8.905766041892393e-05,0.5136319335786493
CASE0049_CHUNK_0040,8.905766041892393e-05,0.5136319335786493
CASE0049_CHUNK_0041,8.905766041892393e-05,0.5136319335786493
CASE0049_CHUNK_0042,8.905766041892393e-05,0.5136319335786493
CASE0049_CHUNK_0043,8.905766041892393e-05,0.5136319335786493
CASE0049_CHUNK_0044,8.905766041892393e-05,0.5136319335786493
CASE0049_CHUNK_0045,8.905766041892393e-05,0.5136319335786493
CASE0049_CHUNK_0046,8.905766041892393e-05,0.5136319335786493
CASE0049_CHUNK_0047,8.905766041892393e-05,0.5136319335786493
CASE0049_CHUNK_0048,8.905766041892393e-05,0.5136319335786493
CASE0049_CHUNK_0049,8.905766041892393e-05,0.5136319335786493
CASE0049_CHUNK_0050,8.905766041892393e-05,0.5136319335786493
CASE0049_CHUNK_0051,8.905766041892393e-05,0.5136319335786493
CASE0049_CHUNK_0052,8.905766041892393e-05,0.5136319335786493
CASE0049_CHUNK_0053,8.905766041892393e-05,0.5136319335786493
CASE0049_CHUNK_0054,8.905766041892393e-05,0.5136319335786493
CASE0049_CHUNK_0055,8.905766041892393e-05,0.5136319335786493
CASE0049_CHUNK_0056,8.905766041892393e-05,0.5136319335786493
CASE0049_CHUNK_0057,8.905766041892393e-05,0.5136319335786493
CASE0049_CHUNK_0058,8.905766041892393e-05,0.5136319335786493
CASE0049_CHUNK_0059,8.905766041892393e-05,0.5136319335786493
CASE0049_CHUNK_0060,8.905766041892393e-05,0.5136319335786493
CASE0049_CHUNK_0061,8.905766041892393e-05,0.5136319335786493
CASE0049_CHUNK_0062,8.905766041892393e-05,0.5136319335786493
CASE0049_CHUNK_0063,8.905766041892393e-05,0.5136319335786493
CASE0049_CHUNK_0064,8.905766041892393e-05,0.5136319335786493
CASE0049_CHUNK_0065,8.905766041892393e-05,0.5136319335786493
CASE0049_CHUNK_0066,8.905766041892393e-05,0.5136319335786493
CASE0050_CHUNK_0001,5.498086532001774e-05,0.26646053058936786
CASE0050_CHUNK_0002,5.498086532001774e-05,0.26646053058936786
CASE0050_CHUNK_0003,5.498086532001774e-05,0.26646053058936786
CASE0050_CHUNK_0004,5.498086532001774e-05,0.26646053058936786
CASE0050_CHUNK_0005,5.498086532001774e-05,0.26646053058936786
CASE0050_CHUNK_0006,5.498086532001774e-05,0.26646053058936786
CASE0050_CHUNK_0007,5.498086532001774e-05,0.26646053058936786
CASE0050_CHUNK_0008,5.498086532001774e-05,0.26646053058936786
CASE0050_CHUNK_0009,5.498086532001774e-05,0.26646053058936786
CASE0050_CHUNK_0010,5.498086532001774e-05,0.26646053058936786
CASE0050_CHUNK_0011,5.498086532001774e-05,0.26646053058936786
CASE0050_CHUNK_0012,5.498086532001774e-05,0.26646053058936786
CASE0050_CHUNK_0013,5.498086532001774e-05,0.26646053058936786
CASE0050_CHUNK_0014,5.498086532001774e-05,0.26646053058936786
CASE0050_CHUNK_0015,5.498086532001774e-05,0.26646053058936786
CASE0050_CHUNK_0016,5.498086532001774e-05,0.26646053058936786
CASE0050_CHUNK_0017,5.498086532001774e-05,0.26646053058936786
CASE0050_CHUNK_0018,5.498086532001774e-05,0.26646053058936786
CASE0050_CHUNK_0019,5.498086532001774e-05,0.26646053058936786
CASE0050_CHUNK_0020,5.498086532001774e-05,0.26646053058936786
CASE0050_CHUNK_0021,5.498086532001774e-05,0.26646053058936786
CASE0050_CHUNK_0022,5.498086532001774e-05,0.26646053058936786
CASE0050_CHUNK_0023,5.498086532001774e-05,0.26646053058936786
CASE0050_CHUNK_0024,5.498086532001774e-05,0.26646053058936786
CASE0050_CHUNK_0025,5.498086532001774e-05,0.26646053058936786
CASE0050_CHUNK_0026,5.498086532001774e-05,0.26646053058936786
CASE0050_CHUNK_0027,5.498086532001774e-05,0.26646053058936786
CASE0050_CHUNK_0028,5.498086532001774e-05,0.26646053058936786
CASE0050_CHUNK_0029,5.498086532001774e-05,0.26646053058936786
CASE0051_CHUNK_0001,3.1118103375888236e-05,0.0933752292336942
CASE0051_CHUNK_0002,3.1118103375888236e-05,0.0933752292336942
CASE0051_CHUNK_0003,3.1118103375888236e-05,0.0933752292336942
CASE0051_CHUNK_0004,3.1118103375888236e-05,0.0933752292336942
CASE0051_CHUNK_0005,3.1118103375888236e-05,0.0933752292336942
CASE0051_CHUNK_0006,3.1118103375888236e-05,0.0933752292336942
CASE0051_CHUNK_0007,3.1118103375888236e-05,0.0933752292336942
CASE0051_CHUNK_0008,3.1118103375888236e-05,0.0933752292336942
CASE0051_CHUNK_0009,3.1118103375888236e-05,0.0933752292336942
CASE0051_CHUNK_0010,3.1118103375888236e-05,0.0933752292336942
CASE0051_CHUNK_0011,3.1118103375888236e-05,0.0933752292336942
CASE0051_CHUNK_0012,3.1118103375888236e-05,0.0933752292336942
CASE0051_CHUNK_0013,3.1118103375888236e-05,0.0933752292336942
CASE0051_CHUNK_0014,3.1118103375888236e-05,0.0933752292336942
CASE0051_CHUNK_0015,3.1118103375888236e-05,0.0933752292336942
CASE0051_CHUNK_0016,3.1118103375888236e-05,0.0933752292336942
CASE0051_CHUNK_0017,3.1118103375888236e-05,0.0933752292336942
CASE0051_CHUNK_0018,3.1118103375888236e-05,0.0933752292336942
CASE0051_CHUNK_0019,3.1118103375888236e-05,0.0933752292336942
CASE0051_CHUNK_0020,3.1118103375888236e-05,0.0933752292336942
CASE0051_CHUNK_0021,3.1118103375888236e-05,0.0933752292336942
CASE0051_CHUNK_0022,3.1118103375888236e-05,0.0933752292336942
CASE0051_CHUNK_0023,3.1118103375888236e-05,0.0933752292336942
CASE0051_CHUNK_0024,3.1118103375888236e-05,0.0933752292336942
CASE0051_CHUNK_0025,3.1118103375888236e-05,0.0933752292336942
CASE0051_CHUNK_0026,3.1118103375888236e-05,0.0933752292336942
CASE0052_CHUNK_0001,4.5317225998381474e-05,0.19636663583845299
CASE0052_CHUNK_0002,4.5317225998381474e-05,0.19636663583845299
CASE0052_CHUNK_0003,4.5317225998381474e-05,0.19636663583845299
CASE0052_CHUNK_0004,4.5317225998381474e-05,0.19636663583845299
CASE0052_CHUNK_0005,4.5317225998381474e-05,0.19636663583845299
CASE0052_CHUNK_0006,4.5317225998381474e-05,0.19636663583845299
CASE0052_CHUNK_0007,4.5317225998381474e-05,0.19636663583845299
CASE0052_CHUNK_0008,4.5317225998381474e-05,0.19636663583845299
CASE0052_CHUNK_0009,4.5317225998381474e-05,0.19636663583845299
CASE0052_CHUNK_0010,4.5317225998381474e-05,0.19636663583845299
CASE0052_CHUNK_0011,4.5317225998381474e-05,0.19636663583845299
CASE0052_CHUNK_0012,4.5317225998381474e-05,0.19636663583845299
CASE0052_CHUNK_0013,4.5317225998381474e-05,0.19636663583845299
CASE0052_CHUNK_0014,4.5317225998381474e-05,0.19636663583845299
CASE0052_CHUNK_0015,4.5317225998381474e-05,0.19636663583845299
CASE0052_CHUNK_0016,4.5317225998381474e-05,0.19636663583845299
CASE0052_CHUNK_0017,4.5317225998381474e-05,0.19636663583845299
CASE0052_CHUNK_0018,4.5317225998381474e-05,0.19636663583845299
CASE0052_CHUNK_0019,4.5317225998381474e-05,0.19636663583845299
CASE0052_CHUNK_0020,4.5317225998381474e-05,0.19636663583845299
CASE0052_CHUNK_0021,4.5317225998381474e-05,0.19636663583845299
CASE0052_CHUNK_0022,4.5317225998381474e-05,0.19636663583845299
CASE0052_CHUNK_0023,4.5317225998381474e-05,0.19636663583845299
CASE0052_CHUNK_0024,4.5317225998381474e-05,0.19636663583845299
CASE0052_CHUNK_0025,4.5317225998381474e-05,0.19636663583845299
CASE0052_CHUNK_0026,4.5317225998381474e-05,0.19636663583845299
CASE0052_CHUNK_0027,4.5317225998381474e-05,0.19636663583845299
CASE0052_CHUNK_0028,4.5317225998381474e-05,0.19636663583845299
CASE0052_CHUNK_0029,4.5317225998381474e-05,0.19636663583845299
CASE0052_CHUNK_0030,4.5317225998381474e-05,0.19636663583845299
CASE0052_CHUNK_0031,4.5317225998381474e-05,0.19636663583845299
CASE0052_CHUNK_0032,4.5317225998381474e-05,0.19636663583845299
CASE0052_CHUNK_0033,4.5317225998381474e-05,0.19636663583845299
CASE0052_CHUNK_0034,4.5317225998381474e-05,0.19636663583845299
CASE0052_CHUNK_0035,4.5317225998381474e-05,0.19636663583845299
CASE0052_CHUNK_0036,4.5317225998381474e-05,0.19636663583845299
CASE0052_CHUNK_0037,4.5317225998381474e-05,0.19636663583845299
CASE0052_CHUNK_0038,4.5317225998381474e-05,0.19636663583845299
CASE0052_CHUNK_0039,4.5317225998381474e-05,0.19636663583845299
CASE0052_CHUNK_0040,4.5317225998381474e-05,0.19636663583845299
CASE0052_CHUNK_0041,4.5317225998381474e-05,0.19636663583845299
CASE0052_CHUNK_0042,4.5317225998381474e-05,0.19636663583845299
CASE0052_CHUNK_0043,4.5317225998381474e-05,0.19636663583845299
CASE0052_CHUNK_0044,4.5317225998381474e-05,0.19636663583845299
CASE0052_CHUNK_0045,4.5317225998381474e-05,0.19636663583845299
CASE0052_CHUNK_0046,4.5317225998381474e-05,0.19636663583845299
CASE0052_CHUNK_0047,4.5317225998381474e-05,0.19636663583845299
CASE0052_CHUNK_0048,4.5317225998381474e-05,0.19636663583845299
CASE0052_CHUNK_0049,4.5317225998381474e-05,0.19636663583845299
CASE0052_CHUNK_0050,4.5317225998381474e-05,0.19636663583845299
CASE0052_CHUNK_0051,4.5317225998381474e-05,0.19636663583845299
CASE0052_CHUNK_0052,4.5317225998381474e-05,0.19636663583845299
CASE0052_CHUNK_0053,4.5317225998381474e-05,0.19636663583845299
CASE0052_CHUNK_0054,4.5317225998381474e-05,0.19636663583845299
CASE0052_CHUNK_0055,4.5317225998381474e-05,0.19636663583845299
CASE0052_CHUNK_0056,4.5317225998381474e-05,0.19636663583845299
CASE0052_CHUNK_0057,4.5317225998381474e-05,0.19636663583845299
CASE0052_CHUNK_0058,4.5317225998381474e-05,0.19636663583845299
CASE0052_CHUNK_0059,4.5317225998381474e-05,0.19636663583845299
CASE0052_CHUNK_0060,4.5317225998381474e-05,0.19636663583845299
CASE0052_CHUNK_0061,4.5317225998381474e-05,0.19636663583845299
CASE0052_CHUNK_0062,4.5317225998381474e-05,0.19636663583845299
CASE0052_CHUNK_0063,4.5317225998381474e-05,0.19636663583845299
CASE0052_CHUNK_0064,4.5317225998381474e-05,0.19636663583845299
CASE0052_CHUNK_0065,4.5317225998381474e-05,0.19636663583845299
CASE0052_CHUNK_0066,4.5317225998381474e-05,0.19636663583845299
CASE0052_CHUNK_0067,4.5317225998381474e-05,0.19636663583845299
CASE0052_CHUNK_0068,4.5317225998381474e-05,0.19636663583845299
CASE0052_CHUNK_0069,4.5317225998381474e-05,0.19636663583845299
CASE0052_CHUNK_0070,4.5317225998381474e-05,0.19636663583845299
CASE0052_CHUNK_0071,4.5317225998381474e-05,0.19636663583845299
CASE0052_CHUNK_0072,4.5317225998381474e-05,0.19636663583845299
CASE0052_CHUNK_0073,4.5317225998381474e-05,0.19636663583845299
CASE0053_CHUNK_0001,4.5317225998381474e-05,0.19636663583845299
CASE0053_CHUNK_0002,4.5317225998381474e-05,0.19636663583845299
CASE0053_CHUNK_0003,4.5317225998381474e-05,0.19636663583845299
CASE0053_CHUNK_0004,4.5317225998381474e-05,0.19636663583845299
CASE0053_CHUNK_0005,4.5317225998381474e-05,0.19636663583845299
CASE0053_CHUNK_0006,4.5317225998381474e-05,0.19636663583845299
CASE0053_CHUNK_0007,4.5317225998381474e-05,0.19636663583845299
CASE0053_CHUNK_0008,4.5317225998381474e-05,0.19636663583845299
CASE0053_CHUNK_0009,4.5317225998381474e-05,0.19636663583845299
CASE0053_CHUNK_0010,4.5317225998381474e-05,0.19636663583845299
CASE0053_CHUNK_0011,4.5317225998381474e-05,0.19636663583845299
CASE0053_CHUNK_0012,4.5317225998381474e-05,0.19636663583845299
CASE0053_CHUNK_0013,4.5317225998381474e-05,0.19636663583845299
CASE0053_CHUNK_0014,4.5317225998381474e-05,0.19636663583845299
CASE0053_CHUNK_0015,4.5317225998381474e-05,0.19636663583845299
CASE0053_CHUNK_0016,4.5317225998381474e-05,0.19636663583845299
CASE0053_CHUNK_0017,4.5317225998381474e-05,0.19636663583845299
CASE0053_CHUNK_0018,4.5317225998381474e-05,0.19636663583845299
CASE0053_CHUNK_0019,4.5317225998381474e-05,0.19636663583845299
CASE0053_CHUNK_0020,4.5317225998381474e-05,0.19636663583845299
CASE0053_CHUNK_0021,4.5317225998381474e-05,0.19636663583845299
CASE0053_CHUNK_0022,4.5317225998381474e-05,0.19636663583845299
CASE0053_CHUNK_0023,4.5317225998381474e-05,0.19636663583845299
CASE0053_CHUNK_0024,4.5317225998381474e-05,0.19636663583845299
CASE0053_CHUNK_0025,4.5317225998381474e-05,0.19636663583845299
CASE0053_CHUNK_0026,4.5317225998381474e-05,0.19636663583845299
CASE0053_CHUNK_0027,4.5317225998381474e-05,0.19636663583845299
CASE0053_CHUNK_0028,4.5317225998381474e-05,0.19636663583845299
CASE0053_CHUNK_0029,4.5317225998381474e-05,0.19636663583845299
CASE0053_CHUNK_0030,4.5317225998381474e-05,0.19636663583845299
CASE0053_CHUNK_0031,4.5317225998381474e-05,0.19636663583845299
CASE0053_CHUNK_0032,4.5317225998381474e-05,0.19636663583845299
CASE0053_CHUNK_0033,4.5317225998381474e-05,0.19636663583845299
CASE0053_CHUNK_0034,4.5317225998381474e-05,0.19636663583845299
CASE0053_CHUNK_0035,4.5317225998381474e-05,0.19636663583845299
CASE0053_CHUNK_0036,4.5317225998381474e-05,0.19636663583845299
CASE0053_CHUNK_0037,4.5317225998381474e-05,0.19636663583845299
CASE0053_CHUNK_0038,4.5317225998381474e-05,0.19636663583845299
CASE0053_CHUNK_0039,4.5317225998381474e-05,0.19636663583845299
CASE0053_CHUNK_0040,4.5317225998381474e-05,0.19636663583845299
CASE0053_CHUNK_0041,4.5317225998381474e-05,0.19636663583845299
CASE0053_CHUNK_0042,4.5317225998381474e-05,0.19636663583845299
CASE0053_CHUNK_0043,4.5317225998381474e-05,0.19636663583845299
CASE0053_CHUNK_0044,4.5317225998381474e-05,0.19636663583845299
CASE0053_CHUNK_0045,4.5317225998381474e-05,0.19636663583845299
CASE0053_CHUNK_0046,4.5317225998381474e-05,0.19636663583845299
CASE0053_CHUNK_0047,4.5317225998381474e-05,0.19636663583845299
CASE0053_CHUNK_0048,4.5317225998381474e-05,0.19636663583845299
CASE0053_CHUNK_0049,4.5317225998381474e-05,0.19636663583845299
CASE0053_CHUNK_0050,4.5317225998381474e-05,0.19636663583845299
CASE0053_CHUNK_0051,4.5317225998381474e-05,0.19636663583845299
CASE0053_CHUNK_0052,4.5317225998381474e-05,0.19636663583845299
CASE0053_CHUNK_0053,4.5317225998381474e-05,0.19636663583845299
CASE0053_CHUNK_0054,4.5317225998381474e-05,0.19636663583845299
CASE0053_CHUNK_0055,4.5317225998381474e-05,0.19636663583845299
CASE0053_CHUNK_0056,4.5317225998381474e-05,0.19636663583845299
CASE0053_CHUNK_0057,4.5317225998381474e-05,0.19636663583845299
CASE0053_CHUNK_0058,4.5317225998381474e-05,0.19636663583845299
CASE0053_CHUNK_0059,4.5317225998381474e-05,0.19636663583845299
CASE0053_CHUNK_0060,4.5317225998381474e-05,0.19636663583845299
CASE0053_CHUNK_0061,4.5317225998381474e-05,0.19636663583845299
CASE0053_CHUNK_0062,4.5317225998381474e-05,0.19636663583845299
CASE0053_CHUNK_0063,4.5317225998381474e-05,0.19636663583845299
CASE0053_CHUNK_0064,4.5317225998381474e-05,0.19636663583845299
CASE0053_CHUNK_0065,4.5317225998381474e-05,0.19636663583845299
CASE0053_CHUNK_0066,4.5317225998381474e-05,0.19636663583845299
CASE0053_CHUNK_0067,4.5317225998381474e-05,0.19636663583845299
CASE0053_CHUNK_0068,4.5317225998381474e-05,0.19636663583845299
CASE0053_CHUNK_0069,4.5317225998381474e-05,0.19636663583845299
CASE0053_CHUNK_0070,4.5317225998381474e-05,0.19636663583845299
CASE0053_CHUNK_0071,4.5317225998381474e-05,0.19636663583845299
CASE0053_CHUNK_0072,4.5317225998381474e-05,0.19636663583845299
CASE0053_CHUNK_0073,4.5317225998381474e-05,0.19636663583845299
CASE0054_CHUNK_0001,5.324567461838845e-05,0.25387456060801145
CASE0054_CHUNK_0002,5.324567461838845e-05,0.25387456060801145
CASE0054_CHUNK_0003,5.324567461838845e-05,0.25387456060801145
CASE0054_CHUNK_0004,5.324567461838845e-05,0.25387456060801145
CASE0054_CHUNK_0005,5.324567461838845e-05,0.25387456060801145
CASE0054_CHUNK_0006,5.324567461838845e-05,0.25387456060801145
CASE0054_CHUNK_0007,5.324567461838845e-05,0.25387456060801145
CASE0054_CHUNK_0008,5.324567461838845e-05,0.25387456060801145
CASE0054_CHUNK_0009,5.324567461838845e-05,0.25387456060801145
CASE0054_CHUNK_0010,5.324567461838845e-05,0.25387456060801145
CASE0054_CHUNK_0011,5.324567461838845e-05,0.25387456060801145
CASE0054_CHUNK_0012,5.324567461838845e-05,0.25387456060801145
CASE0054_CHUNK_0013,5.324567461838845e-05,0.25387456060801145
CASE0054_CHUNK_0014,5.324567461838845e-05,0.25387456060801145
CASE0054_CHUNK_0015,5.324567461838845e-05,0.25387456060801145
CASE0054_CHUNK_0016,5.324567461838845e-05,0.25387456060801145
CASE0054_CHUNK_0017,5.324567461838845e-05,0.25387456060801145
CASE0054_CHUNK_0018,5.324567461838845e-05,0.25387456060801145
CASE0054_CHUNK_0019,5.324567461838845e-05,0.25387456060801145
CASE0054_CHUNK_0020,5.324567461838845e-05,0.25387456060801145
CASE0054_CHUNK_0021,5.324567461838845e-05,0.25387456060801145
CASE0054_CHUNK_0022,5.324567461838845e-05,0.25387456060801145
CASE0054_CHUNK_0023,5.324567461838845e-05,0.25387456060801145
CASE0054_CHUNK_0024,5.324567461838845e-05,0.25387456060801145
CASE0054_CHUNK_0025,5.324567461838845e-05,0.25387456060801145
CASE0054_CHUNK_0026,5.324567461838845e-05,0.25387456060801145
CASE0054_CHUNK_0027,5.324567461838845e-05,0.25387456060801145
CASE0054_CHUNK_0028,5.324567461838845e-05,0.25387456060801145
CASE0055_CHUNK_0001,4.737145116645608e-05,0.21126667897264992
CASE0055_CHUNK_0002,4.737145116645608e-05,0.21126667897264992
CASE0055_CHUNK_0003,4.737145116645608e-05,0.21126667897264992
CASE0055_CHUNK_0004,4.737145116645608e-05,0.21126667897264992
CASE0055_CHUNK_0005,4.737145116645608e-05,0.21126667897264992
CASE0055_CHUNK_0006,4.737145116645608e-05,0.21126667897264992
CASE0055_CHUNK_0007,4.737145116645608e-05,0.21126667897264992
CASE0055_CHUNK_0008,4.737145116645608e-05,0.21126667897264992
CASE0056_CHUNK_0001,3.990494690090326e-05,0.15710940481040386
CASE0056_CHUNK_0002,3.990494690090326e-05,0.15710940481040386
CASE0056_CHUNK_0003,3.990494690090326e-05,0.15710940481040386
CASE0056_CHUNK_0004,3.990494690090326e-05,0.15710940481040386
CASE0056_CHUNK_0005,3.990494690090326e-05,0.15710940481040386
CASE0056_CHUNK_0006,3.990494690090326e-05,0.15710940481040386
CASE0056_CHUNK_0007,3.990494690090326e-05,0.15710940481040386
CASE0057_CHUNK_0001,5.6889354918618546e-05,0.28030350057253256
CASE0057_CHUNK_0002,5.6889354918618546e-05,0.28030350057253256
CASE0057_CHUNK_0003,5.6889354918618546e-05,0.28030350057253256
CASE0057_CHUNK_0004,5.6889354918618546e-05,0.28030350057253256
CASE0057_CHUNK_0005,5.6889354918618546e-05,0.28030350057253256
CASE0057_CHUNK_0006,5.6889354918618546e-05,0.28030350057253256
CASE0057_CHUNK_0007,5.6889354918618546e-05,0.28030350057253256
CASE0057_CHUNK_0008,5.6889354918618546e-05,0.28030350057253256
CASE0057_CHUNK_0009,5.6889354918618546e-05,0.28030350057253256
CASE0057_CHUNK_0010,5.6889354918618546e-05,0.28030350057253256
CASE0057_CHUNK_0011,5.6889354918618546e-05,0.28030350057253256
CASE0057_CHUNK_0012,5.6889354918618546e-05,0.28030350057253256
CASE0057_CHUNK_0013,5.6889354918618546e-05,0.28030350057253256
CASE0057_CHUNK_0014,5.6889354918618546e-05,0.28030350057253256
CASE0057_CHUNK_0015,5.6889354918618546e-05,0.28030350057253256
CASE0057_CHUNK_0016,5.6889354918618546e-05,0.28030350057253256
CASE0057_CHUNK_0017,5.6889354918618546e-05,0.28030350057253256
CASE0057_CHUNK_0018,5.6889354918618546e-05,0.28030350057253256
CASE0057_CHUNK_0019,5.6889354918618546e-05,0.28030350057253256
CASE0057_CHUNK_0020,5.6889354918618546e-05,0.28030350057253256
CASE0057_CHUNK_0021,5.6889354918618546e-05,0.28030350057253256
CASE0057_CHUNK_0022,5.6889354918618546e-05,0.28030350057253256
CASE0057_CHUNK_0023,5.6889354918618546e-05,0.28030350057253256
CASE0057_CHUNK_0024,5.6889354918618546e-05,0.28030350057253256
CASE0057_CHUNK_0025,5.6889354918618546e-05,0.28030350057253256
CASE0057_CHUNK_0026,5.6889354918618546e-05,0.28030350057253256
CASE0057_CHUNK_0027,5.6889354918618546e-05,0.28030350057253256
CASE0057_CHUNK_0028,5.6889354918618546e-05,0.28030350057253256
CASE0057_CHUNK_0029,5.6889354918618546e-05,0.28030350057253256
CASE0057_CHUNK_0030,5.6889354918618546e-05,0.28030350057253256
CASE0057_CHUNK_0031,5.6889354918618546e-05,0.28030350057253256
CASE0057_CHUNK_0032,5.6889354918618546e-05,0.28030350057253256
CASE0057_CHUNK_0033,5.6889354918618546e-05,0.28030350057253256
CASE0057_CHUNK_0034,5.6889354918618546e-05,0.28030350057253256
CASE0057_CHUNK_0035,5.6889354918618546e-05,0.28030350057253256
CASE0057_CHUNK_0036,5.6889354918618546e-05,0.28030350057253256
CASE0057_CHUNK_0037,5.6889354918618546e-05,0.28030350057253256
CASE0057_CHUNK_0038,5.6889354918618546e-05,0.28030350057253256
CASE0057_CHUNK_0039,5.6889354918618546e-05,0.28030350057253256
CASE0057_CHUNK_0040,5.6889354918618546e-05,0.28030350057253256
CASE0057_CHUNK_0041,5.6889354918618546e-05,0.28030350057253256
CASE0057_CHUNK_0042,5.6889354918618546e-05,0.28030350057253256
CASE0057_CHUNK_0043,5.6889354918618546e-05,0.28030350057253256
CASE0057_CHUNK_0044,5.6889354918618546e-05,0.28030350057253256
CASE0057_CHUNK_0045,5.6889354918618546e-05,0.28030350057253256
CASE0057_CHUNK_0046,5.6889354918618546e-05,0.28030350057253256
CASE0057_CHUNK_0047,5.6889354918618546e-05,0.28030350057253256
CASE0057_CHUNK_0048,5.6889354918618546e-05,0.28030350057253256
CASE0057_CHUNK_0049,5.6889354918618546e-05,0.28030350057253256
CASE0057_CHUNK_0050,5.6889354918618546e-05,0.28030350057253256
CASE0057_CHUNK_0051,5.6889354918618546e-05,0.28030350057253256
CASE0057_CHUNK_0052,5.6889354918618546e-05,0.28030350057253256
CASE0057_CHUNK_0053,5.6889354918618546e-05,0.28030350057253256
CASE0057_CHUNK_0054,5.6889354918618546e-05,0.28030350057253256
CASE0057_CHUNK_0055,5.6889354918618546e-05,0.28030350057253256
CASE0057_CHUNK_0056,5.6889354918618546e-05,0.28030350057253256
CASE0057_CHUNK_0057,5.6889354918618546e-05,0.28030350057253256
CASE0057_CHUNK_0058,5.6889354918618546e-05,0.28030350057253256
CASE0057_CHUNK_0059,5.6889354918618546e-05,0.28030350057253256
CASE0057_CHUNK_0060,5.6889354918618546e-05,0.28030350057253256
CASE0057_CHUNK_0061,5.6889354918618546e-05,0.28030350057253256
CASE0057_CHUNK_0062,5.6889354918618546e-05,0.28030350057253256
CASE0057_CHUNK_0063,5.6889354918618546e-05,0.28030350057253256
CASE0057_CHUNK_0064,5.6889354918618546e-05,0.28030350057253256
CASE0057_CHUNK_0065,5.6889354918618546e-05,0.28030350057253256
CASE0057_CHUNK_0066,5.6889354918618546e-05,0.28030350057253256
CASE0057_CHUNK_0067,5.6889354918618546e-05,0.28030350057253256
CASE0057_CHUNK_0068,5.6889354918618546e-05,0.28030350057253256
CASE0057_CHUNK_0069,5.6889354918618546e-05,0.28030350057253256
CASE0057_CHUNK_0070,5.6889354918618546e-05,0.28030350057253256
CASE0057_CHUNK_0071,5.6889354918618546e-05,0.28030350057253256
CASE0057_CHUNK_0072,5.6889354918618546e-05,0.28030350057253256
CASE0057_CHUNK_0073,5.6889354918618546e-05,0.28030350057253256
CASE0057_CHUNK_0074,5.6889354918618546e-05,0.28030350057253256
CASE0057_CHUNK_0075,5.6889354918618546e-05,0.28030350057253256
CASE0057_CHUNK_0076,5.6889354918618546e-05,0.28030350057253256
CASE0057_CHUNK_0077,5.6889354918618546e-05,0.28030350057253256
CASE0057_CHUNK_0078,5.6889354918618546e-05,0.28030350057253256
CASE0057_CHUNK_0079,5.6889354918618546e-05,0.28030350057253256
CASE0057_CHUNK_0080,5.6889354918618546e-05,0.28030350057253256
CASE0057_CHUNK_0081,5.6889354918618546e-05,0.28030350057253256
CASE0057_CHUNK_0082,5.6889354918618546e-05,0.28030350057253256
CASE0057_CHUNK_0083,5.6889354918618546e-05,0.28030350057253256
CASE0057_CHUNK_0084,5.6889354918618546e-05,0.28030350057253256
CASE0057_CHUNK_0085,5.6889354918618546e-05,0.28030350057253256
CASE0057_CHUNK_0086,5.6889354918618546e-05,0.28030350057253256
CASE0057_CHUNK_0087,5.6889354918618546e-05,0.28030350057253256
CASE0057_CHUNK_0088,5.6889354918618546e-05,0.28030350057253256
CASE0057_CHUNK_0089,5.6889354918618546e-05,0.28030350057253256
CASE0057_CHUNK_0090,5.6889354918618546e-05,0.28030350057253256
CASE0058_CHUNK_0001,8.296407441650069e-05,0.4694329354896786
CASE0058_CHUNK_0002,8.296407441650069e-05,0.4694329354896786
CASE0058_CHUNK_0003,8.296407441650069e-05,0.4694329354896786
CASE0058_CHUNK_0004,8.296407441650069e-05,0.4694329354896786
CASE0058_CHUNK_0005,8.296407441650069e-05,0.4694329354896786
CASE0058_CHUNK_0006,8.296407441650069e-05,0.4694329354896786
CASE0058_CHUNK_0007,8.296407441650069e-05,0.4694329354896786
CASE0058_CHUNK_0008,8.296407441650069e-05,0.4694329354896786
CASE0058_CHUNK_0009,8.296407441650069e-05,0.4694329354896786
CASE0058_CHUNK_0010,8.296407441650069e-05,0.4694329354896786
CASE0058_CHUNK_0011,8.296407441650069e-05,0.4694329354896786
CASE0058_CHUNK_0012,8.296407441650069e-05,0.4694329354896786
CASE0058_CHUNK_0013,8.296407441650069e-05,0.4694329354896786
CASE0058_CHUNK_0014,8.296407441650069e-05,0.4694329354896786
CASE0058_CHUNK_0015,8.296407441650069e-05,0.4694329354896786
CASE0058_CHUNK_0016,8.296407441650069e-05,0.4694329354896786
CASE0058_CHUNK_0017,8.296407441650069e-05,0.4694329354896786
CASE0058_CHUNK_0018,8.296407441650069e-05,0.4694329354896786
CASE0058_CHUNK_0019,8.296407441650069e-05,0.4694329354896786
CASE0058_CHUNK_0020,8.296407441650069e-05,0.4694329354896786
CASE0058_CHUNK_0021,8.296407441650069e-05,0.4694329354896786
CASE0058_CHUNK_0022,8.296407441650069e-05,0.4694329354896786
CASE0058_CHUNK_0023,8.296407441650069e-05,0.4694329354896786
CASE0058_CHUNK_0024,8.296407441650069e-05,0.4694329354896786
CASE0058_CHUNK_0025,8.296407441650069e-05,0.4694329354896786
CASE0058_CHUNK_0026,8.296407441650069e-05,0.4694329354896786
CASE0058_CHUNK_0027,8.296407441650069e-05,0.4694329354896786
CASE0058_CHUNK_0028,8.296407441650069e-05,0.4694329354896786
CASE0058_CHUNK_0029,8.296407441650069e-05,0.4694329354896786
CASE0058_CHUNK_0030,8.296407441650069e-05,0.4694329354896786
CASE0058_CHUNK_0031,8.296407441650069e-05,0.4694329354896786
CASE0058_CHUNK_0032,8.296407441650069e-05,0.4694329354896786
CASE0058_CHUNK_0033,8.296407441650069e-05,0.4694329354896786
CASE0058_CHUNK_0034,8.296407441650069e-05,0.4694329354896786
CASE0058_CHUNK_0035,8.296407441650069e-05,0.4694329354896786
CASE0058_CHUNK_0036,8.296407441650069e-05,0.4694329354896786
CASE0058_CHUNK_0037,8.296407441650069e-05,0.4694329354896786
CASE0058_CHUNK_0038,8.296407441650069e-05,0.4694329354896786
CASE0058_CHUNK_0039,8.296407441650069e-05,0.4694329354896786
CASE0058_CHUNK_0040,8.296407441650069e-05,0.4694329354896786
CASE0058_CHUNK_0041,8.296407441650069e-05,0.4694329354896786
CASE0058_CHUNK_0042,8.296407441650069e-05,0.4694329354896786
CASE0058_CHUNK_0043,8.296407441650069e-05,0.4694329354896786
CASE0058_CHUNK_0044,8.296407441650069e-05,0.4694329354896786
CASE0058_CHUNK_0045,8.296407441650069e-05,0.4694329354896786
CASE0058_CHUNK_0046,8.296407441650069e-05,0.4694329354896786
CASE0058_CHUNK_0047,8.296407441650069e-05,0.4694329354896786
CASE0058_CHUNK_0048,8.296407441650069e-05,0.4694329354896786
CASE0058_CHUNK_0049,8.296407441650069e-05,0.4694329354896786
CASE0058_CHUNK_0050,8.296407441650069e-05,0.4694329354896786
CASE0058_CHUNK_0051,8.296407441650069e-05,0.4694329354896786
CASE0058_CHUNK_0052,8.296407441650069e-05,0.4694329354896786
CASE0058_CHUNK_0053,8.296407441650069e-05,0.4694329354896786
CASE0058_CHUNK_0054,8.296407441650069e-05,0.4694329354896786
CASE0058_CHUNK_0055,8.296407441650069e-05,0.4694329354896786
CASE0058_CHUNK_0056,8.296407441650069e-05,0.4694329354896786
CASE0058_CHUNK_0057,8.296407441650069e-05,0.4694329354896786
CASE0058_CHUNK_0058,8.296407441650069e-05,0.4694329354896786
CASE0058_CHUNK_0059,8.296407441650069e-05,0.4694329354896786
CASE0058_CHUNK_0060,8.296407441650069e-05,0.4694329354896786
CASE0058_CHUNK_0061,8.296407441650069e-05,0.4694329354896786
CASE0058_CHUNK_0062,8.296407441650069e-05,0.4694329354896786
CASE0058_CHUNK_0063,8.296407441650069e-05,0.4694329354896786
CASE0058_CHUNK_0064,8.296407441650069e-05,0.4694329354896786
CASE0058_CHUNK_0065,8.296407441650069e-05,0.4694329354896786
CASE0058_CHUNK_0066,8.296407441650069e-05,0.4694329354896786
CASE0058_CHUNK_0067,8.296407441650069e-05,0.4694329354896786
CASE0058_CHUNK_0068,8.296407441650069e-05,0.4694329354896786
CASE0058_CHUNK_0069,8.296407441650069e-05,0.4694329354896786
CASE0058_CHUNK_0070,8.296407441650069e-05,0.4694329354896786
CASE0058_CHUNK_0071,8.296407441650069e-05,0.4694329354896786
CASE0058_CHUNK_0072,8.296407441650069e-05,0.4694329354896786
CASE0058_CHUNK_0073,8.296407441650069e-05,0.4694329354896786
CASE0058_CHUNK_0074,8.296407441650069e-05,0.4694329354896786
CASE0058_CHUNK_0075,8.296407441650069e-05,0.4694329354896786
CASE0058_CHUNK_0076,8.296407441650069e-05,0.4694329354896786
CASE0058_CHUNK_0077,8.296407441650069e-05,0.4694329354896786
CASE0058_CHUNK_0078,8.296407441650069e-05,0.4694329354896786
CASE0058_CHUNK_0079,8.296407441650069e-05,0.4694329354896786
CASE0058_CHUNK_0080,8.296407441650069e-05,0.4694329354896786
CASE0058_CHUNK_0081,8.296407441650069e-05,0.4694329354896786
CASE0058_CHUNK_0082,8.296407441650069e-05,0.4694329354896786
CASE0058_CHUNK_0083,8.296407441650069e-05,0.4694329354896786
CASE0059_CHUNK_0001,8.399621437972526e-05,0.47691942246860564
CASE0059_CHUNK_0002,8.399621437972526e-05,0.47691942246860564
CASE0059_CHUNK_0003,8.399621437972526e-05,0.47691942246860564
CASE0059_CHUNK_0004,8.399621437972526e-05,0.47691942246860564
CASE0059_CHUNK_0005,8.399621437972526e-05,0.47691942246860564
CASE0059_CHUNK_0006,8.399621437972526e-05,0.47691942246860564
CASE0059_CHUNK_0007,8.399621437972526e-05,0.47691942246860564
CASE0059_CHUNK_0008,8.399621437972526e-05,0.47691942246860564
CASE0059_CHUNK_0009,8.399621437972526e-05,0.47691942246860564
CASE0059_CHUNK_0010,8.399621437972526e-05,0.47691942246860564
CASE0059_CHUNK_0011,8.399621437972526e-05,0.47691942246860564
CASE0059_CHUNK_0012,8.399621437972526e-05,0.47691942246860564
CASE0059_CHUNK_0013,8.399621437972526e-05,0.47691942246860564
CASE0059_CHUNK_0014,8.399621437972526e-05,0.47691942246860564
CASE0059_CHUNK_0015,8.399621437972526e-05,0.47691942246860564
CASE0059_CHUNK_0016,8.399621437972526e-05,0.47691942246860564
CASE0059_CHUNK_0017,8.399621437972526e-05,0.47691942246860564
CASE0059_CHUNK_0018,8.399621437972526e-05,0.47691942246860564
CASE0059_CHUNK_0019,8.399621437972526e-05,0.47691942246860564
CASE0059_CHUNK_0020,8.399621437972526e-05,0.47691942246860564
CASE0059_CHUNK_0021,8.399621437972526e-05,0.47691942246860564
CASE0059_CHUNK_0022,8.399621437972526e-05,0.47691942246860564
CASE0059_CHUNK_0023,8.399621437972526e-05,0.47691942246860564
CASE0059_CHUNK_0024,8.399621437972526e-05,0.47691942246860564
CASE0059_CHUNK_0025,8.399621437972526e-05,0.47691942246860564
CASE0059_CHUNK_0026,8.399621437972526e-05,0.47691942246860564
CASE0059_CHUNK_0027,8.399621437972526e-05,0.47691942246860564
CASE0059_CHUNK_0028,8.399621437972526e-05,0.47691942246860564
CASE0059_CHUNK_0029,8.399621437972526e-05,0.47691942246860564
CASE0059_CHUNK_0030,8.399621437972526e-05,0.47691942246860564
CASE0059_CHUNK_0031,8.399621437972526e-05,0.47691942246860564
CASE0059_CHUNK_0032,8.399621437972526e-05,0.47691942246860564
CASE0059_CHUNK_0033,8.399621437972526e-05,0.47691942246860564
CASE0059_CHUNK_0034,8.399621437972526e-05,0.47691942246860564
CASE0059_CHUNK_0035,8.399621437972526e-05,0.47691942246860564
CASE0059_CHUNK_0036,8.399621437972526e-05,0.47691942246860564
CASE0059_CHUNK_0037,8.399621437972526e-05,0.47691942246860564
CASE0059_CHUNK_0038,8.399621437972526e-05,0.47691942246860564
CASE0059_CHUNK_0039,8.399621437972526e-05,0.47691942246860564
CASE0059_CHUNK_0040,8.399621437972526e-05,0.47691942246860564
CASE0059_CHUNK_0041,8.399621437972526e-05,0.47691942246860564
CASE0059_CHUNK_0042,8.399621437972526e-05,0.47691942246860564
CASE0059_CHUNK_0043,8.399621437972526e-05,0.47691942246860564
CASE0059_CHUNK_0044,8.399621437972526e-05,0.47691942246860564
CASE0059_CHUNK_0045,8.399621437972526e-05,0.47691942246860564
CASE0059_CHUNK_0046,8.399621437972526e-05,0.47691942246860564
CASE0059_CHUNK_0047,8.399621437972526e-05,0.47691942246860564
CASE0059_CHUNK_0048,8.399621437972526e-05,0.47691942246860564
CASE0059_CHUNK_0049,8.399621437972526e-05,0.47691942246860564
CASE0059_CHUNK_0050,8.399621437972526e-05,0.47691942246860564
CASE0059_CHUNK_0051,8.399621437972526e-05,0.47691942246860564
CASE0059_CHUNK_0052,8.399621437972526e-05,0.47691942246860564
CASE0059_CHUNK_0053,8.399621437972526e-05,0.47691942246860564
CASE0059_CHUNK_0054,8.399621437972526e-05,0.47691942246860564
CASE0059_CHUNK_0055,8.399621437972526e-05,0.47691942246860564
CASE0059_CHUNK_0056,8.399621437972526e-05,0.47691942246860564
CASE0059_CHUNK_0057,8.399621437972526e-05,0.47691942246860564
CASE0059_CHUNK_0058,8.399621437972526e-05,0.47691942246860564
CASE0059_CHUNK_0059,8.399621437972526e-05,0.47691942246860564
CASE0059_CHUNK_0060,8.399621437972526e-05,0.47691942246860564
CASE0059_CHUNK_0061,8.399621437972526e-05,0.47691942246860564
CASE0059_CHUNK_0062,8.399621437972526e-05,0.47691942246860564
CASE0059_CHUNK_0063,8.399621437972526e-05,0.47691942246860564
CASE0059_CHUNK_0064,8.399621437972526e-05,0.47691942246860564
CASE0059_CHUNK_0065,8.399621437972526e-05,0.47691942246860564
CASE0059_CHUNK_0066,8.399621437972526e-05,0.47691942246860564
CASE0059_CHUNK_0067,8.399621437972526e-05,0.47691942246860564
CASE0059_CHUNK_0068,8.399621437972526e-05,0.47691942246860564
CASE0059_CHUNK_0069,8.399621437972526e-05,0.47691942246860564
CASE0059_CHUNK_0070,8.399621437972526e-05,0.47691942246860564
CASE0059_CHUNK_0071,8.399621437972526e-05,0.47691942246860564
CASE0059_CHUNK_0072,8.399621437972526e-05,0.47691942246860564
CASE0059_CHUNK_0073,8.399621437972526e-05,0.47691942246860564
CASE0059_CHUNK_0074,8.399621437972526e-05,0.47691942246860564
CASE0059_CHUNK_0075,8.399621437972526e-05,0.47691942246860564
CASE0059_CHUNK_0076,8.399621437972526e-05,0.47691942246860564
CASE0059_CHUNK_0077,8.399621437972526e-05,0.47691942246860564
CASE0059_CHUNK_0078,8.399621437972526e-05,0.47691942246860564
CASE0059_CHUNK_0079,8.399621437972526e-05,0.47691942246860564
CASE0059_CHUNK_0080,8.399621437972526e-05,0.47691942246860564
CASE0059_CHUNK_0081,8.399621437972526e-05,0.47691942246860564
CASE0059_CHUNK_0082,8.399621437972526e-05,0.47691942246860564
CASE0059_CHUNK_0083,8.399621437972526e-05,0.47691942246860564
CASE0059_CHUNK_0084,8.399621437972526e-05,0.47691942246860564
CASE0059_CHUNK_0085,8.399621437972526e-05,0.47691942246860564
CASE0059_CHUNK_0086,8.399621437972526e-05,0.47691942246860564
CASE0059_CHUNK_0087,8.399621437972526e-05,0.47691942246860564
CASE0059_CHUNK_0088,8.399621437972526e-05,0.47691942246860564
CASE0059_CHUNK_0089,8.399621437972526e-05,0.47691942246860564
CASE0059_CHUNK_0090,8.399621437972526e-05,0.47691942246860564
CASE0059_CHUNK_0091,8.399621437972526e-05,0.47691942246860564
CASE0059_CHUNK_0092,8.399621437972526e-05,0.47691942246860564
CASE0059_CHUNK_0093,8.399621437972526e-05,0.47691942246860564
CASE0059_CHUNK_0094,8.399621437972526e-05,0.47691942246860564
CASE0059_CHUNK_0095,8.399621437972526e-05,0.47691942246860564
CASE0059_CHUNK_0096,8.399621437972526e-05,0.47691942246860564
CASE0059_CHUNK_0097,8.399621437972526e-05,0.47691942246860564
CASE0059_CHUNK_0098,8.399621437972526e-05,0.47691942246860564
CASE0059_CHUNK_0099,8.399621437972526e-05,0.47691942246860564
CASE0059_CHUNK_0100,8.399621437972526e-05,0.47691942246860564
CASE0059_CHUNK_0101,8.399621437972526e-05,0.47691942246860564
CASE0059_CHUNK_0102,8.399621437972526e-05,0.47691942246860564
CASE0059_CHUNK_0103,8.399621437972526e-05,0.47691942246860564
CASE0059_CHUNK_0104,8.399621437972526e-05,0.47691942246860564
CASE0059_CHUNK_0105,8.399621437972526e-05,0.47691942246860564
CASE0059_CHUNK_0106,8.399621437972526e-05,0.47691942246860564
CASE0059_CHUNK_0107,8.399621437972526e-05,0.47691942246860564
CASE0059_CHUNK_0108,8.399621437972526e-05,0.47691942246860564
CASE0059_CHUNK_0109,8.399621437972526e-05,0.47691942246860564
CASE0059_CHUNK_0110,8.399621437972526e-05,0.47691942246860564
CASE0059_CHUNK_0111,8.399621437972526e-05,0.47691942246860564
CASE0059_CHUNK_0112,8.399621437972526e-05,0.47691942246860564
CASE0059_CHUNK_0113,8.399621437972526e-05,0.47691942246860564
CASE0059_CHUNK_0114,8.399621437972526e-05,0.47691942246860564
CASE0059_CHUNK_0115,8.399621437972526e-05,0.47691942246860564
CASE0059_CHUNK_0116,8.399621437972526e-05,0.47691942246860564
CASE0060_CHUNK_0001,8.399621437972526e-05,0.47691942246860564
CASE0060_CHUNK_0002,8.399621437972526e-05,0.47691942246860564
CASE0060_CHUNK_0003,8.399621437972526e-05,0.47691942246860564
CASE0060_CHUNK_0004,8.399621437972526e-05,0.47691942246860564
CASE0060_CHUNK_0005,8.399621437972526e-05,0.47691942246860564
CASE0060_CHUNK_0006,8.399621437972526e-05,0.47691942246860564
CASE0060_CHUNK_0007,8.399621437972526e-05,0.47691942246860564
CASE0060_CHUNK_0008,8.399621437972526e-05,0.47691942246860564
CASE0060_CHUNK_0009,8.399621437972526e-05,0.47691942246860564
CASE0060_CHUNK_0010,8.399621437972526e-05,0.47691942246860564
CASE0060_CHUNK_0011,8.399621437972526e-05,0.47691942246860564
CASE0060_CHUNK_0012,8.399621437972526e-05,0.47691942246860564
CASE0060_CHUNK_0013,8.399621437972526e-05,0.47691942246860564
CASE0060_CHUNK_0014,8.399621437972526e-05,0.47691942246860564
CASE0060_CHUNK_0015,8.399621437972526e-05,0.47691942246860564
CASE0060_CHUNK_0016,8.399621437972526e-05,0.47691942246860564
CASE0060_CHUNK_0017,8.399621437972526e-05,0.47691942246860564
CASE0060_CHUNK_0018,8.399621437972526e-05,0.47691942246860564
CASE0060_CHUNK_0019,8.399621437972526e-05,0.47691942246860564
CASE0060_CHUNK_0020,8.399621437972526e-05,0.47691942246860564
CASE0060_CHUNK_0021,8.399621437972526e-05,0.47691942246860564
CASE0060_CHUNK_0022,8.399621437972526e-05,0.47691942246860564
CASE0060_CHUNK_0023,8.399621437972526e-05,0.47691942246860564
CASE0060_CHUNK_0024,8.399621437972526e-05,0.47691942246860564
CASE0060_CHUNK_0025,8.399621437972526e-05,0.47691942246860564
CASE0060_CHUNK_0026,8.399621437972526e-05,0.47691942246860564
CASE0060_CHUNK_0027,8.399621437972526e-05,0.47691942246860564
CASE0060_CHUNK_0028,8.399621437972526e-05,0.47691942246860564
CASE0060_CHUNK_0029,8.399621437972526e-05,0.47691942246860564
CASE0060_CHUNK_0030,8.399621437972526e-05,0.47691942246860564
CASE0060_CHUNK_0031,8.399621437972526e-05,0.47691942246860564
CASE0060_CHUNK_0032,8.399621437972526e-05,0.47691942246860564
CASE0060_CHUNK_0033,8.399621437972526e-05,0.47691942246860564
CASE0060_CHUNK_0034,8.399621437972526e-05,0.47691942246860564
CASE0060_CHUNK_0035,8.399621437972526e-05,0.47691942246860564
CASE0060_CHUNK_0036,8.399621437972526e-05,0.47691942246860564
CASE0060_CHUNK_0037,8.399621437972526e-05,0.47691942246860564
CASE0060_CHUNK_0038,8.399621437972526e-05,0.47691942246860564
CASE0060_CHUNK_0039,8.399621437972526e-05,0.47691942246860564
CASE0060_CHUNK_0040,8.399621437972526e-05,0.47691942246860564
CASE0060_CHUNK_0041,8.399621437972526e-05,0.47691942246860564
CASE0060_CHUNK_0042,8.399621437972526e-05,0.47691942246860564
CASE0060_CHUNK_0043,8.399621437972526e-05,0.47691942246860564
CASE0060_CHUNK_0044,8.399621437972526e-05,0.47691942246860564
CASE0060_CHUNK_0045,8.399621437972526e-05,0.47691942246860564
CASE0060_CHUNK_0046,8.399621437972526e-05,0.47691942246860564
CASE0060_CHUNK_0047,8.399621437972526e-05,0.47691942246860564
CASE0060_CHUNK_0048,8.399621437972526e-05,0.47691942246860564
CASE0060_CHUNK_0049,8.399621437972526e-05,0.47691942246860564
CASE0060_CHUNK_0050,8.399621437972526e-05,0.47691942246860564
CASE0060_CHUNK_0051,8.399621437972526e-05,0.47691942246860564
CASE0060_CHUNK_0052,8.399621437972526e-05,0.47691942246860564
CASE0060_CHUNK_0053,8.399621437972526e-05,0.47691942246860564
CASE0060_CHUNK_0054,8.399621437972526e-05,0.47691942246860564
CASE0060_CHUNK_0055,8.399621437972526e-05,0.47691942246860564
CASE0060_CHUNK_0056,8.399621437972526e-05,0.47691942246860564
CASE0060_CHUNK_0057,8.399621437972526e-05,0.47691942246860564
CASE0060_CHUNK_0058,8.399621437972526e-05,0.47691942246860564
CASE0060_CHUNK_0059,8.399621437972526e-05,0.47691942246860564
CASE0060_CHUNK_0060,8.399621437972526e-05,0.47691942246860564
CASE0060_CHUNK_0061,8.399621437972526e-05,0.47691942246860564
CASE0060_CHUNK_0062,8.399621437972526e-05,0.47691942246860564
CASE0060_CHUNK_0063,8.399621437972526e-05,0.47691942246860564
CASE0060_CHUNK_0064,8.399621437972526e-05,0.47691942246860564
CASE0060_CHUNK_0065,8.399621437972526e-05,0.47691942246860564
CASE0060_CHUNK_0066,8.399621437972526e-05,0.47691942246860564
CASE0060_CHUNK_0067,8.399621437972526e-05,0.47691942246860564
CASE0060_CHUNK_0068,8.399621437972526e-05,0.47691942246860564
CASE0060_CHUNK_0069,8.399621437972526e-05,0.47691942246860564
CASE0060_CHUNK_0070,8.399621437972526e-05,0.47691942246860564
CASE0060_CHUNK_0071,8.399621437972526e-05,0.47691942246860564
CASE0060_CHUNK_0072,8.399621437972526e-05,0.47691942246860564
CASE0060_CHUNK_0073,8.399621437972526e-05,0.47691942246860564
CASE0060_CHUNK_0074,8.399621437972526e-05,0.47691942246860564
CASE0060_CHUNK_0075,8.399621437972526e-05,0.47691942246860564
CASE0060_CHUNK_0076,8.399621437972526e-05,0.47691942246860564
CASE0060_CHUNK_0077,8.399621437972526e-05,0.47691942246860564
CASE0060_CHUNK_0078,8.399621437972526e-05,0.47691942246860564
CASE0060_CHUNK_0079,8.399621437972526e-05,0.47691942246860564
CASE0060_CHUNK_0080,8.399621437972526e-05,0.47691942246860564
CASE0060_CHUNK_0081,8.399621437972526e-05,0.47691942246860564
CASE0060_CHUNK_0082,8.399621437972526e-05,0.47691942246860564
CASE0060_CHUNK_0083,8.399621437972526e-05,0.47691942246860564
CASE0060_CHUNK_0084,8.399621437972526e-05,0.47691942246860564
CASE0060_CHUNK_0085,8.399621437972526e-05,0.47691942246860564
CASE0060_CHUNK_0086,8.399621437972526e-05,0.47691942246860564
CASE0060_CHUNK_0087,8.399621437972526e-05,0.47691942246860564
CASE0060_CHUNK_0088,8.399621437972526e-05,0.47691942246860564
CASE0060_CHUNK_0089,8.399621437972526e-05,0.47691942246860564
CASE0060_CHUNK_0090,8.399621437972526e-05,0.47691942246860564
CASE0060_CHUNK_0091,8.399621437972526e-05,0.47691942246860564
CASE0060_CHUNK_0092,8.399621437972526e-05,0.47691942246860564
CASE0060_CHUNK_0093,8.399621437972526e-05,0.47691942246860564
CASE0060_CHUNK_0094,8.399621437972526e-05,0.47691942246860564
CASE0060_CHUNK_0095,8.399621437972526e-05,0.47691942246860564
CASE0060_CHUNK_0096,8.399621437972526e-05,0.47691942246860564
CASE0060_CHUNK_0097,8.399621437972526e-05,0.47691942246860564
CASE0060_CHUNK_0098,8.399621437972526e-05,0.47691942246860564
CASE0060_CHUNK_0099,8.399621437972526e-05,0.47691942246860564
CASE0060_CHUNK_0100,8.399621437972526e-05,0.47691942246860564
CASE0060_CHUNK_0101,8.399621437972526e-05,0.47691942246860564
CASE0060_CHUNK_0102,8.399621437972526e-05,0.47691942246860564
CASE0060_CHUNK_0103,8.399621437972526e-05,0.47691942246860564
CASE0060_CHUNK_0104,8.399621437972526e-05,0.47691942246860564
CASE0060_CHUNK_0105,8.399621437972526e-05,0.47691942246860564
CASE0060_CHUNK_0106,8.399621437972526e-05,0.47691942246860564
CASE0060_CHUNK_0107,8.399621437972526e-05,0.47691942246860564
CASE0060_CHUNK_0108,8.399621437972526e-05,0.47691942246860564
CASE0060_CHUNK_0109,8.399621437972526e-05,0.47691942246860564
CASE0060_CHUNK_0110,8.399621437972526e-05,0.47691942246860564
CASE0060_CHUNK_0111,8.399621437972526e-05,0.47691942246860564
CASE0060_CHUNK_0112,8.399621437972526e-05,0.47691942246860564
CASE0060_CHUNK_0113,8.399621437972526e-05,0.47691942246860564
CASE0060_CHUNK_0114,8.399621437972526e-05,0.47691942246860564
CASE0060_CHUNK_0115,8.399621437972526e-05,0.47691942246860564
CASE0060_CHUNK_0116,8.399621437972526e-05,0.47691942246860564
CASE0061_CHUNK_0001,7.450156233916174e-05,0.40805125399942765
CASE0061_CHUNK_0002,7.450156233916174e-05,0.40805125399942765
CASE0061_CHUNK_0003,7.450156233916174e-05,0.40805125399942765
CASE0061_CHUNK_0004,7.450156233916174e-05,0.40805125399942765
CASE0061_CHUNK_0005,7.450156233916174e-05,0.40805125399942765
CASE0061_CHUNK_0006,7.450156233916174e-05,0.40805125399942765
CASE0061_CHUNK_0007,7.450156233916174e-05,0.40805125399942765
CASE0061_CHUNK_0008,7.450156233916174e-05,0.40805125399942765
CASE0061_CHUNK_0009,7.450156233916174e-05,0.40805125399942765
CASE0062_CHUNK_0001,8.585182926107276e-05,0.49037887287464377
CASE0062_CHUNK_0002,8.585182926107276e-05,0.49037887287464377
CASE0062_CHUNK_0003,8.585182926107276e-05,0.49037887287464377
CASE0062_CHUNK_0004,8.585182926107276e-05,0.49037887287464377
CASE0062_CHUNK_0005,8.585182926107276e-05,0.49037887287464377
CASE0062_CHUNK_0006,8.585182926107276e-05,0.49037887287464377
CASE0062_CHUNK_0007,8.585182926107276e-05,0.49037887287464377
CASE0062_CHUNK_0008,8.585182926107276e-05,0.49037887287464377
CASE0062_CHUNK_0009,8.585182926107276e-05,0.49037887287464377
CASE0062_CHUNK_0010,8.585182926107276e-05,0.49037887287464377
CASE0062_CHUNK_0011,8.585182926107276e-05,0.49037887287464377
CASE0062_CHUNK_0012,8.585182926107276e-05,0.49037887287464377
CASE0062_CHUNK_0013,8.585182926107276e-05,0.49037887287464377
CASE0062_CHUNK_0014,8.585182926107276e-05,0.49037887287464377
CASE0062_CHUNK_0015,8.585182926107276e-05,0.49037887287464377
CASE0062_CHUNK_0016,8.585182926107276e-05,0.49037887287464377
CASE0062_CHUNK_0017,8.585182926107276e-05,0.49037887287464377
CASE0062_CHUNK_0018,8.585182926107276e-05,0.49037887287464377
CASE0062_CHUNK_0019,8.585182926107276e-05,0.49037887287464377
CASE0062_CHUNK_0020,8.585182926107276e-05,0.49037887287464377
CASE0062_CHUNK_0021,8.585182926107276e-05,0.49037887287464377
CASE0062_CHUNK_0022,8.585182926107276e-05,0.49037887287464377
CASE0062_CHUNK_0023,8.585182926107276e-05,0.49037887287464377
CASE0063_CHUNK_0001,9.76933713386365e-05,0.5762698893382779
CASE0063_CHUNK_0002,9.76933713386365e-05,0.5762698893382779
CASE0063_CHUNK_0003,9.76933713386365e-05,0.5762698893382779
CASE0063_CHUNK_0004,9.76933713386365e-05,0.5762698893382779
CASE0063_CHUNK_0005,9.76933713386365e-05,0.5762698893382779
CASE0063_CHUNK_0006,9.76933713386365e-05,0.5762698893382779
CASE0063_CHUNK_0007,9.76933713386365e-05,0.5762698893382779
CASE0063_CHUNK_0008,9.76933713386365e-05,0.5762698893382779
CASE0063_CHUNK_0009,9.76933713386365e-05,0.5762698893382779
CASE0063_CHUNK_0010,9.76933713386365e-05,0.5762698893382779
CASE0063_CHUNK_0011,9.76933713386365e-05,0.5762698893382779
CASE0063_CHUNK_0012,9.76933713386365e-05,0.5762698893382779
CASE0063_CHUNK_0013,9.76933713386365e-05,0.5762698893382779
CASE0063_CHUNK_0014,9.76933713386365e-05,0.5762698893382779
CASE0063_CHUNK_0015,9.76933713386365e-05,0.5762698893382779
CASE0063_CHUNK_0016,9.76933713386365e-05,0.5762698893382779
CASE0063_CHUNK_0017,9.76933713386365e-05,0.5762698893382779
CASE0063_CHUNK_0018,9.76933713386365e-05,0.5762698893382779
CASE0063_CHUNK_0019,9.76933713386365e-05,0.5762698893382779
CASE0063_CHUNK_0020,9.76933713386365e-05,0.5762698893382779
CASE0063_CHUNK_0021,9.76933713386365e-05,0.5762698893382779
CASE0063_CHUNK_0022,9.76933713386365e-05,0.5762698893382779
CASE0063_CHUNK_0023,9.76933713386365e-05,0.5762698893382779
CASE0063_CHUNK_0024,9.76933713386365e-05,0.5762698893382779
CASE0063_CHUNK_0025,9.76933713386365e-05,0.5762698893382779
CASE0063_CHUNK_0026,9.76933713386365e-05,0.5762698893382779
CASE0063_CHUNK_0027,9.76933713386365e-05,0.5762698893382779
CASE0063_CHUNK_0028,9.76933713386365e-05,0.5762698893382779
CASE0063_CHUNK_0029,9.76933713386365e-05,0.5762698893382779
CASE0063_CHUNK_0030,9.76933713386365e-05,0.5762698893382779
CASE0063_CHUNK_0031,9.76933713386365e-05,0.5762698893382779
CASE0063_CHUNK_0032,9.76933713386365e-05,0.5762698893382779
CASE0063_CHUNK_0033,9.76933713386365e-05,0.5762698893382779
CASE0063_CHUNK_0034,9.76933713386365e-05,0.5762698893382779
CASE0063_CHUNK_0035,9.76933713386365e-05,0.5762698893382779
CASE0063_CHUNK_0036,9.76933713386365e-05,0.5762698893382779
CASE0063_CHUNK_0037,9.76933713386365e-05,0.5762698893382779
CASE0063_CHUNK_0038,9.76933713386365e-05,0.5762698893382779
CASE0063_CHUNK_0039,9.76933713386365e-05,0.5762698893382779
CASE0063_CHUNK_0040,9.76933713386365e-05,0.5762698893382779
CASE0063_CHUNK_0041,9.76933713386365e-05,0.5762698893382779
CASE0063_CHUNK_0042,9.76933713386365e-05,0.5762698893382779
CASE0063_CHUNK_0043,9.76933713386365e-05,0.5762698893382779
CASE0063_CHUNK_0044,9.76933713386365e-05,0.5762698893382779
CASE0063_CHUNK_0045,9.76933713386365e-05,0.5762698893382779
CASE0063_CHUNK_0046,9.76933713386365e-05,0.5762698893382779
CASE0063_CHUNK_0047,9.76933713386365e-05,0.5762698893382779
CASE0063_CHUNK_0048,9.76933713386365e-05,0.5762698893382779
CASE0063_CHUNK_0049,9.76933713386365e-05,0.5762698893382779
CASE0063_CHUNK_0050,9.76933713386365e-05,0.5762698893382779
CASE0063_CHUNK_0051,9.76933713386365e-05,0.5762698893382779
CASE0063_CHUNK_0052,9.76933713386365e-05,0.5762698893382779
CASE0063_CHUNK_0053,9.76933713386365e-05,0.5762698893382779
CASE0063_CHUNK_0054,9.76933713386365e-05,0.5762698893382779
CASE0063_CHUNK_0055,9.76933713386365e-05,0.5762698893382779
CASE0063_CHUNK_0056,9.76933713386365e-05,0.5762698893382779
CASE0063_CHUNK_0057,9.76933713386365e-05,0.5762698893382779
CASE0063_CHUNK_0058,9.76933713386365e-05,0.5762698893382779
CASE0063_CHUNK_0059,9.76933713386365e-05,0.5762698893382779
CASE0063_CHUNK_0060,9.76933713386365e-05,0.5762698893382779
CASE0063_CHUNK_0061,9.76933713386365e-05,0.5762698893382779
CASE0063_CHUNK_0062,9.76933713386365e-05,0.5762698893382779
CASE0063_CHUNK_0063,9.76933713386365e-05,0.5762698893382779
CASE0063_CHUNK_0064,9.76933713386365e-05,0.5762698893382779
CASE0063_CHUNK_0065,9.76933713386365e-05,0.5762698893382779
CASE0063_CHUNK_0066,9.76933713386365e-05,0.5762698893382779
CASE0063_CHUNK_0067,9.76933713386365e-05,0.5762698893382779
CASE0063_CHUNK_0068,9.76933713386365e-05,0.5762698893382779
CASE0063_CHUNK_0069,9.76933713386365e-05,0.5762698893382779
CASE0063_CHUNK_0070,9.76933713386365e-05,0.5762698893382779
CASE0063_CHUNK_0071,9.76933713386365e-05,0.5762698893382779
CASE0063_CHUNK_0072,9.76933713386365e-05,0.5762698893382779
CASE0063_CHUNK_0073,9.76933713386365e-05,0.5762698893382779
CASE0063_CHUNK_0074,9.76933713386365e-05,0.5762698893382779
CASE0063_CHUNK_0075,9.76933713386365e-05,0.5762698893382779
CASE0063_CHUNK_0076,9.76933713386365e-05,0.5762698893382779
CASE0063_CHUNK_0077,9.76933713386365e-05,0.5762698893382779
CASE0063_CHUNK_0078,9.76933713386365e-05,0.5762698893382779
CASE0063_CHUNK_0079,9.76933713386365e-05,0.5762698893382779
CASE0063_CHUNK_0080,9.76933713386365e-05,0.5762698893382779
CASE0063_CHUNK_0081,9.76933713386365e-05,0.5762698893382779
CASE0063_CHUNK_0082,9.76933713386365e-05,0.5762698893382779
CASE0063_CHUNK_0083,9.76933713386365e-05,0.5762698893382779
CASE0063_CHUNK_0084,9.76933713386365e-05,0.5762698893382779
CASE0063_CHUNK_0085,9.76933713386365e-05,0.5762698893382779
CASE0063_CHUNK_0086,9.76933713386365e-05,0.5762698893382779
CASE0063_CHUNK_0087,9.76933713386365e-05,0.5762698893382779
CASE0063_CHUNK_0088,9.76933713386365e-05,0.5762698893382779
CASE0063_CHUNK_0089,9.76933713386365e-05,0.5762698893382779
CASE0063_CHUNK_0090,9.76933713386365e-05,0.5762698893382779
CASE0063_CHUNK_0091,9.76933713386365e-05,0.5762698893382779
CASE0063_CHUNK_0092,9.76933713386365e-05,0.5762698893382779
CASE0063_CHUNK_0093,9.76933713386365e-05,0.5762698893382779
CASE0063_CHUNK_0094,9.76933713386365e-05,0.5762698893382779
CASE0063_CHUNK_0095,9.76933713386365e-05,0.5762698893382779
CASE0063_CHUNK_0096,9.76933713386365e-05,0.5762698893382779
CASE0063_CHUNK_0097,9.76933713386365e-05,0.5762698893382779
CASE0063_CHUNK_0098,9.76933713386365e-05,0.5762698893382779
CASE0063_CHUNK_0099,9.76933713386365e-05,0.5762698893382779
CASE0063_CHUNK_0100,9.76933713386365e-05,0.5762698893382779
CASE0063_CHUNK_0101,9.76933713386365e-05,0.5762698893382779
CASE0063_CHUNK_0102,9.76933713386365e-05,0.5762698893382779
CASE0063_CHUNK_0103,9.76933713386365e-05,0.5762698893382779
CASE0063_CHUNK_0104,9.76933713386365e-05,0.5762698893382779
CASE0063_CHUNK_0105,9.76933713386365e-05,0.5762698893382779
CASE0063_CHUNK_0106,9.76933713386365e-05,0.5762698893382779
CASE0063_CHUNK_0107,9.76933713386365e-05,0.5762698893382779
CASE0063_CHUNK_0108,9.76933713386365e-05,0.5762698893382779
CASE0063_CHUNK_0109,9.76933713386365e-05,0.5762698893382779
CASE0063_CHUNK_0110,9.76933713386365e-05,0.5762698893382779
CASE0063_CHUNK_0111,9.76933713386365e-05,0.5762698893382779
CASE0063_CHUNK_0112,9.76933713386365e-05,0.5762698893382779
CASE0063_CHUNK_0113,9.76933713386365e-05,0.5762698893382779
CASE0063_CHUNK_0114,9.76933713386365e-05,0.5762698893382779
CASE0063_CHUNK_0115,9.76933713386365e-05,0.5762698893382779
CASE0063_CHUNK_0116,9.76933713386365e-05,0.5762698893382779
CASE0063_CHUNK_0117,9.76933713386365e-05,0.5762698893382779
CASE0063_CHUNK_0118,9.76933713386365e-05,0.5762698893382779
CASE0063_CHUNK_0119,9.76933713386365e-05,0.5762698893382779
CASE0063_CHUNK_0120,9.76933713386365e-05,0.5762698893382779
CASE0063_CHUNK_0121,9.76933713386365e-05,0.5762698893382779
CASE0063_CHUNK_0122,9.76933713386365e-05,0.5762698893382779
CASE0063_CHUNK_0123,9.76933713386365e-05,0.5762698893382779
CASE0063_CHUNK_0124,9.76933713386365e-05,0.5762698893382779
CASE0063_CHUNK_0125,9.76933713386365e-05,0.5762698893382779
CASE0063_CHUNK_0126,9.76933713386365e-05,0.5762698893382779
CASE0063_CHUNK_0127,9.76933713386365e-05,0.5762698893382779
CASE0063_CHUNK_0128,9.76933713386365e-05,0.5762698893382779
CASE0063_CHUNK_0129,9.76933713386365e-05,0.5762698893382779
CASE0063_CHUNK_0130,9.76933713386365e-05,0.5762698893382779
CASE0063_CHUNK_0131,9.76933713386365e-05,0.5762698893382779
CASE0063_CHUNK_0132,9.76933713386365e-05,0.5762698893382779
CASE0063_CHUNK_0133,9.76933713386365e-05,0.5762698893382779
CASE0063_CHUNK_0134,9.76933713386365e-05,0.5762698893382779
CASE0063_CHUNK_0135,9.76933713386365e-05,0.5762698893382779
CASE0063_CHUNK_0136,9.76933713386365e-05,0.5762698893382779
CASE0063_CHUNK_0137,9.76933713386365e-05,0.5762698893382779
CASE0063_CHUNK_0138,9.76933713386365e-05,0.5762698893382779
CASE0063_CHUNK_0139,9.76933713386365e-05,0.5762698893382779
CASE0063_CHUNK_0140,9.76933713386365e-05,0.5762698893382779
CASE0063_CHUNK_0141,9.76933713386365e-05,0.5762698893382779
CASE0063_CHUNK_0142,9.76933713386365e-05,0.5762698893382779
CASE0063_CHUNK_0143,9.76933713386365e-05,0.5762698893382779
CASE0063_CHUNK_0144,9.76933713386365e-05,0.5762698893382779
CASE0063_CHUNK_0145,9.76933713386365e-05,0.5762698893382779
CASE0063_CHUNK_0146,9.76933713386365e-05,0.5762698893382779
CASE0063_CHUNK_0147,9.76933713386365e-05,0.5762698893382779
CASE0063_CHUNK_0148,9.76933713386365e-05,0.5762698893382779
CASE0063_CHUNK_0149,9.76933713386365e-05,0.5762698893382779
CASE0063_CHUNK_0150,9.76933713386365e-05,0.5762698893382779
CASE0063_CHUNK_0151,9.76933713386365e-05,0.5762698893382779
CASE0063_CHUNK_0152,9.76933713386365e-05,0.5762698893382779
CASE0063_CHUNK_0153,9.76933713386365e-05,0.5762698893382779
CASE0063_CHUNK_0154,9.76933713386365e-05,0.5762698893382779
CASE0063_CHUNK_0155,9.76933713386365e-05,0.5762698893382779
CASE0063_CHUNK_0156,9.76933713386365e-05,0.5762698893382779
CASE0063_CHUNK_0157,9.76933713386365e-05,0.5762698893382779
CASE0063_CHUNK_0158,9.76933713386365e-05,0.5762698893382779
CASE0063_CHUNK_0159,9.76933713386365e-05,0.5762698893382779
CASE0063_CHUNK_0160,9.76933713386365e-05,0.5762698893382779
CASE0063_CHUNK_0161,9.76933713386365e-05,0.5762698893382779
CASE0063_CHUNK_0162,9.76933713386365e-05,0.5762698893382779
CASE0063_CHUNK_0163,9.76933713386365e-05,0.5762698893382779
CASE0063_CHUNK_0164,9.76933713386365e-05,0.5762698893382779
CASE0063_CHUNK_0165,9.76933713386365e-05,0.5762698893382779
CASE0063_CHUNK_0166,9.76933713386365e-05,0.5762698893382779
CASE0063_CHUNK_0167,9.76933713386365e-05,0.5762698893382779
CASE0063_CHUNK_0168,9.76933713386365e-05,0.5762698893382779
CASE0063_CHUNK_0169,9.76933713386365e-05,0.5762698893382779
CASE0063_CHUNK_0170,9.76933713386365e-05,0.5762698893382779
CASE0063_CHUNK_0171,9.76933713386365e-05,0.5762698893382779
CASE0063_CHUNK_0172,9.76933713386365e-05,0.5762698893382779
CASE0063_CHUNK_0173,9.76933713386365e-05,0.5762698893382779
CASE0063_CHUNK_0174,9.76933713386365e-05,0.5762698893382779
CASE0064_CHUNK_0001,9.76933713386365e-05,0.5762698893382779
CASE0064_CHUNK_0002,9.76933713386365e-05,0.5762698893382779
CASE0064_CHUNK_0003,9.76933713386365e-05,0.5762698893382779
CASE0064_CHUNK_0004,9.76933713386365e-05,0.5762698893382779
CASE0064_CHUNK_0005,9.76933713386365e-05,0.5762698893382779
CASE0064_CHUNK_0006,9.76933713386365e-05,0.5762698893382779
CASE0064_CHUNK_0007,9.76933713386365e-05,0.5762698893382779
CASE0064_CHUNK_0008,9.76933713386365e-05,0.5762698893382779
CASE0064_CHUNK_0009,9.76933713386365e-05,0.5762698893382779
CASE0064_CHUNK_0010,9.76933713386365e-05,0.5762698893382779
CASE0064_CHUNK_0011,9.76933713386365e-05,0.5762698893382779
CASE0064_CHUNK_0012,9.76933713386365e-05,0.5762698893382779
CASE0064_CHUNK_0013,9.76933713386365e-05,0.5762698893382779
CASE0064_CHUNK_0014,9.76933713386365e-05,0.5762698893382779
CASE0064_CHUNK_0015,9.76933713386365e-05,0.5762698893382779
CASE0064_CHUNK_0016,9.76933713386365e-05,0.5762698893382779
CASE0064_CHUNK_0017,9.76933713386365e-05,0.5762698893382779
CASE0064_CHUNK_0018,9.76933713386365e-05,0.5762698893382779
CASE0064_CHUNK_0019,9.76933713386365e-05,0.5762698893382779
CASE0064_CHUNK_0020,9.76933713386365e-05,0.5762698893382779
CASE0064_CHUNK_0021,9.76933713386365e-05,0.5762698893382779
CASE0064_CHUNK_0022,9.76933713386365e-05,0.5762698893382779
CASE0064_CHUNK_0023,9.76933713386365e-05,0.5762698893382779
CASE0064_CHUNK_0024,9.76933713386365e-05,0.5762698893382779
CASE0064_CHUNK_0025,9.76933713386365e-05,0.5762698893382779
CASE0064_CHUNK_0026,9.76933713386365e-05,0.5762698893382779
CASE0064_CHUNK_0027,9.76933713386365e-05,0.5762698893382779
CASE0064_CHUNK_0028,9.76933713386365e-05,0.5762698893382779
CASE0064_CHUNK_0029,9.76933713386365e-05,0.5762698893382779
CASE0064_CHUNK_0030,9.76933713386365e-05,0.5762698893382779
CASE0064_CHUNK_0031,9.76933713386365e-05,0.5762698893382779
CASE0064_CHUNK_0032,9.76933713386365e-05,0.5762698893382779
CASE0064_CHUNK_0033,9.76933713386365e-05,0.5762698893382779
CASE0064_CHUNK_0034,9.76933713386365e-05,0.5762698893382779
CASE0064_CHUNK_0035,9.76933713386365e-05,0.5762698893382779
CASE0064_CHUNK_0036,9.76933713386365e-05,0.5762698893382779
CASE0064_CHUNK_0037,9.76933713386365e-05,0.5762698893382779
CASE0064_CHUNK_0038,9.76933713386365e-05,0.5762698893382779
CASE0064_CHUNK_0039,9.76933713386365e-05,0.5762698893382779
CASE0064_CHUNK_0040,9.76933713386365e-05,0.5762698893382779
CASE0064_CHUNK_0041,9.76933713386365e-05,0.5762698893382779
CASE0064_CHUNK_0042,9.76933713386365e-05,0.5762698893382779
CASE0064_CHUNK_0043,9.76933713386365e-05,0.5762698893382779
CASE0064_CHUNK_0044,9.76933713386365e-05,0.5762698893382779
CASE0064_CHUNK_0045,9.76933713386365e-05,0.5762698893382779
CASE0064_CHUNK_0046,9.76933713386365e-05,0.5762698893382779
CASE0064_CHUNK_0047,9.76933713386365e-05,0.5762698893382779
CASE0064_CHUNK_0048,9.76933713386365e-05,0.5762698893382779
CASE0064_CHUNK_0049,9.76933713386365e-05,0.5762698893382779
CASE0064_CHUNK_0050,9.76933713386365e-05,0.5762698893382779
CASE0064_CHUNK_0051,9.76933713386365e-05,0.5762698893382779
CASE0064_CHUNK_0052,9.76933713386365e-05,0.5762698893382779
CASE0064_CHUNK_0053,9.76933713386365e-05,0.5762698893382779
CASE0064_CHUNK_0054,9.76933713386365e-05,0.5762698893382779
CASE0064_CHUNK_0055,9.76933713386365e-05,0.5762698893382779
CASE0064_CHUNK_0056,9.76933713386365e-05,0.5762698893382779
CASE0064_CHUNK_0057,9.76933713386365e-05,0.5762698893382779
CASE0064_CHUNK_0058,9.76933713386365e-05,0.5762698893382779
CASE0064_CHUNK_0059,9.76933713386365e-05,0.5762698893382779
CASE0064_CHUNK_0060,9.76933713386365e-05,0.5762698893382779
CASE0064_CHUNK_0061,9.76933713386365e-05,0.5762698893382779
CASE0064_CHUNK_0062,9.76933713386365e-05,0.5762698893382779
CASE0064_CHUNK_0063,9.76933713386365e-05,0.5762698893382779
CASE0064_CHUNK_0064,9.76933713386365e-05,0.5762698893382779
CASE0064_CHUNK_0065,9.76933713386365e-05,0.5762698893382779
CASE0064_CHUNK_0066,9.76933713386365e-05,0.5762698893382779
CASE0064_CHUNK_0067,9.76933713386365e-05,0.5762698893382779
CASE0064_CHUNK_0068,9.76933713386365e-05,0.5762698893382779
CASE0064_CHUNK_0069,9.76933713386365e-05,0.5762698893382779
CASE0064_CHUNK_0070,9.76933713386365e-05,0.5762698893382779
CASE0064_CHUNK_0071,9.76933713386365e-05,0.5762698893382779
CASE0064_CHUNK_0072,9.76933713386365e-05,0.5762698893382779
CASE0064_CHUNK_0073,9.76933713386365e-05,0.5762698893382779
CASE0064_CHUNK_0074,9.76933713386365e-05,0.5762698893382779
CASE0064_CHUNK_0075,9.76933713386365e-05,0.5762698893382779
CASE0064_CHUNK_0076,9.76933713386365e-05,0.5762698893382779
CASE0064_CHUNK_0077,9.76933713386365e-05,0.5762698893382779
CASE0064_CHUNK_0078,9.76933713386365e-05,0.5762698893382779
CASE0064_CHUNK_0079,9.76933713386365e-05,0.5762698893382779
CASE0064_CHUNK_0080,9.76933713386365e-05,0.5762698893382779
CASE0064_CHUNK_0081,9.76933713386365e-05,0.5762698893382779
CASE0064_CHUNK_0082,9.76933713386365e-05,0.5762698893382779
CASE0064_CHUNK_0083,9.76933713386365e-05,0.5762698893382779
CASE0064_CHUNK_0084,9.76933713386365e-05,0.5762698893382779
CASE0064_CHUNK_0085,9.76933713386365e-05,0.5762698893382779
CASE0064_CHUNK_0086,9.76933713386365e-05,0.5762698893382779
CASE0064_CHUNK_0087,9.76933713386365e-05,0.5762698893382779
CASE0064_CHUNK_0088,9.76933713386365e-05,0.5762698893382779
CASE0064_CHUNK_0089,9.76933713386365e-05,0.5762698893382779
CASE0064_CHUNK_0090,9.76933713386365e-05,0.5762698893382779
CASE0064_CHUNK_0091,9.76933713386365e-05,0.5762698893382779
CASE0064_CHUNK_0092,9.76933713386365e-05,0.5762698893382779
CASE0064_CHUNK_0093,9.76933713386365e-05,0.5762698893382779
CASE0064_CHUNK_0094,9.76933713386365e-05,0.5762698893382779
CASE0064_CHUNK_0095,9.76933713386365e-05,0.5762698893382779
CASE0064_CHUNK_0096,9.76933713386365e-05,0.5762698893382779
CASE0064_CHUNK_0097,9.76933713386365e-05,0.5762698893382779
CASE0064_CHUNK_0098,9.76933713386365e-05,0.5762698893382779
CASE0064_CHUNK_0099,9.76933713386365e-05,0.5762698893382779
CASE0064_CHUNK_0100,9.76933713386365e-05,0.5762698893382779
CASE0064_CHUNK_0101,9.76933713386365e-05,0.5762698893382779
CASE0064_CHUNK_0102,9.76933713386365e-05,0.5762698893382779
CASE0064_CHUNK_0103,9.76933713386365e-05,0.5762698893382779
CASE0064_CHUNK_0104,9.76933713386365e-05,0.5762698893382779
CASE0064_CHUNK_0105,9.76933713386365e-05,0.5762698893382779
CASE0064_CHUNK_0106,9.76933713386365e-05,0.5762698893382779
CASE0064_CHUNK_0107,9.76933713386365e-05,0.5762698893382779
CASE0064_CHUNK_0108,9.76933713386365e-05,0.5762698893382779
CASE0064_CHUNK_0109,9.76933713386365e-05,0.5762698893382779
CASE0064_CHUNK_0110,9.76933713386365e-05,0.5762698893382779
CASE0064_CHUNK_0111,9.76933713386365e-05,0.5762698893382779
CASE0064_CHUNK_0112,9.76933713386365e-05,0.5762698893382779
CASE0064_CHUNK_0113,9.76933713386365e-05,0.5762698893382779
CASE0064_CHUNK_0114,9.76933713386365e-05,0.5762698893382779
CASE0064_CHUNK_0115,9.76933713386365e-05,0.5762698893382779
CASE0064_CHUNK_0116,9.76933713386365e-05,0.5762698893382779
CASE0064_CHUNK_0117,9.76933713386365e-05,0.5762698893382779
CASE0064_CHUNK_0118,9.76933713386365e-05,0.5762698893382779
CASE0064_CHUNK_0119,9.76933713386365e-05,0.5762698893382779
CASE0064_CHUNK_0120,9.76933713386365e-05,0.5762698893382779
CASE0064_CHUNK_0121,9.76933713386365e-05,0.5762698893382779
CASE0064_CHUNK_0122,9.76933713386365e-05,0.5762698893382779
CASE0064_CHUNK_0123,9.76933713386365e-05,0.5762698893382779
CASE0064_CHUNK_0124,9.76933713386365e-05,0.5762698893382779
CASE0064_CHUNK_0125,9.76933713386365e-05,0.5762698893382779
CASE0064_CHUNK_0126,9.76933713386365e-05,0.5762698893382779
CASE0064_CHUNK_0127,9.76933713386365e-05,0.5762698893382779
CASE0064_CHUNK_0128,9.76933713386365e-05,0.5762698893382779
CASE0064_CHUNK_0129,9.76933713386365e-05,0.5762698893382779
CASE0064_CHUNK_0130,9.76933713386365e-05,0.5762698893382779
CASE0064_CHUNK_0131,9.76933713386365e-05,0.5762698893382779
CASE0064_CHUNK_0132,9.76933713386365e-05,0.5762698893382779
CASE0064_CHUNK_0133,9.76933713386365e-05,0.5762698893382779
CASE0064_CHUNK_0134,9.76933713386365e-05,0.5762698893382779
CASE0064_CHUNK_0135,9.76933713386365e-05,0.5762698893382779
CASE0064_CHUNK_0136,9.76933713386365e-05,0.5762698893382779
CASE0064_CHUNK_0137,9.76933713386365e-05,0.5762698893382779
CASE0064_CHUNK_0138,9.76933713386365e-05,0.5762698893382779
CASE0064_CHUNK_0139,9.76933713386365e-05,0.5762698893382779
CASE0064_CHUNK_0140,9.76933713386365e-05,0.5762698893382779
CASE0064_CHUNK_0141,9.76933713386365e-05,0.5762698893382779
CASE0064_CHUNK_0142,9.76933713386365e-05,0.5762698893382779
CASE0064_CHUNK_0143,9.76933713386365e-05,0.5762698893382779
CASE0064_CHUNK_0144,9.76933713386365e-05,0.5762698893382779
CASE0064_CHUNK_0145,9.76933713386365e-05,0.5762698893382779
CASE0064_CHUNK_0146,9.76933713386365e-05,0.5762698893382779
CASE0064_CHUNK_0147,9.76933713386365e-05,0.5762698893382779
CASE0064_CHUNK_0148,9.76933713386365e-05,0.5762698893382779
CASE0064_CHUNK_0149,9.76933713386365e-05,0.5762698893382779
CASE0064_CHUNK_0150,9.76933713386365e-05,0.5762698893382779
CASE0064_CHUNK_0151,9.76933713386365e-05,0.5762698893382779
CASE0064_CHUNK_0152,9.76933713386365e-05,0.5762698893382779
CASE0064_CHUNK_0153,9.76933713386365e-05,0.5762698893382779
CASE0064_CHUNK_0154,9.76933713386365e-05,0.5762698893382779
CASE0064_CHUNK_0155,9.76933713386365e-05,0.5762698893382779
CASE0064_CHUNK_0156,9.76933713386365e-05,0.5762698893382779
CASE0064_CHUNK_0157,9.76933713386365e-05,0.5762698893382779
CASE0064_CHUNK_0158,9.76933713386365e-05,0.5762698893382779
CASE0064_CHUNK_0159,9.76933713386365e-05,0.5762698893382779
CASE0064_CHUNK_0160,9.76933713386365e-05,0.5762698893382779
CASE0064_CHUNK_0161,9.76933713386365e-05,0.5762698893382779
CASE0064_CHUNK_0162,9.76933713386365e-05,0.5762698893382779
CASE0064_CHUNK_0163,9.76933713386365e-05,0.5762698893382779
CASE0064_CHUNK_0164,9.76933713386365e-05,0.5762698893382779
CASE0064_CHUNK_0165,9.76933713386365e-05,0.5762698893382779
CASE0064_CHUNK_0166,9.76933713386365e-05,0.5762698893382779
CASE0064_CHUNK_0167,9.76933713386365e-05,0.5762698893382779
CASE0064_CHUNK_0168,9.76933713386365e-05,0.5762698893382779
CASE0064_CHUNK_0169,9.76933713386365e-05,0.5762698893382779
CASE0064_CHUNK_0170,9.76933713386365e-05,0.5762698893382779
CASE0064_CHUNK_0171,9.76933713386365e-05,0.5762698893382779
CASE0064_CHUNK_0172,9.76933713386365e-05,0.5762698893382779
CASE0064_CHUNK_0173,9.76933713386365e-05,0.5762698893382779
CASE0065_CHUNK_0001,6.175832043237707e-05,0.3156198803450174
CASE0065_CHUNK_0002,6.175832043237707e-05,0.3156198803450174
CASE0065_CHUNK_0003,6.175832043237707e-05,0.3156198803450174
CASE0065_CHUNK_0004,6.175832043237707e-05,0.3156198803450174
CASE0065_CHUNK_0005,6.175832043237707e-05,0.3156198803450174
CASE0065_CHUNK_0006,6.175832043237707e-05,0.3156198803450174
CASE0065_CHUNK_0007,6.175832043237707e-05,0.3156198803450174
CASE0065_CHUNK_0008,6.175832043237707e-05,0.3156198803450174
CASE0065_CHUNK_0009,6.175832043237707e-05,0.3156198803450174
CASE0065_CHUNK_0010,6.175832043237707e-05,0.3156198803450174
CASE0065_CHUNK_0011,6.175832043237707e-05,0.3156198803450174
CASE0066_CHUNK_0001,7.202561114679385e-05,0.3900922784509847
CASE0066_CHUNK_0002,7.202561114679385e-05,0.3900922784509847
CASE0066_CHUNK_0003,7.202561114679385e-05,0.3900922784509847
CASE0066_CHUNK_0004,7.202561114679385e-05,0.3900922784509847
CASE0066_CHUNK_0005,7.202561114679385e-05,0.3900922784509847
CASE0066_CHUNK_0006,7.202561114679385e-05,0.3900922784509847
CASE0066_CHUNK_0007,7.202561114679385e-05,0.3900922784509847
CASE0066_CHUNK_0008,7.202561114679385e-05,0.3900922784509847
CASE0066_CHUNK_0009,7.202561114679385e-05,0.3900922784509847
CASE0066_CHUNK_0010,7.202561114679385e-05,0.3900922784509847
CASE0066_CHUNK_0011,7.202561114679385e-05,0.3900922784509847
CASE0066_CHUNK_0012,7.202561114679385e-05,0.3900922784509847
CASE0066_CHUNK_0013,7.202561114679385e-05,0.3900922784509847
CASE0066_CHUNK_0014,7.202561114679385e-05,0.3900922784509847
CASE0066_CHUNK_0015,7.202561114679385e-05,0.3900922784509847
CASE0066_CHUNK_0016,7.202561114679385e-05,0.3900922784509847
CASE0066_CHUNK_0017,7.202561114679385e-05,0.3900922784509847
CASE0066_CHUNK_0018,7.202561114679385e-05,0.3900922784509847
CASE0066_CHUNK_0019,7.202561114679385e-05,0.3900922784509847
CASE0066_CHUNK_0020,7.202561114679385e-05,0.3900922784509847
CASE0066_CHUNK_0021,7.202561114679385e-05,0.3900922784509847
CASE0067_CHUNK_0001,5.6064538199452755e-05,0.27432080457387725
CASE0067_CHUNK_0002,5.6064538199452755e-05,0.27432080457387725
CASE0067_CHUNK_0003,5.6064538199452755e-05,0.27432080457387725
CASE0067_CHUNK_0004,5.6064538199452755e-05,0.27432080457387725
CASE0067_CHUNK_0005,5.6064538199452755e-05,0.27432080457387725
CASE0067_CHUNK_0006,5.6064538199452755e-05,0.27432080457387725
CASE0067_CHUNK_0007,5.6064538199452755e-05,0.27432080457387725
CASE0067_CHUNK_0008,5.6064538199452755e-05,0.27432080457387725
CASE0067_CHUNK_0009,5.6064538199452755e-05,0.27432080457387725
CASE0067_CHUNK_0010,5.6064538199452755e-05,0.27432080457387725
CASE0067_CHUNK_0011,5.6064538199452755e-05,0.27432080457387725
CASE0067_CHUNK_0012,5.6064538199452755e-05,0.27432080457387725
CASE0067_CHUNK_0013,5.6064538199452755e-05,0.27432080457387725
CASE0067_CHUNK_0014,5.6064538199452755e-05,0.27432080457387725
CASE0067_CHUNK_0015,5.6064538199452755e-05,0.27432080457387725
CASE0067_CHUNK_0016,5.6064538199452755e-05,0.27432080457387725
CASE0067_CHUNK_0017,5.6064538199452755e-05,0.27432080457387725
CASE0067_CHUNK_0018,5.6064538199452755e-05,0.27432080457387725
CASE0068_CHUNK_0001,4.183390164055561e-05,0.1711008159134392
CASE0068_CHUNK_0002,4.183390164055561e-05,0.1711008159134392
CASE0068_CHUNK_0003,4.183390164055561e-05,0.1711008159134392
CASE0068_CHUNK_0004,4.183390164055561e-05,0.1711008159134392
CASE0068_CHUNK_0005,4.183390164055561e-05,0.1711008159134392
CASE0068_CHUNK_0006,4.183390164055561e-05,0.1711008159134392
CASE0068_CHUNK_0007,4.183390164055561e-05,0.1711008159134392
CASE0068_CHUNK_0008,4.183390164055561e-05,0.1711008159134392
CASE0069_CHUNK_0001,8.203953689212693e-05,0.46272692818023436
CASE0069_CHUNK_0002,8.203953689212693e-05,0.46272692818023436
CASE0069_CHUNK_0003,8.203953689212693e-05,0.46272692818023436
CASE0069_CHUNK_0004,8.203953689212693e-05,0.46272692818023436
CASE0069_CHUNK_0005,8.203953689212693e-05,0.46272692818023436
CASE0069_CHUNK_0006,8.203953689212693e-05,0.46272692818023436
CASE0069_CHUNK_0007,8.203953689212693e-05,0.46272692818023436
CASE0069_CHUNK_0008,8.203953689212693e-05,0.46272692818023436
CASE0069_CHUNK_0009,8.203953689212693e-05,0.46272692818023436
CASE0069_CHUNK_0010,8.203953689212693e-05,0.46272692818023436
CASE0069_CHUNK_0011,8.203953689212693e-05,0.46272692818023436
CASE0069_CHUNK_0012,8.203953689212693e-05,0.46272692818023436
CASE0069_CHUNK_0013,8.203953689212693e-05,0.46272692818023436
CASE0069_CHUNK_0014,8.203953689212693e-05,0.46272692818023436
CASE0069_CHUNK_0015,8.203953689212693e-05,0.46272692818023436
CASE0069_CHUNK_0016,8.203953689212693e-05,0.46272692818023436
CASE0069_CHUNK_0017,8.203953689212693e-05,0.46272692818023436
CASE0069_CHUNK_0018,8.203953689212693e-05,0.46272692818023436
CASE0069_CHUNK_0019,8.203953689212693e-05,0.46272692818023436
CASE0069_CHUNK_0020,8.203953689212693e-05,0.46272692818023436
CASE0069_CHUNK_0021,8.203953689212693e-05,0.46272692818023436
CASE0069_CHUNK_0022,8.203953689212693e-05,0.46272692818023436
CASE0069_CHUNK_0023,8.203953689212693e-05,0.46272692818023436
CASE0069_CHUNK_0024,8.203953689212693e-05,0.46272692818023436
CASE0069_CHUNK_0025,8.203953689212693e-05,0.46272692818023436
CASE0069_CHUNK_0026,8.203953689212693e-05,0.46272692818023436
CASE0069_CHUNK_0027,8.203953689212693e-05,0.46272692818023436
CASE0069_CHUNK_0028,8.203953689212693e-05,0.46272692818023436
CASE0069_CHUNK_0029,8.203953689212693e-05,0.46272692818023436
CASE0069_CHUNK_0030,8.203953689212693e-05,0.46272692818023436
CASE0069_CHUNK_0031,8.203953689212693e-05,0.46272692818023436
CASE0069_CHUNK_0032,8.203953689212693e-05,0.46272692818023436
CASE0069_CHUNK_0033,8.203953689212693e-05,0.46272692818023436
CASE0069_CHUNK_0034,8.203953689212693e-05,0.46272692818023436
CASE0069_CHUNK_0035,8.203953689212693e-05,0.46272692818023436
CASE0069_CHUNK_0036,8.203953689212693e-05,0.46272692818023436
CASE0069_CHUNK_0037,8.203953689212693e-05,0.46272692818023436
CASE0069_CHUNK_0038,8.203953689212693e-05,0.46272692818023436
CASE0069_CHUNK_0039,8.203953689212693e-05,0.46272692818023436
CASE0069_CHUNK_0040,8.203953689212693e-05,0.46272692818023436
CASE0069_CHUNK_0041,8.203953689212693e-05,0.46272692818023436
CASE0069_CHUNK_0042,8.203953689212693e-05,0.46272692818023436
CASE0069_CHUNK_0043,8.203953689212693e-05,0.46272692818023436
CASE0069_CHUNK_0044,8.203953689212693e-05,0.46272692818023436
CASE0069_CHUNK_0045,8.203953689212693e-05,0.46272692818023436
CASE0069_CHUNK_0046,8.203953689212693e-05,0.46272692818023436
CASE0069_CHUNK_0047,8.203953689212693e-05,0.46272692818023436
CASE0069_CHUNK_0048,8.203953689212693e-05,0.46272692818023436
CASE0069_CHUNK_0049,8.203953689212693e-05,0.46272692818023436
CASE0069_CHUNK_0050,8.203953689212693e-05,0.46272692818023436
CASE0069_CHUNK_0051,8.203953689212693e-05,0.46272692818023436
CASE0069_CHUNK_0052,8.203953689212693e-05,0.46272692818023436
CASE0069_CHUNK_0053,8.203953689212693e-05,0.46272692818023436
CASE0069_CHUNK_0054,8.203953689212693e-05,0.46272692818023436
CASE0069_CHUNK_0055,8.203953689212693e-05,0.46272692818023436
CASE0069_CHUNK_0056,8.203953689212693e-05,0.46272692818023436
CASE0069_CHUNK_0057,8.203953689212693e-05,0.46272692818023436
CASE0069_CHUNK_0058,8.203953689212693e-05,0.46272692818023436
CASE0069_CHUNK_0059,8.203953689212693e-05,0.46272692818023436
CASE0069_CHUNK_0060,8.203953689212693e-05,0.46272692818023436
CASE0069_CHUNK_0061,8.203953689212693e-05,0.46272692818023436
CASE0069_CHUNK_0062,8.203953689212693e-05,0.46272692818023436
CASE0069_CHUNK_0063,8.203953689212693e-05,0.46272692818023436
CASE0069_CHUNK_0064,8.203953689212693e-05,0.46272692818023436
CASE0069_CHUNK_0065,8.203953689212693e-05,0.46272692818023436
CASE0069_CHUNK_0066,8.203953689212693e-05,0.46272692818023436
CASE0069_CHUNK_0067,8.203953689212693e-05,0.46272692818023436
CASE0069_CHUNK_0068,8.203953689212693e-05,0.46272692818023436
CASE0069_CHUNK_0069,8.203953689212693e-05,0.46272692818023436
CASE0069_CHUNK_0070,8.203953689212693e-05,0.46272692818023436
CASE0069_CHUNK_0071,8.203953689212693e-05,0.46272692818023436
CASE0069_CHUNK_0072,8.203953689212693e-05,0.46272692818023436
CASE0069_CHUNK_0073,8.203953689212693e-05,0.46272692818023436
CASE0069_CHUNK_0074,8.203953689212693e-05,0.46272692818023436
CASE0069_CHUNK_0075,8.203953689212693e-05,0.46272692818023436
CASE0069_CHUNK_0076,8.203953689212693e-05,0.46272692818023436
CASE0069_CHUNK_0077,8.203953689212693e-05,0.46272692818023436
CASE0069_CHUNK_0078,8.203953689212693e-05,0.46272692818023436
CASE0069_CHUNK_0079,8.203953689212693e-05,0.46272692818023436
CASE0069_CHUNK_0080,8.203953689212693e-05,0.46272692818023436
CASE0069_CHUNK_0081,8.203953689212693e-05,0.46272692818023436
CASE0069_CHUNK_0082,8.203953689212693e-05,0.46272692818023436
CASE0069_CHUNK_0083,8.203953689212693e-05,0.46272692818023436
CASE0069_CHUNK_0084,8.203953689212693e-05,0.46272692818023436
CASE0069_CHUNK_0085,8.203953689212693e-05,0.46272692818023436
CASE0069_CHUNK_0086,8.203953689212693e-05,0.46272692818023436
CASE0069_CHUNK_0087,8.203953689212693e-05,0.46272692818023436
CASE0069_CHUNK_0088,8.203953689212693e-05,0.46272692818023436
CASE0069_CHUNK_0089,8.203953689212693e-05,0.46272692818023436
CASE0069_CHUNK_0090,8.203953689212693e-05,0.46272692818023436
CASE0069_CHUNK_0091,8.203953689212693e-05,0.46272692818023436
CASE0069_CHUNK_0092,8.203953689212693e-05,0.46272692818023436
CASE0069_CHUNK_0093,8.203953689212693e-05,0.46272692818023436
CASE0069_CHUNK_0094,8.203953689212693e-05,0.46272692818023436
CASE0069_CHUNK_0095,8.203953689212693e-05,0.46272692818023436
CASE0069_CHUNK_0096,8.203953689212693e-05,0.46272692818023436
CASE0069_CHUNK_0097,8.203953689212693e-05,0.46272692818023436
CASE0069_CHUNK_0098,8.203953689212693e-05,0.46272692818023436
CASE0069_CHUNK_0099,8.203953689212693e-05,0.46272692818023436
CASE0069_CHUNK_0100,8.203953689212693e-05,0.46272692818023436
CASE0069_CHUNK_0101,8.203953689212693e-05,0.46272692818023436
CASE0069_CHUNK_0102,8.203953689212693e-05,0.46272692818023436
CASE0069_CHUNK_0103,8.203953689212693e-05,0.46272692818023436
CASE0069_CHUNK_0104,8.203953689212693e-05,0.46272692818023436
CASE0069_CHUNK_0105,8.203953689212693e-05,0.46272692818023436
CASE0069_CHUNK_0106,8.203953689212693e-05,0.46272692818023436
CASE0069_CHUNK_0107,8.203953689212693e-05,0.46272692818023436
CASE0069_CHUNK_0108,8.203953689212693e-05,0.46272692818023436
CASE0069_CHUNK_0109,8.203953689212693e-05,0.46272692818023436
CASE0069_CHUNK_0110,8.203953689212693e-05,0.46272692818023436
CASE0069_CHUNK_0111,8.203953689212693e-05,0.46272692818023436
CASE0069_CHUNK_0112,8.203953689212693e-05,0.46272692818023436
CASE0069_CHUNK_0113,8.203953689212693e-05,0.46272692818023436
CASE0069_CHUNK_0114,8.203953689212693e-05,0.46272692818023436
CASE0069_CHUNK_0115,8.203953689212693e-05,0.46272692818023436
CASE0069_CHUNK_0116,8.203953689212693e-05,0.46272692818023436
CASE0069_CHUNK_0117,8.203953689212693e-05,0.46272692818023436
CASE0069_CHUNK_0118,8.203953689212693e-05,0.46272692818023436
CASE0069_CHUNK_0119,8.203953689212693e-05,0.46272692818023436
CASE0069_CHUNK_0120,8.203953689212693e-05,0.46272692818023436
CASE0069_CHUNK_0121,8.203953689212693e-05,0.46272692818023436
CASE0069_CHUNK_0122,8.203953689212693e-05,0.46272692818023436
CASE0069_CHUNK_0123,8.203953689212693e-05,0.46272692818023436
CASE0069_CHUNK_0124,8.203953689212693e-05,0.46272692818023436
CASE0069_CHUNK_0125,8.203953689212693e-05,0.46272692818023436
CASE0069_CHUNK_0126,8.203953689212693e-05,0.46272692818023436
CASE0069_CHUNK_0127,8.203953689212693e-05,0.46272692818023436
CASE0069_CHUNK_0128,8.203953689212693e-05,0.46272692818023436
CASE0069_CHUNK_0129,8.203953689212693e-05,0.46272692818023436
CASE0069_CHUNK_0130,8.203953689212693e-05,0.46272692818023436
CASE0069_CHUNK_0131,8.203953689212693e-05,0.46272692818023436
CASE0069_CHUNK_0132,8.203953689212693e-05,0.46272692818023436
CASE0069_CHUNK_0133,8.203953689212693e-05,0.46272692818023436
CASE0069_CHUNK_0134,8.203953689212693e-05,0.46272692818023436
CASE0069_CHUNK_0135,8.203953689212693e-05,0.46272692818023436
CASE0069_CHUNK_0136,8.203953689212693e-05,0.46272692818023436
CASE0069_CHUNK_0137,8.203953689212693e-05,0.46272692818023436
CASE0069_CHUNK_0138,8.203953689212693e-05,0.46272692818023436
CASE0069_CHUNK_0139,8.203953689212693e-05,0.46272692818023436
CASE0069_CHUNK_0140,8.203953689212693e-05,0.46272692818023436
CASE0069_CHUNK_0141,8.203953689212693e-05,0.46272692818023436
CASE0069_CHUNK_0142,8.203953689212693e-05,0.46272692818023436
CASE0069_CHUNK_0143,8.203953689212693e-05,0.46272692818023436
CASE0069_CHUNK_0144,8.203953689212693e-05,0.46272692818023436
CASE0069_CHUNK_0145,8.203953689212693e-05,0.46272692818023436
CASE0069_CHUNK_0146,8.203953689212693e-05,0.46272692818023436
CASE0069_CHUNK_0147,8.203953689212693e-05,0.46272692818023436
CASE0069_CHUNK_0148,8.203953689212693e-05,0.46272692818023436
CASE0069_CHUNK_0149,8.203953689212693e-05,0.46272692818023436
CASE0069_CHUNK_0150,8.203953689212693e-05,0.46272692818023436
CASE0069_CHUNK_0151,8.203953689212693e-05,0.46272692818023436
CASE0069_CHUNK_0152,8.203953689212693e-05,0.46272692818023436
CASE0069_CHUNK_0153,8.203953689212693e-05,0.46272692818023436
CASE0069_CHUNK_0154,8.203953689212693e-05,0.46272692818023436
CASE0069_CHUNK_0155,8.203953689212693e-05,0.46272692818023436
CASE0069_CHUNK_0156,8.203953689212693e-05,0.46272692818023436
CASE0069_CHUNK_0157,8.203953689212693e-05,0.46272692818023436
CASE0069_CHUNK_0158,8.203953689212693e-05,0.46272692818023436
CASE0069_CHUNK_0159,8.203953689212693e-05,0.46272692818023436
CASE0070_CHUNK_0001,9.202260794572e-05,0.5351377775953982
CASE0070_CHUNK_0002,9.202260794572e-05,0.5351377775953982
CASE0070_CHUNK_0003,9.202260794572e-05,0.5351377775953982
CASE0070_CHUNK_0004,9.202260794572e-05,0.5351377775953982
CASE0070_CHUNK_0005,9.202260794572e-05,0.5351377775953982
CASE0070_CHUNK_0006,9.202260794572e-05,0.5351377775953982
CASE0070_CHUNK_0007,9.202260794572e-05,0.5351377775953982
CASE0070_CHUNK_0008,9.202260794572e-05,0.5351377775953982
CASE0070_CHUNK_0009,9.202260794572e-05,0.5351377775953982
CASE0070_CHUNK_0010,9.202260794572e-05,0.5351377775953982
CASE0070_CHUNK_0011,9.202260794572e-05,0.5351377775953982
CASE0070_CHUNK_0012,9.202260794572e-05,0.5351377775953982
CASE0070_CHUNK_0013,9.202260794572e-05,0.5351377775953982
CASE0070_CHUNK_0014,9.202260794572e-05,0.5351377775953982
CASE0070_CHUNK_0015,9.202260794572e-05,0.5351377775953982
CASE0070_CHUNK_0016,9.202260794572e-05,0.5351377775953982
CASE0070_CHUNK_0017,9.202260794572e-05,0.5351377775953982
CASE0070_CHUNK_0018,9.202260794572e-05,0.5351377775953982
CASE0070_CHUNK_0019,9.202260794572e-05,0.5351377775953982
CASE0071_CHUNK_0001,7.18634611899118e-05,0.38891614577122824
CASE0071_CHUNK_0002,7.18634611899118e-05,0.38891614577122824
CASE0071_CHUNK_0003,7.18634611899118e-05,0.38891614577122824
CASE0071_CHUNK_0004,7.18634611899118e-05,0.38891614577122824
CASE0071_CHUNK_0005,7.18634611899118e-05,0.38891614577122824
CASE0071_CHUNK_0006,7.18634611899118e-05,0.38891614577122824
CASE0071_CHUNK_0007,7.18634611899118e-05,0.38891614577122824
CASE0071_CHUNK_0008,7.18634611899118e-05,0.38891614577122824
CASE0071_CHUNK_0009,7.18634611899118e-05,0.38891614577122824
CASE0071_CHUNK_0010,7.18634611899118e-05,0.38891614577122824
CASE0071_CHUNK_0011,7.18634611899118e-05,0.38891614577122824
CASE0071_CHUNK_0012,7.18634611899118e-05,0.38891614577122824
CASE0071_CHUNK_0013,7.18634611899118e-05,0.38891614577122824
CASE0071_CHUNK_0014,7.18634611899118e-05,0.38891614577122824
CASE0071_CHUNK_0015,7.18634611899118e-05,0.38891614577122824
CASE0071_CHUNK_0016,7.18634611899118e-05,0.38891614577122824
CASE0071_CHUNK_0017,7.18634611899118e-05,0.38891614577122824
CASE0071_CHUNK_0018,7.18634611899118e-05,0.38891614577122824
CASE0071_CHUNK_0019,7.18634611899118e-05,0.38891614577122824
CASE0071_CHUNK_0020,7.18634611899118e-05,0.38891614577122824
CASE0071_CHUNK_0021,7.18634611899118e-05,0.38891614577122824
CASE0071_CHUNK_0022,7.18634611899118e-05,0.38891614577122824
CASE0071_CHUNK_0023,7.18634611899118e-05,0.38891614577122824
CASE0071_CHUNK_0024,7.18634611899118e-05,0.38891614577122824
CASE0071_CHUNK_0025,7.18634611899118e-05,0.38891614577122824
CASE0071_CHUNK_0026,7.18634611899118e-05,0.38891614577122824
CASE0071_CHUNK_0027,7.18634611899118e-05,0.38891614577122824
CASE0071_CHUNK_0028,7.18634611899118e-05,0.38891614577122824
CASE0071_CHUNK_0029,7.18634611899118e-05,0.38891614577122824
CASE0071_CHUNK_0030,7.18634611899118e-05,0.38891614577122824
CASE0071_CHUNK_0031,7.18634611899118e-05,0.38891614577122824
CASE0071_CHUNK_0032,7.18634611899118e-05,0.38891614577122824
CASE0071_CHUNK_0033,7.18634611899118e-05,0.38891614577122824
CASE0071_CHUNK_0034,7.18634611899118e-05,0.38891614577122824
CASE0071_CHUNK_0035,7.18634611899118e-05,0.38891614577122824
CASE0071_CHUNK_0036,7.18634611899118e-05,0.38891614577122824
CASE0071_CHUNK_0037,7.18634611899118e-05,0.38891614577122824
CASE0071_CHUNK_0038,7.18634611899118e-05,0.38891614577122824
CASE0071_CHUNK_0039,7.18634611899118e-05,0.38891614577122824
CASE0071_CHUNK_0040,7.18634611899118e-05,0.38891614577122824
CASE0071_CHUNK_0041,7.18634611899118e-05,0.38891614577122824
CASE0071_CHUNK_0042,7.18634611899118e-05,0.38891614577122824
CASE0071_CHUNK_0043,7.18634611899118e-05,0.38891614577122824
CASE0071_CHUNK_0044,7.18634611899118e-05,0.38891614577122824
CASE0071_CHUNK_0045,7.18634611899118e-05,0.38891614577122824
CASE0071_CHUNK_0046,7.18634611899118e-05,0.38891614577122824
CASE0071_CHUNK_0047,7.18634611899118e-05,0.38891614577122824
CASE0071_CHUNK_0048,7.18634611899118e-05,0.38891614577122824
CASE0071_CHUNK_0049,7.18634611899118e-05,0.38891614577122824
CASE0071_CHUNK_0050,7.18634611899118e-05,0.38891614577122824
CASE0071_CHUNK_0051,7.18634611899118e-05,0.38891614577122824
CASE0071_CHUNK_0052,7.18634611899118e-05,0.38891614577122824
CASE0071_CHUNK_0053,7.18634611899118e-05,0.38891614577122824
CASE0071_CHUNK_0054,7.18634611899118e-05,0.38891614577122824
CASE0071_CHUNK_0055,7.18634611899118e-05,0.38891614577122824
CASE0071_CHUNK_0056,7.18634611899118e-05,0.38891614577122824
CASE0071_CHUNK_0057,7.18634611899118e-05,0.38891614577122824
CASE0071_CHUNK_0058,7.18634611899118e-05,0.38891614577122824
CASE0071_CHUNK_0059,7.18634611899118e-05,0.38891614577122824
CASE0071_CHUNK_0060,7.18634611899118e-05,0.38891614577122824
CASE0071_CHUNK_0061,7.18634611899118e-05,0.38891614577122824
CASE0071_CHUNK_0062,7.18634611899118e-05,0.38891614577122824
CASE0071_CHUNK_0063,7.18634611899118e-05,0.38891614577122824
CASE0071_CHUNK_0064,7.18634611899118e-05,0.38891614577122824
CASE0071_CHUNK_0065,7.18634611899118e-05,0.38891614577122824
CASE0071_CHUNK_0066,7.18634611899118e-05,0.38891614577122824
CASE0071_CHUNK_0067,7.18634611899118e-05,0.38891614577122824
CASE0071_CHUNK_0068,7.18634611899118e-05,0.38891614577122824
CASE0071_CHUNK_0069,7.18634611899118e-05,0.38891614577122824
CASE0071_CHUNK_0070,7.18634611899118e-05,0.38891614577122824
CASE0071_CHUNK_0071,7.18634611899118e-05,0.38891614577122824
CASE0071_CHUNK_0072,7.18634611899118e-05,0.38891614577122824
CASE0071_CHUNK_0073,7.18634611899118e-05,0.38891614577122824
CASE0071_CHUNK_0074,7.18634611899118e-05,0.38891614577122824
CASE0071_CHUNK_0075,7.18634611899118e-05,0.38891614577122824
CASE0071_CHUNK_0076,7.18634611899118e-05,0.38891614577122824
CASE0071_CHUNK_0077,7.18634611899118e-05,0.38891614577122824
CASE0071_CHUNK_0078,7.18634611899118e-05,0.38891614577122824
CASE0071_CHUNK_0079,7.18634611899118e-05,0.38891614577122824
CASE0071_CHUNK_0080,7.18634611899118e-05,0.38891614577122824
CASE0071_CHUNK_0081,7.18634611899118e-05,0.38891614577122824
CASE0071_CHUNK_0082,7.18634611899118e-05,0.38891614577122824
CASE0071_CHUNK_0083,7.18634611899118e-05,0.38891614577122824
CASE0071_CHUNK_0084,7.18634611899118e-05,0.38891614577122824
CASE0071_CHUNK_0085,7.18634611899118e-05,0.38891614577122824
CASE0071_CHUNK_0086,7.18634611899118e-05,0.38891614577122824
CASE0071_CHUNK_0087,7.18634611899118e-05,0.38891614577122824
CASE0071_CHUNK_0088,7.18634611899118e-05,0.38891614577122824
CASE0071_CHUNK_0089,7.18634611899118e-05,0.38891614577122824
CASE0071_CHUNK_0090,7.18634611899118e-05,0.38891614577122824
CASE0071_CHUNK_0091,7.18634611899118e-05,0.38891614577122824
CASE0071_CHUNK_0092,7.18634611899118e-05,0.38891614577122824
CASE0071_CHUNK_0093,7.18634611899118e-05,0.38891614577122824
CASE0071_CHUNK_0094,7.18634611899118e-05,0.38891614577122824
CASE0071_CHUNK_0095,7.18634611899118e-05,0.38891614577122824
CASE0071_CHUNK_0096,7.18634611899118e-05,0.38891614577122824
CASE0071_CHUNK_0097,7.18634611899118e-05,0.38891614577122824
CASE0071_CHUNK_0098,7.18634611899118e-05,0.38891614577122824
CASE0071_CHUNK_0099,7.18634611899118e-05,0.38891614577122824
CASE0071_CHUNK_0100,7.18634611899118e-05,0.38891614577122824
CASE0071_CHUNK_0101,7.18634611899118e-05,0.38891614577122824
CASE0071_CHUNK_0102,7.18634611899118e-05,0.38891614577122824
CASE0071_CHUNK_0103,7.18634611899118e-05,0.38891614577122824
CASE0071_CHUNK_0104,7.18634611899118e-05,0.38891614577122824
CASE0071_CHUNK_0105,7.18634611899118e-05,0.38891614577122824
CASE0071_CHUNK_0106,7.18634611899118e-05,0.38891614577122824
CASE0071_CHUNK_0107,7.18634611899118e-05,0.38891614577122824
CASE0071_CHUNK_0108,7.18634611899118e-05,0.38891614577122824
CASE0071_CHUNK_0109,7.18634611899118e-05,0.38891614577122824
CASE0071_CHUNK_0110,7.18634611899118e-05,0.38891614577122824
CASE0071_CHUNK_0111,7.18634611899118e-05,0.38891614577122824
CASE0071_CHUNK_0112,7.18634611899118e-05,0.38891614577122824
CASE0071_CHUNK_0113,7.18634611899118e-05,0.38891614577122824
CASE0071_CHUNK_0114,7.18634611899118e-05,0.38891614577122824
CASE0071_CHUNK_0115,7.18634611899118e-05,0.38891614577122824
CASE0071_CHUNK_0116,7.18634611899118e-05,0.38891614577122824
CASE0071_CHUNK_0117,7.18634611899118e-05,0.38891614577122824
CASE0071_CHUNK_0118,7.18634611899118e-05,0.38891614577122824
CASE0071_CHUNK_0119,7.18634611899118e-05,0.38891614577122824
CASE0071_CHUNK_0120,7.18634611899118e-05,0.38891614577122824
CASE0071_CHUNK_0121,7.18634611899118e-05,0.38891614577122824
CASE0071_CHUNK_0122,7.18634611899118e-05,0.38891614577122824
CASE0071_CHUNK_0123,7.18634611899118e-05,0.38891614577122824
CASE0071_CHUNK_0124,7.18634611899118e-05,0.38891614577122824
CASE0071_CHUNK_0125,7.18634611899118e-05,0.38891614577122824
CASE0071_CHUNK_0126,7.18634611899118e-05,0.38891614577122824
CASE0071_CHUNK_0127,7.18634611899118e-05,0.38891614577122824
CASE0071_CHUNK_0128,7.18634611899118e-05,0.38891614577122824
CASE0071_CHUNK_0129,7.18634611899118e-05,0.38891614577122824
CASE0071_CHUNK_0130,7.18634611899118e-05,0.38891614577122824
CASE0071_CHUNK_0131,7.18634611899118e-05,0.38891614577122824
CASE0071_CHUNK_0132,7.18634611899118e-05,0.38891614577122824
CASE0071_CHUNK_0133,7.18634611899118e-05,0.38891614577122824
CASE0071_CHUNK_0134,7.18634611899118e-05,0.38891614577122824
CASE0071_CHUNK_0135,7.18634611899118e-05,0.38891614577122824
CASE0071_CHUNK_0136,7.18634611899118e-05,0.38891614577122824
CASE0071_CHUNK_0137,7.18634611899118e-05,0.38891614577122824
CASE0071_CHUNK_0138,7.18634611899118e-05,0.38891614577122824
CASE0071_CHUNK_0139,7.18634611899118e-05,0.38891614577122824
CASE0071_CHUNK_0140,7.18634611899118e-05,0.38891614577122824
CASE0071_CHUNK_0141,7.18634611899118e-05,0.38891614577122824
CASE0071_CHUNK_0142,7.18634611899118e-05,0.38891614577122824
CASE0071_CHUNK_0143,7.18634611899118e-05,0.38891614577122824
CASE0071_CHUNK_0144,7.18634611899118e-05,0.38891614577122824
CASE0071_CHUNK_0145,7.18634611899118e-05,0.38891614577122824
CASE0071_CHUNK_0146,7.18634611899118e-05,0.38891614577122824
CASE0071_CHUNK_0147,7.18634611899118e-05,0.38891614577122824
CASE0071_CHUNK_0148,7.18634611899118e-05,0.38891614577122824
CASE0071_CHUNK_0149,7.18634611899118e-05,0.38891614577122824
CASE0071_CHUNK_0150,7.18634611899118e-05,0.38891614577122824
CASE0071_CHUNK_0151,7.18634611899118e-05,0.38891614577122824
CASE0071_CHUNK_0152,7.18634611899118e-05,0.38891614577122824
CASE0071_CHUNK_0153,7.18634611899118e-05,0.38891614577122824
CASE0071_CHUNK_0154,7.18634611899118e-05,0.38891614577122824
CASE0071_CHUNK_0155,7.18634611899118e-05,0.38891614577122824
CASE0071_CHUNK_0156,7.18634611899118e-05,0.38891614577122824
CASE0071_CHUNK_0157,7.18634611899118e-05,0.38891614577122824
CASE0071_CHUNK_0158,7.18634611899118e-05,0.38891614577122824
CASE0071_CHUNK_0159,7.18634611899118e-05,0.38891614577122824
CASE0071_CHUNK_0160,7.18634611899118e-05,0.38891614577122824
CASE0071_CHUNK_0161,7.18634611899118e-05,0.38891614577122824
CASE0071_CHUNK_0162,7.18634611899118e-05,0.38891614577122824
CASE0071_CHUNK_0163,7.18634611899118e-05,0.38891614577122824
CASE0071_CHUNK_0164,7.18634611899118e-05,0.38891614577122824
CASE0071_CHUNK_0165,7.18634611899118e-05,0.38891614577122824
CASE0071_CHUNK_0166,7.18634611899118e-05,0.38891614577122824
CASE0071_CHUNK_0167,7.18634611899118e-05,0.38891614577122824
CASE0071_CHUNK_0168,7.18634611899118e-05,0.38891614577122824
CASE0071_CHUNK_0169,7.18634611899118e-05,0.38891614577122824
CASE0071_CHUNK_0170,7.18634611899118e-05,0.38891614577122824
CASE0071_CHUNK_0171,7.18634611899118e-05,0.38891614577122824
CASE0071_CHUNK_0172,7.18634611899118e-05,0.38891614577122824
CASE0071_CHUNK_0173,7.18634611899118e-05,0.38891614577122824
CASE0071_CHUNK_0174,7.18634611899118e-05,0.38891614577122824
CASE0071_CHUNK_0175,7.18634611899118e-05,0.38891614577122824
CASE0071_CHUNK_0176,7.18634611899118e-05,0.38891614577122824
CASE0071_CHUNK_0177,7.18634611899118e-05,0.38891614577122824
CASE0071_CHUNK_0178,7.18634611899118e-05,0.38891614577122824
CASE0071_CHUNK_0179,7.18634611899118e-05,0.38891614577122824
CASE0071_CHUNK_0180,7.18634611899118e-05,0.38891614577122824
CASE0071_CHUNK_0181,7.18634611899118e-05,0.38891614577122824
CASE0071_CHUNK_0182,7.18634611899118e-05,0.38891614577122824
CASE0071_CHUNK_0183,7.18634611899118e-05,0.38891614577122824
CASE0071_CHUNK_0184,7.18634611899118e-05,0.38891614577122824
CASE0071_CHUNK_0185,7.18634611899118e-05,0.38891614577122824
CASE0071_CHUNK_0186,7.18634611899118e-05,0.38891614577122824
CASE0071_CHUNK_0187,7.18634611899118e-05,0.38891614577122824
CASE0071_CHUNK_0188,7.18634611899118e-05,0.38891614577122824
CASE0071_CHUNK_0189,7.18634611899118e-05,0.38891614577122824
CASE0071_CHUNK_0190,7.18634611899118e-05,0.38891614577122824
CASE0071_CHUNK_0191,7.18634611899118e-05,0.38891614577122824
CASE0071_CHUNK_0192,7.18634611899118e-05,0.38891614577122824
CASE0071_CHUNK_0193,7.18634611899118e-05,0.38891614577122824
CASE0071_CHUNK_0194,7.18634611899118e-05,0.38891614577122824
CASE0071_CHUNK_0195,7.18634611899118e-05,0.38891614577122824
CASE0071_CHUNK_0196,7.18634611899118e-05,0.38891614577122824
CASE0071_CHUNK_0197,7.18634611899118e-05,0.38891614577122824
CASE0071_CHUNK_0198,7.18634611899118e-05,0.38891614577122824
CASE0071_CHUNK_0199,7.18634611899118e-05,0.38891614577122824
CASE0071_CHUNK_0200,7.18634611899118e-05,0.38891614577122824
CASE0071_CHUNK_0201,7.18634611899118e-05,0.38891614577122824
CASE0071_CHUNK_0202,7.18634611899118e-05,0.38891614577122824
CASE0071_CHUNK_0203,7.18634611899118e-05,0.38891614577122824
CASE0071_CHUNK_0204,7.18634611899118e-05,0.38891614577122824
CASE0071_CHUNK_0205,7.18634611899118e-05,0.38891614577122824
CASE0071_CHUNK_0206,7.18634611899118e-05,0.38891614577122824
CASE0071_CHUNK_0207,7.18634611899118e-05,0.38891614577122824
CASE0071_CHUNK_0208,7.18634611899118e-05,0.38891614577122824
CASE0071_CHUNK_0209,7.18634611899118e-05,0.38891614577122824
CASE0071_CHUNK_0210,7.18634611899118e-05,0.38891614577122824
CASE0071_CHUNK_0211,7.18634611899118e-05,0.38891614577122824
CASE0071_CHUNK_0212,7.18634611899118e-05,0.38891614577122824
CASE0071_CHUNK_0213,7.18634611899118e-05,0.38891614577122824
CASE0071_CHUNK_0214,7.18634611899118e-05,0.38891614577122824
CASE0071_CHUNK_0215,7.18634611899118e-05,0.38891614577122824
CASE0071_CHUNK_0216,7.18634611899118e-05,0.38891614577122824
CASE0071_CHUNK_0217,7.18634611899118e-05,0.38891614577122824
CASE0071_CHUNK_0218,7.18634611899118e-05,0.38891614577122824
CASE0071_CHUNK_0219,7.18634611899118e-05,0.38891614577122824
CASE0071_CHUNK_0220,7.18634611899118e-05,0.38891614577122824
CASE0071_CHUNK_0221,7.18634611899118e-05,0.38891614577122824
CASE0071_CHUNK_0222,7.18634611899118e-05,0.38891614577122824
CASE0071_CHUNK_0223,7.18634611899118e-05,0.38891614577122824
CASE0071_CHUNK_0224,7.18634611899118e-05,0.38891614577122824
CASE0071_CHUNK_0225,7.18634611899118e-05,0.38891614577122824
CASE0071_CHUNK_0226,7.18634611899118e-05,0.38891614577122824
CASE0071_CHUNK_0227,7.18634611899118e-05,0.38891614577122824
CASE0071_CHUNK_0228,7.18634611899118e-05,0.38891614577122824
CASE0071_CHUNK_0229,7.18634611899118e-05,0.38891614577122824
CASE0071_CHUNK_0230,7.18634611899118e-05,0.38891614577122824
CASE0071_CHUNK_0231,7.18634611899118e-05,0.38891614577122824
CASE0071_CHUNK_0232,7.18634611899118e-05,0.38891614577122824
CASE0071_CHUNK_0233,7.18634611899118e-05,0.38891614577122824
CASE0071_CHUNK_0234,7.18634611899118e-05,0.38891614577122824
CASE0071_CHUNK_0235,7.18634611899118e-05,0.38891614577122824
CASE0071_CHUNK_0236,7.18634611899118e-05,0.38891614577122824
CASE0071_CHUNK_0237,7.18634611899118e-05,0.38891614577122824
CASE0071_CHUNK_0238,7.18634611899118e-05,0.38891614577122824
CASE0071_CHUNK_0239,7.18634611899118e-05,0.38891614577122824
CASE0071_CHUNK_0240,7.18634611899118e-05,0.38891614577122824
CASE0071_CHUNK_0241,7.18634611899118e-05,0.38891614577122824
CASE0071_CHUNK_0242,7.18634611899118e-05,0.38891614577122824
CASE0071_CHUNK_0243,7.18634611899118e-05,0.38891614577122824
CASE0071_CHUNK_0244,7.18634611899118e-05,0.38891614577122824
CASE0071_CHUNK_0245,7.18634611899118e-05,0.38891614577122824
CASE0071_CHUNK_0246,7.18634611899118e-05,0.38891614577122824
CASE0071_CHUNK_0247,7.18634611899118e-05,0.38891614577122824
CASE0071_CHUNK_0248,7.18634611899118e-05,0.38891614577122824
CASE0071_CHUNK_0249,7.18634611899118e-05,0.38891614577122824
CASE0071_CHUNK_0250,7.18634611899118e-05,0.38891614577122824
CASE0071_CHUNK_0251,7.18634611899118e-05,0.38891614577122824
CASE0071_CHUNK_0252,7.18634611899118e-05,0.38891614577122824
CASE0071_CHUNK_0253,7.18634611899118e-05,0.38891614577122824
CASE0071_CHUNK_0254,7.18634611899118e-05,0.38891614577122824
CASE0071_CHUNK_0255,7.18634611899118e-05,0.38891614577122824
CASE0071_CHUNK_0256,7.18634611899118e-05,0.38891614577122824
CASE0071_CHUNK_0257,7.18634611899118e-05,0.38891614577122824
CASE0071_CHUNK_0258,7.18634611899118e-05,0.38891614577122824
CASE0071_CHUNK_0259,7.18634611899118e-05,0.38891614577122824
CASE0071_CHUNK_0260,7.18634611899118e-05,0.38891614577122824
CASE0071_CHUNK_0261,7.18634611899118e-05,0.38891614577122824
CASE0071_CHUNK_0262,7.18634611899118e-05,0.38891614577122824
CASE0071_CHUNK_0263,7.18634611899118e-05,0.38891614577122824
CASE0071_CHUNK_0264,7.18634611899118e-05,0.38891614577122824
CASE0071_CHUNK_0265,7.18634611899118e-05,0.38891614577122824
CASE0072_CHUNK_0001,6.56615524340682e-05,0.34393144330891906
CASE0072_CHUNK_0002,6.56615524340682e-05,0.34393144330891906
CASE0072_CHUNK_0003,6.56615524340682e-05,0.34393144330891906
CASE0072_CHUNK_0004,6.56615524340682e-05,0.34393144330891906
CASE0072_CHUNK_0005,6.56615524340682e-05,0.34393144330891906
CASE0072_CHUNK_0006,6.56615524340682e-05,0.34393144330891906
CASE0072_CHUNK_0007,6.56615524340682e-05,0.34393144330891906
CASE0072_CHUNK_0008,6.56615524340682e-05,0.34393144330891906
CASE0072_CHUNK_0009,6.56615524340682e-05,0.34393144330891906
CASE0073_CHUNK_0001,5.16122046351637e-05,0.24202640803607262
CASE0073_CHUNK_0002,5.16122046351637e-05,0.24202640803607262
CASE0073_CHUNK_0003,5.16122046351637e-05,0.24202640803607262
CASE0073_CHUNK_0004,5.16122046351637e-05,0.24202640803607262
CASE0073_CHUNK_0005,5.16122046351637e-05,0.24202640803607262
CASE0073_CHUNK_0006,5.16122046351637e-05,0.24202640803607262
CASE0073_CHUNK_0007,5.16122046351637e-05,0.24202640803607262
CASE0073_CHUNK_0008,5.16122046351637e-05,0.24202640803607262
CASE0073_CHUNK_0009,5.16122046351637e-05,0.24202640803607262
CASE0073_CHUNK_0010,5.16122046351637e-05,0.24202640803607262
CASE0073_CHUNK_0011,5.16122046351637e-05,0.24202640803607262
CASE0073_CHUNK_0012,5.16122046351637e-05,0.24202640803607262
CASE0073_CHUNK_0013,5.16122046351637e-05,0.24202640803607262
CASE0073_CHUNK_0014,5.16122046351637e-05,0.24202640803607262
CASE0073_CHUNK_0015,5.16122046351637e-05,0.24202640803607262
CASE0073_CHUNK_0016,5.16122046351637e-05,0.24202640803607262
CASE0073_CHUNK_0017,5.16122046351637e-05,0.24202640803607262
CASE0073_CHUNK_0018,5.16122046351637e-05,0.24202640803607262
CASE0073_CHUNK_0019,5.16122046351637e-05,0.24202640803607262
CASE0073_CHUNK_0020,5.16122046351637e-05,0.24202640803607262
CASE0073_CHUNK_0021,5.16122046351637e-05,0.24202640803607262
CASE0073_CHUNK_0022,5.16122046351637e-05,0.24202640803607262
CASE0074_CHUNK_0001,0.00010914451607805138,0.6593292117557595
CASE0074_CHUNK_0002,0.00010914451607805138,0.6593292117557595
CASE0074_CHUNK_0003,0.00010914451607805138,0.6593292117557595
CASE0074_CHUNK_0004,0.00010914451607805138,0.6593292117557595
CASE0074_CHUNK_0005,0.00010914451607805138,0.6593292117557595
CASE0074_CHUNK_0006,0.00010914451607805138,0.6593292117557595
CASE0074_CHUNK_0007,0.00010914451607805138,0.6593292117557595
CASE0074_CHUNK_0008,0.00010914451607805138,0.6593292117557595
CASE0074_CHUNK_0009,0.00010914451607805138,0.6593292117557595
CASE0074_CHUNK_0010,0.00010914451607805138,0.6593292117557595
CASE0074_CHUNK_0011,0.00010914451607805138,0.6593292117557595
CASE0074_CHUNK_0012,0.00010914451607805138,0.6593292117557595
CASE0074_CHUNK_0013,0.00010914451607805138,0.6593292117557595
CASE0074_CHUNK_0014,0.00010914451607805138,0.6593292117557595
CASE0074_CHUNK_0015,0.00010914451607805138,0.6593292117557595
CASE0074_CHUNK_0016,0.00010914451607805138,0.6593292117557595
CASE0074_CHUNK_0017,0.00010914451607805138,0.6593292117557595
CASE0074_CHUNK_0018,0.00010914451607805138,0.6593292117557595
CASE0074_CHUNK_0019,0.00010914451607805138,0.6593292117557595
CASE0074_CHUNK_0020,0.00010914451607805138,0.6593292117557595
CASE0074_CHUNK_0021,0.00010914451607805138,0.6593292117557595
CASE0074_CHUNK_0022,0.00010914451607805138,0.6593292117557595
CASE0074_CHUNK_0023,0.00010914451607805138,0.6593292117557595
CASE0074_CHUNK_0024,0.00010914451607805138,0.6593292117557595
CASE0074_CHUNK_0025,0.00010914451607805138,0.6593292117557595
CASE0074_CHUNK_0026,0.00010914451607805138,0.6593292117557595
CASE0074_CHUNK_0027,0.00010914451607805138,0.6593292117557595
CASE0074_CHUNK_0028,0.00010914451607805138,0.6593292117557595
CASE0074_CHUNK_0029,0.00010914451607805138,0.6593292117557595
CASE0074_CHUNK_0030,0.00010914451607805138,0.6593292117557595
CASE0074_CHUNK_0031,0.00010914451607805138,0.6593292117557595
CASE0074_CHUNK_0032,0.00010914451607805138,0.6593292117557595
CASE0074_CHUNK_0033,0.00010914451607805138,0.6593292117557595
CASE0074_CHUNK_0034,0.00010914451607805138,0.6593292117557595
CASE0075_CHUNK_0001,4.938767249406265e-05,0.22589106641386866
CASE0075_CHUNK_0002,4.938767249406265e-05,0.22589106641386866
CASE0075_CHUNK_0003,4.938767249406265e-05,0.22589106641386866
CASE0075_CHUNK_0004,4.938767249406265e-05,0.22589106641386866
CASE0075_CHUNK_0005,4.938767249406265e-05,0.22589106641386866
CASE0075_CHUNK_0006,4.938767249406265e-05,0.22589106641386866
CASE0075_CHUNK_0007,4.938767249406265e-05,0.22589106641386866
CASE0075_CHUNK_0008,4.938767249406265e-05,0.22589106641386866
CASE0075_CHUNK_0009,4.938767249406265e-05,0.22589106641386866
CASE0075_CHUNK_0010,4.938767249406265e-05,0.22589106641386866
CASE0075_CHUNK_0011,4.938767249406265e-05,0.22589106641386866
CASE0075_CHUNK_0012,4.938767249406265e-05,0.22589106641386866
CASE0075_CHUNK_0013,4.938767249406265e-05,0.22589106641386866
CASE0075_CHUNK_0014,4.938767249406265e-05,0.22589106641386866
CASE0075_CHUNK_0015,4.938767249406265e-05,0.22589106641386866
CASE0075_CHUNK_0016,4.938767249406265e-05,0.22589106641386866
CASE0075_CHUNK_0017,4.938767249406265e-05,0.22589106641386866
CASE0075_CHUNK_0018,4.938767249406265e-05,0.22589106641386866
CASE0075_CHUNK_0019,4.938767249406265e-05,0.22589106641386866
CASE0075_CHUNK_0020,4.938767249406265e-05,0.22589106641386866
CASE0075_CHUNK_0021,4.938767249406265e-05,0.22589106641386866
CASE0075_CHUNK_0022,4.938767249406265e-05,0.22589106641386866
CASE0075_CHUNK_0023,4.938767249406265e-05,0.22589106641386866
CASE0075_CHUNK_0024,4.938767249406265e-05,0.22589106641386866
CASE0075_CHUNK_0025,4.938767249406265e-05,0.22589106641386866
CASE0075_CHUNK_0026,4.938767249406265e-05,0.22589106641386866
CASE0075_CHUNK_0027,4.938767249406265e-05,0.22589106641386866
CASE0075_CHUNK_0028,4.938767249406265e-05,0.22589106641386866
CASE0075_CHUNK_0029,4.938767249406265e-05,0.22589106641386866
CASE0075_CHUNK_0030,4.938767249406265e-05,0.22589106641386866
CASE0075_CHUNK_0031,4.938767249406265e-05,0.22589106641386866
CASE0075_CHUNK_0032,4.938767249406265e-05,0.22589106641386866
CASE0075_CHUNK_0033,4.938767249406265e-05,0.22589106641386866
CASE0075_CHUNK_0034,4.938767249406265e-05,0.22589106641386866
CASE0075_CHUNK_0035,4.938767249406265e-05,0.22589106641386866
CASE0075_CHUNK_0036,4.938767249406265e-05,0.22589106641386866
CASE0075_CHUNK_0037,4.938767249406265e-05,0.22589106641386866
CASE0075_CHUNK_0038,4.938767249406265e-05,0.22589106641386866
CASE0075_CHUNK_0039,4.938767249406265e-05,0.22589106641386866
CASE0075_CHUNK_0040,4.938767249406265e-05,0.22589106641386866
CASE0075_CHUNK_0041,4.938767249406265e-05,0.22589106641386866
CASE0075_CHUNK_0042,4.938767249406265e-05,0.22589106641386866
CASE0075_CHUNK_0043,4.938767249406265e-05,0.22589106641386866
CASE0075_CHUNK_0044,4.938767249406265e-05,0.22589106641386866
CASE0075_CHUNK_0045,4.938767249406265e-05,0.22589106641386866
CASE0076_CHUNK_0001,5.434252139179083e-05,0.2618303896423808
CASE0076_CHUNK_0002,5.434252139179083e-05,0.2618303896423808
CASE0076_CHUNK_0003,5.434252139179083e-05,0.2618303896423808
CASE0076_CHUNK_0004,5.434252139179083e-05,0.2618303896423808
CASE0076_CHUNK_0005,5.434252139179083e-05,0.2618303896423808
CASE0076_CHUNK_0006,5.434252139179083e-05,0.2618303896423808
CASE0076_CHUNK_0007,5.434252139179083e-05,0.2618303896423808
CASE0076_CHUNK_0008,5.434252139179083e-05,0.2618303896423808
CASE0076_CHUNK_0009,5.434252139179083e-05,0.2618303896423808
CASE0076_CHUNK_0010,5.434252139179083e-05,0.2618303896423808
CASE0076_CHUNK_0011,5.434252139179083e-05,0.2618303896423808
CASE0076_CHUNK_0012,5.434252139179083e-05,0.2618303896423808
CASE0076_CHUNK_0013,5.434252139179083e-05,0.2618303896423808
CASE0076_CHUNK_0014,5.434252139179083e-05,0.2618303896423808
CASE0076_CHUNK_0015,5.434252139179083e-05,0.2618303896423808
CASE0076_CHUNK_0016,5.434252139179083e-05,0.2618303896423808
CASE0076_CHUNK_0017,5.434252139179083e-05,0.2618303896423808
CASE0076_CHUNK_0018,5.434252139179083e-05,0.2618303896423808
CASE0076_CHUNK_0019,5.434252139179083e-05,0.2618303896423808
CASE0076_CHUNK_0020,5.434252139179083e-05,0.2618303896423808
CASE0076_CHUNK_0021,5.434252139179083e-05,0.2618303896423808
CASE0076_CHUNK_0022,5.434252139179083e-05,0.2618303896423808
CASE0076_CHUNK_0023,5.434252139179083e-05,0.2618303896423808
CASE0076_CHUNK_0024,5.434252139179083e-05,0.2618303896423808
CASE0076_CHUNK_0025,5.434252139179083e-05,0.2618303896423808
CASE0076_CHUNK_0026,5.434252139179083e-05,0.2618303896423808
CASE0076_CHUNK_0027,5.434252139179083e-05,0.2618303896423808
CASE0076_CHUNK_0028,5.434252139179083e-05,0.2618303896423808
CASE0076_CHUNK_0029,5.434252139179083e-05,0.2618303896423808
CASE0076_CHUNK_0030,5.434252139179083e-05,0.2618303896423808
CASE0076_CHUNK_0031,5.434252139179083e-05,0.2618303896423808
CASE0076_CHUNK_0032,5.434252139179083e-05,0.2618303896423808
CASE0076_CHUNK_0033,5.434252139179083e-05,0.2618303896423808
CASE0076_CHUNK_0034,5.434252139179083e-05,0.2618303896423808
CASE0076_CHUNK_0035,5.434252139179083e-05,0.2618303896423808
CASE0076_CHUNK_0036,5.434252139179083e-05,0.2618303896423808
CASE0076_CHUNK_0037,5.434252139179083e-05,0.2618303896423808
CASE0076_CHUNK_0038,5.434252139179083e-05,0.2618303896423808
CASE0076_CHUNK_0039,5.434252139179083e-05,0.2618303896423808
CASE0076_CHUNK_0040,5.434252139179083e-05,0.2618303896423808
CASE0076_CHUNK_0041,5.434252139179083e-05,0.2618303896423808
CASE0076_CHUNK_0042,5.434252139179083e-05,0.2618303896423808
CASE0076_CHUNK_0043,5.434252139179083e-05,0.2618303896423808
CASE0076_CHUNK_0044,5.434252139179083e-05,0.2618303896423808
CASE0076_CHUNK_0045,5.434252139179083e-05,0.2618303896423808
CASE0076_CHUNK_0046,5.434252139179083e-05,0.2618303896423808
CASE0076_CHUNK_0047,5.434252139179083e-05,0.2618303896423808
CASE0076_CHUNK_0048,5.434252139179083e-05,0.2618303896423808
CASE0076_CHUNK_0049,5.434252139179083e-05,0.2618303896423808
CASE0076_CHUNK_0050,5.434252139179083e-05,0.2618303896423808
CASE0076_CHUNK_0051,5.434252139179083e-05,0.2618303896423808
CASE0076_CHUNK_0052,5.434252139179083e-05,0.2618303896423808
CASE0076_CHUNK_0053,5.434252139179083e-05,0.2618303896423808
CASE0076_CHUNK_0054,5.434252139179083e-05,0.2618303896423808
CASE0076_CHUNK_0055,5.434252139179083e-05,0.2618303896423808
CASE0076_CHUNK_0056,5.434252139179083e-05,0.2618303896423808
CASE0076_CHUNK_0057,5.434252139179083e-05,0.2618303896423808
CASE0076_CHUNK_0058,5.434252139179083e-05,0.2618303896423808
CASE0076_CHUNK_0059,5.434252139179083e-05,0.2618303896423808
CASE0077_CHUNK_0001,1.8244734873594398e-05,0.0
CASE0077_CHUNK_0002,1.8244734873594398e-05,0.0
CASE0077_CHUNK_0003,1.8244734873594398e-05,0.0
CASE0077_CHUNK_0004,1.8244734873594398e-05,0.0
CASE0077_CHUNK_0005,1.8244734873594398e-05,0.0
CASE0079_CHUNK_0001,2.416338351614195e-05,0.042930113719116786
CASE0079_CHUNK_0002,2.416338351614195e-05,0.042930113719116786
CASE0080_CHUNK_0001,7.160608339532186e-05,0.3870492909099528
CASE0080_CHUNK_0002,7.160608339532186e-05,0.3870492909099528
CASE0080_CHUNK_0003,7.160608339532186e-05,0.3870492909099528
CASE0080_CHUNK_0004,7.160608339532186e-05,0.3870492909099528
CASE0080_CHUNK_0005,7.160608339532186e-05,0.3870492909099528
CASE0080_CHUNK_0006,7.160608339532186e-05,0.3870492909099528
CASE0080_CHUNK_0007,7.160608339532186e-05,0.3870492909099528
CASE0080_CHUNK_0008,7.160608339532186e-05,0.3870492909099528
CASE0080_CHUNK_0009,7.160608339532186e-05,0.3870492909099528
CASE0080_CHUNK_0010,7.160608339532186e-05,0.3870492909099528
CASE0080_CHUNK_0011,7.160608339532186e-05,0.3870492909099528
CASE0080_CHUNK_0012,7.160608339532186e-05,0.3870492909099528
CASE0080_CHUNK_0013,7.160608339532186e-05,0.3870492909099528
CASE0080_CHUNK_0014,7.160608339532186e-05,0.3870492909099528
CASE0080_CHUNK_0015,7.160608339532186e-05,0.3870492909099528
CASE0080_CHUNK_0016,7.160608339532186e-05,0.3870492909099528
CASE0080_CHUNK_0017,7.160608339532186e-05,0.3870492909099528
CASE0081_CHUNK_0001,5.1320521492549166e-05,0.23991072399421645
CASE0081_CHUNK_0002,5.1320521492549166e-05,0.23991072399421645
CASE0081_CHUNK_0003,5.1320521492549166e-05,0.23991072399421645
CASE0081_CHUNK_0004,5.1320521492549166e-05,0.23991072399421645
CASE0081_CHUNK_0005,5.1320521492549166e-05,0.23991072399421645
CASE0081_CHUNK_0006,5.1320521492549166e-05,0.23991072399421645
CASE0081_CHUNK_0007,5.1320521492549166e-05,0.23991072399421645
CASE0081_CHUNK_0008,5.1320521492549166e-05,0.23991072399421645
CASE0081_CHUNK_0009,5.1320521492549166e-05,0.23991072399421645
CASE0081_CHUNK_0010,5.1320521492549166e-05,0.23991072399421645
CASE0081_CHUNK_0011,5.1320521492549166e-05,0.23991072399421645
CASE0081_CHUNK_0012,5.1320521492549166e-05,0.23991072399421645
CASE0081_CHUNK_0013,5.1320521492549166e-05,0.23991072399421645
CASE0081_CHUNK_0014,5.1320521492549166e-05,0.23991072399421645
CASE0081_CHUNK_0015,5.1320521492549166e-05,0.23991072399421645
CASE0082_CHUNK_0001,2.165529233657579e-05,0.02473801514062376
CASE0082_CHUNK_0002,2.165529233657579e-05,0.02473801514062376
CASE0083_CHUNK_0001,3.389198669435488e-05,0.11349521497660146
CASE0083_CHUNK_0002,3.389198669435488e-05,0.11349521497660146
CASE0083_CHUNK_0003,3.389198669435488e-05,0.11349521497660146
CASE0083_CHUNK_0004,3.389198669435488e-05,0.11349521497660146
CASE0083_CHUNK_0005,3.389198669435488e-05,0.11349521497660146
CASE0083_CHUNK_0006,3.389198669435488e-05,0.11349521497660146
CASE0083_CHUNK_0007,3.389198669435488e-05,0.11349521497660146
CASE0083_CHUNK_0008,3.389198669435488e-05,0.11349521497660146
CASE0083_CHUNK_0009,3.389198669435488e-05,0.11349521497660146
CASE0083_CHUNK_0010,3.389198669435488e-05,0.11349521497660146
CASE0083_CHUNK_0011,3.389198669435488e-05,0.11349521497660146
CASE0083_CHUNK_0012,3.389198669435488e-05,0.11349521497660146
CASE0083_CHUNK_0013,3.389198669435488e-05,0.11349521497660146
CASE0083_CHUNK_0014,3.389198669435488e-05,0.11349521497660146
CASE0083_CHUNK_0015,3.389198669435488e-05,0.11349521497660146
CASE0083_CHUNK_0016,3.389198669435488e-05,0.11349521497660146
CASE0084_CHUNK_0001,1.8244734873594398e-05,0.0
CASE0084_CHUNK_0002,1.8244734873594398e-05,0.0
CASE0085_CHUNK_0001,8.04767251291105e-05,0.45139128540773316
CASE0085_CHUNK_0002,8.04767251291105e-05,0.45139128540773316
CASE0085_CHUNK_0003,8.04767251291105e-05,0.45139128540773316
CASE0085_CHUNK_0004,8.04767251291105e-05,0.45139128540773316
CASE0085_CHUNK_0005,8.04767251291105e-05,0.45139128540773316
CASE0085_CHUNK_0006,8.04767251291105e-05,0.45139128540773316
CASE0086_CHUNK_0001,6.644490215462583e-05,0.3496133640675912
CASE0086_CHUNK_0002,6.644490215462583e-05,0.3496133640675912
CASE0086_CHUNK_0003,6.644490215462583e-05,0.3496133640675912
CASE0086_CHUNK_0004,6.644490215462583e-05,0.3496133640675912
CASE0086_CHUNK_0005,6.644490215462583e-05,0.3496133640675912
CASE0086_CHUNK_0006,6.644490215462583e-05,0.3496133640675912
CASE0086_CHUNK_0007,6.644490215462583e-05,0.3496133640675912
CASE0086_CHUNK_0008,6.644490215462583e-05,0.3496133640675912
CASE0086_CHUNK_0009,6.644490215462583e-05,0.3496133640675912
CASE0086_CHUNK_0010,6.644490215462583e-05,0.3496133640675912
CASE0086_CHUNK_0011,6.644490215462583e-05,0.3496133640675912
CASE0086_CHUNK_0012,6.644490215462583e-05,0.3496133640675912
CASE0086_CHUNK_0013,6.644490215462583e-05,0.3496133640675912
CASE0086_CHUNK_0014,6.644490215462583e-05,0.3496133640675912
CASE0086_CHUNK_0015,6.644490215462583e-05,0.3496133640675912
CASE0086_CHUNK_0016,6.644490215462583e-05,0.3496133640675912
CASE0086_CHUNK_0017,6.644490215462583e-05,0.3496133640675912
CASE0087_CHUNK_0001,0.00010366508056060009,0.6195848707604642
CASE0087_CHUNK_0002,0.00010366508056060009,0.6195848707604642
CASE0087_CHUNK_0003,0.00010366508056060009,0.6195848707604642
CASE0087_CHUNK_0004,0.00010366508056060009,0.6195848707604642
CASE0087_CHUNK_0005,0.00010366508056060009,0.6195848707604642
CASE0087_CHUNK_0006,0.00010366508056060009,0.6195848707604642
CASE0087_CHUNK_0007,0.00010366508056060009,0.6195848707604642
CASE0087_CHUNK_0008,0.00010366508056060009,0.6195848707604642
CASE0087_CHUNK_0009,0.00010366508056060009,0.6195848707604642
CASE0087_CHUNK_0010,0.00010366508056060009,0.6195848707604642
CASE0087_CHUNK_0011,0.00010366508056060009,0.6195848707604642
CASE0087_CHUNK_0012,0.00010366508056060009,0.6195848707604642
CASE0087_CHUNK_0013,0.00010366508056060009,0.6195848707604642
CASE0087_CHUNK_0014,0.00010366508056060009,0.6195848707604642
CASE0087_CHUNK_0015,0.00010366508056060009,0.6195848707604642
CASE0087_CHUNK_0016,0.00010366508056060009,0.6195848707604642
CASE0087_CHUNK_0017,0.00010366508056060009,0.6195848707604642
CASE0087_CHUNK_0018,0.00010366508056060009,0.6195848707604642
CASE0087_CHUNK_0019,0.00010366508056060009,0.6195848707604642
CASE0087_CHUNK_0020,0.00010366508056060009,0.6195848707604642
CASE0087_CHUNK_0021,0.00010366508056060009,0.6195848707604642
CASE0087_CHUNK_0022,0.00010366508056060009,0.6195848707604642
CASE0087_CHUNK_0023,0.00010366508056060009,0.6195848707604642
CASE0087_CHUNK_0024,0.00010366508056060009,0.6195848707604642
CASE0087_CHUNK_0025,0.00010366508056060009,0.6195848707604642
CASE0087_CHUNK_0026,0.00010366508056060009,0.6195848707604642
CASE0087_CHUNK_0027,0.00010366508056060009,0.6195848707604642
CASE0087_CHUNK_0028,0.00010366508056060009,0.6195848707604642
CASE0087_CHUNK_0029,0.00010366508056060009,0.6195848707604642
CASE0087_CHUNK_0030,0.00010366508056060009,0.6195848707604642
CASE0087_CHUNK_0031,0.00010366508056060009,0.6195848707604642
CASE0087_CHUNK_0032,0.00010366508056060009,0.6195848707604642
CASE0087_CHUNK_0033,0.00010366508056060009,0.6195848707604642
CASE0087_CHUNK_0034,0.00010366508056060009,0.6195848707604642
CASE0087_CHUNK_0035,0.00010366508056060009,0.6195848707604642
CASE0087_CHUNK_0036,0.00010366508056060009,0.6195848707604642
CASE0087_CHUNK_0037,0.00010366508056060009,0.6195848707604642
CASE0087_CHUNK_0038,0.00010366508056060009,0.6195848707604642
CASE0087_CHUNK_0039,0.00010366508056060009,0.6195848707604642
CASE0087_CHUNK_0040,0.00010366508056060009,0.6195848707604642
CASE0087_CHUNK_0041,0.00010366508056060009,0.6195848707604642
CASE0087_CHUNK_0042,0.00010366508056060009,0.6195848707604642
CASE0087_CHUNK_0043,0.00010366508056060009,0.6195848707604642
CASE0087_CHUNK_0044,0.00010366508056060009,0.6195848707604642
CASE0087_CHUNK_0045,0.00010366508056060009,0.6195848707604642
CASE0087_CHUNK_0046,0.00010366508056060009,0.6195848707604642
CASE0087_CHUNK_0047,0.00010366508056060009,0.6195848707604642
CASE0087_CHUNK_0048,0.00010366508056060009,0.6195848707604642
CASE0087_CHUNK_0049,0.00010366508056060009,0.6195848707604642
CASE0087_CHUNK_0050,0.00010366508056060009,0.6195848707604642
CASE0087_CHUNK_0051,0.00010366508056060009,0.6195848707604642
CASE0087_CHUNK_0052,0.00010366508056060009,0.6195848707604642
CASE0087_CHUNK_0053,0.00010366508056060009,0.6195848707604642
CASE0087_CHUNK_0054,0.00010366508056060009,0.6195848707604642
CASE0087_CHUNK_0055,0.00010366508056060009,0.6195848707604642
CASE0087_CHUNK_0056,0.00010366508056060009,0.6195848707604642
CASE0087_CHUNK_0057,0.00010366508056060009,0.6195848707604642
CASE0087_CHUNK_0058,0.00010366508056060009,0.6195848707604642
CASE0087_CHUNK_0059,0.00010366508056060009,0.6195848707604642
CASE0087_CHUNK_0060,0.00010366508056060009,0.6195848707604642
CASE0087_CHUNK_0061,0.00010366508056060009,0.6195848707604642
CASE0087_CHUNK_0062,0.00010366508056060009,0.6195848707604642
CASE0087_CHUNK_0063,0.00010366508056060009,0.6195848707604642
CASE0087_CHUNK_0064,0.00010366508056060009,0.6195848707604642
CASE0087_CHUNK_0065,0.00010366508056060009,0.6195848707604642
CASE0087_CHUNK_0066,0.00010366508056060009,0.6195848707604642
CASE0087_CHUNK_0067,0.00010366508056060009,0.6195848707604642
CASE0087_CHUNK_0068,0.00010366508056060009,0.6195848707604642
CASE0087_CHUNK_0069,0.00010366508056060009,0.6195848707604642
CASE0087_CHUNK_0070,0.00010366508056060009,0.6195848707604642
CASE0087_CHUNK_0071,0.00010366508056060009,0.6195848707604642
CASE0087_CHUNK_0072,0.00010366508056060009,0.6195848707604642
CASE0087_CHUNK_0073,0.00010366508056060009,0.6195848707604642
CASE0087_CHUNK_0074,0.00010366508056060009,0.6195848707604642
CASE0087_CHUNK_0075,0.00010366508056060009,0.6195848707604642
CASE0087_CHUNK_0076,0.00010366508056060009,0.6195848707604642
CASE0087_CHUNK_0077,0.00010366508056060009,0.6195848707604642
CASE0087_CHUNK_0078,0.00010366508056060009,0.6195848707604642
CASE0087_CHUNK_0079,0.00010366508056060009,0.6195848707604642
CASE0087_CHUNK_0080,0.00010366508056060009,0.6195848707604642
CASE0087_CHUNK_0081,0.00010366508056060009,0.6195848707604642
CASE0087_CHUNK_0082,0.00010366508056060009,0.6195848707604642
CASE0087_CHUNK_0083,0.00010366508056060009,0.6195848707604642
CASE0087_CHUNK_0084,0.00010366508056060009,0.6195848707604642
CASE0087_CHUNK_0085,0.00010366508056060009,0.6195848707604642
CASE0087_CHUNK_0086,0.00010366508056060009,0.6195848707604642
CASE0087_CHUNK_0087,0.00010366508056060009,0.6195848707604642
CASE0087_CHUNK_0088,0.00010366508056060009,0.6195848707604642
CASE0087_CHUNK_0089,0.00010366508056060009,0.6195848707604642
CASE0087_CHUNK_0090,0.00010366508056060009,0.6195848707604642
CASE0087_CHUNK_0091,0.00010366508056060009,0.6195848707604642
CASE0087_CHUNK_0092,0.00010366508056060009,0.6195848707604642
CASE0087_CHUNK_0093,0.00010366508056060009,0.6195848707604642
CASE0087_CHUNK_0094,0.00010366508056060009,0.6195848707604642
CASE0087_CHUNK_0095,0.00010366508056060009,0.6195848707604642
CASE0087_CHUNK_0096,0.00010366508056060009,0.6195848707604642
CASE0087_CHUNK_0097,0.00010366508056060009,0.6195848707604642
CASE0087_CHUNK_0098,0.00010366508056060009,0.6195848707604642
CASE0087_CHUNK_0099,0.00010366508056060009,0.6195848707604642
CASE0087_CHUNK_0100,0.00010366508056060009,0.6195848707604642
CASE0087_CHUNK_0101,0.00010366508056060009,0.6195848707604642
CASE0087_CHUNK_0102,0.00010366508056060009,0.6195848707604642
CASE0087_CHUNK_0103,0.00010366508056060009,0.6195848707604642
CASE0087_CHUNK_0104,0.00010366508056060009,0.6195848707604642
CASE0087_CHUNK_0105,0.00010366508056060009,0.6195848707604642
CASE0087_CHUNK_0106,0.00010366508056060009,0.6195848707604642
CASE0087_CHUNK_0107,0.00010366508056060009,0.6195848707604642
CASE0087_CHUNK_0108,0.00010366508056060009,0.6195848707604642
CASE0087_CHUNK_0109,0.00010366508056060009,0.6195848707604642
CASE0087_CHUNK_0110,0.00010366508056060009,0.6195848707604642
CASE0088_CHUNK_0001,2.0681258935447374e-05,0.0176729962145024
CASE0088_CHUNK_0002,2.0681258935447374e-05,0.0176729962145024
CASE0088_CHUNK_0003,2.0681258935447374e-05,0.0176729962145024
CASE0088_CHUNK_0004,2.0681258935447374e-05,0.0176729962145024
CASE0088_CHUNK_0005,2.0681258935447374e-05,0.0176729962145024
CASE0088_CHUNK_0006,2.0681258935447374e-05,0.0176729962145024
CASE0088_CHUNK_0007,2.0681258935447374e-05,0.0176729962145024
CASE0088_CHUNK_0008,2.0681258935447374e-05,0.0176729962145024
CASE0088_CHUNK_0009,2.0681258935447374e-05,0.0176729962145024
CASE0088_CHUNK_0010,2.0681258935447374e-05,0.0176729962145024
CASE0088_CHUNK_0011,2.0681258935447374e-05,0.0176729962145024
CASE0088_CHUNK_0012,2.0681258935447374e-05,0.0176729962145024
CASE0089_CHUNK_0001,2.165529233657579e-05,0.02473801514062376
CASE0089_CHUNK_0002,2.165529233657579e-05,0.02473801514062376
CASE0089_CHUNK_0003,2.165529233657579e-05,0.02473801514062376
CASE0090_CHUNK_0001,6.940475545553598e-05,0.37108225780906573
CASE0090_CHUNK_0002,6.940475545553598e-05,0.37108225780906573
CASE0090_CHUNK_0003,6.940475545553598e-05,0.37108225780906573
CASE0090_CHUNK_0004,6.940475545553598e-05,0.37108225780906573
CASE0090_CHUNK_0005,6.940475545553598e-05,0.37108225780906573
CASE0090_CHUNK_0006,6.940475545553598e-05,0.37108225780906573
CASE0090_CHUNK_0007,6.940475545553598e-05,0.37108225780906573
CASE0090_CHUNK_0008,6.940475545553598e-05,0.37108225780906573
CASE0090_CHUNK_0009,6.940475545553598e-05,0.37108225780906573
CASE0090_CHUNK_0010,6.940475545553598e-05,0.37108225780906573
CASE0090_CHUNK_0011,6.940475545553598e-05,0.37108225780906573
CASE0090_CHUNK_0012,6.940475545553598e-05,0.37108225780906573
CASE0090_CHUNK_0013,6.940475545553598e-05,0.37108225780906573
CASE0090_CHUNK_0014,6.940475545553598e-05,0.37108225780906573
CASE0091_CHUNK_0001,0.00013058775302086825,0.8148648172727748
CASE0091_CHUNK_0002,0.00013058775302086825,0.8148648172727748
CASE0091_CHUNK_0003,0.00013058775302086825,0.8148648172727748
CASE0091_CHUNK_0004,0.00013058775302086825,0.8148648172727748
CASE0091_CHUNK_0005,0.00013058775302086825,0.8148648172727748
CASE0091_CHUNK_0006,0.00013058775302086825,0.8148648172727748
CASE0091_CHUNK_0007,0.00013058775302086825,0.8148648172727748
CASE0091_CHUNK_0008,0.00013058775302086825,0.8148648172727748
CASE0091_CHUNK_0009,0.00013058775302086825,0.8148648172727748
CASE0091_CHUNK_0010,0.00013058775302086825,0.8148648172727748
CASE0091_CHUNK_0011,0.00013058775302086825,0.8148648172727748
CASE0091_CHUNK_0012,0.00013058775302086825,0.8148648172727748
CASE0091_CHUNK_0013,0.00013058775302086825,0.8148648172727748
CASE0091_CHUNK_0014,0.00013058775302086825,0.8148648172727748
CASE0092_CHUNK_0001,4.615894454602666e-05,0.20247192695340996
CASE0092_CHUNK_0002,4.615894454602666e-05,0.20247192695340996
CASE0092_CHUNK_0003,4.615894454602666e-05,0.20247192695340996
CASE0092_CHUNK_0004,4.615894454602666e-05,0.20247192695340996
CASE0092_CHUNK_0005,4.615894454602666e-05,0.20247192695340996
CASE0092_CHUNK_0006,4.615894454602666e-05,0.20247192695340996
CASE0092_CHUNK_0007,4.615894454602666e-05,0.20247192695340996
CASE0092_CHUNK_0008,4.615894454602666e-05,0.20247192695340996
CASE0092_CHUNK_0009,4.615894454602666e-05,0.20247192695340996
CASE0092_CHUNK_0010,4.615894454602666e-05,0.20247192695340996
CASE0092_CHUNK_0011,4.615894454602666e-05,0.20247192695340996
CASE0092_CHUNK_0012,4.615894454602666e-05,0.20247192695340996
CASE0092_CHUNK_0013,4.615894454602666e-05,0.20247192695340996
CASE0092_CHUNK_0014,4.615894454602666e-05,0.20247192695340996
CASE0092_CHUNK_0015,4.615894454602666e-05,0.20247192695340996
CASE0092_CHUNK_0016,4.615894454602666e-05,0.20247192695340996
CASE0092_CHUNK_0017,4.615894454602666e-05,0.20247192695340996
CASE0092_CHUNK_0018,4.615894454602666e-05,0.20247192695340996
CASE0092_CHUNK_0019,4.615894454602666e-05,0.20247192695340996
CASE0092_CHUNK_0020,4.615894454602666e-05,0.20247192695340996
CASE0092_CHUNK_0021,4.615894454602666e-05,0.20247192695340996
CASE0092_CHUNK_0022,4.615894454602666e-05,0.20247192695340996
CASE0092_CHUNK_0023,4.615894454602666e-05,0.20247192695340996
CASE0092_CHUNK_0024,4.615894454602666e-05,0.20247192695340996
CASE0092_CHUNK_0025,4.615894454602666e-05,0.20247192695340996
CASE0092_CHUNK_0026,4.615894454602666e-05,0.20247192695340996
CASE0092_CHUNK_0027,4.615894454602666e-05,0.20247192695340996
CASE0092_CHUNK_0028,4.615894454602666e-05,0.20247192695340996
CASE0092_CHUNK_0029,4.615894454602666e-05,0.20247192695340996
CASE0092_CHUNK_0030,4.615894454602666e-05,0.20247192695340996
CASE0092_CHUNK_0031,4.615894454602666e-05,0.20247192695340996
CASE0092_CHUNK_0032,4.615894454602666e-05,0.20247192695340996
CASE0093_CHUNK_0001,6.978285677522518e-05,0.37382476435607015
CASE0093_CHUNK_0002,6.978285677522518e-05,0.37382476435607015
CASE0093_CHUNK_0003,6.978285677522518e-05,0.37382476435607015
CASE0093_CHUNK_0004,6.978285677522518e-05,0.37382476435607015
CASE0093_CHUNK_0005,6.978285677522518e-05,0.37382476435607015
CASE0093_CHUNK_0006,6.978285677522518e-05,0.37382476435607015
CASE0093_CHUNK_0007,6.978285677522518e-05,0.37382476435607015
CASE0093_CHUNK_0008,6.978285677522518e-05,0.37382476435607015
CASE0093_CHUNK_0009,6.978285677522518e-05,0.37382476435607015
CASE0093_CHUNK_0010,6.978285677522518e-05,0.37382476435607015
CASE0093_CHUNK_0011,6.978285677522518e-05,0.37382476435607015
CASE0093_CHUNK_0012,6.978285677522518e-05,0.37382476435607015
CASE0093_CHUNK_0013,6.978285677522518e-05,0.37382476435607015
CASE0093_CHUNK_0014,6.978285677522518e-05,0.37382476435607015
CASE0093_CHUNK_0015,6.978285677522518e-05,0.37382476435607015
CASE0093_CHUNK_0016,6.978285677522518e-05,0.37382476435607015
CASE0093_CHUNK_0017,6.978285677522518e-05,0.37382476435607015
CASE0093_CHUNK_0018,6.978285677522518e-05,0.37382476435607015
CASE0093_CHUNK_0019,6.978285677522518e-05,0.37382476435607015
CASE0093_CHUNK_0020,6.978285677522518e-05,0.37382476435607015
CASE0093_CHUNK_0021,6.978285677522518e-05,0.37382476435607015
CASE0093_CHUNK_0022,6.978285677522518e-05,0.37382476435607015
CASE0093_CHUNK_0023,6.978285677522518e-05,0.37382476435607015
CASE0093_CHUNK_0024,6.978285677522518e-05,0.37382476435607015
CASE0094_CHUNK_0001,2.2734834794470864e-05,0.032568329673723376
CASE0094_CHUNK_0002,2.2734834794470864e-05,0.032568329673723376
CASE0094_CHUNK_0003,2.2734834794470864e-05,0.032568329673723376
CASE0094_CHUNK_0004,2.2734834794470864e-05,0.032568329673723376
CASE0094_CHUNK_0005,2.2734834794470864e-05,0.032568329673723376
CASE0095_CHUNK_0001,3.679437926145379e-05,0.13454732509298173
CASE0095_CHUNK_0002,3.679437926145379e-05,0.13454732509298173
CASE0095_CHUNK_0003,3.679437926145379e-05,0.13454732509298173
CASE0095_CHUNK_0004,3.679437926145379e-05,0.13454732509298173
CASE0095_CHUNK_0005,3.679437926145379e-05,0.13454732509298173
CASE0095_CHUNK_0006,3.679437926145379e-05,0.13454732509298173
CASE0095_CHUNK_0007,3.679437926145379e-05,0.13454732509298173
CASE0095_CHUNK_0008,3.679437926145379e-05,0.13454732509298173
CASE0095_CHUNK_0009,3.679437926145379e-05,0.13454732509298173
CASE0095_CHUNK_0010,3.679437926145379e-05,0.13454732509298173
CASE0095_CHUNK_0011,3.679437926145379e-05,0.13454732509298173
CASE0095_CHUNK_0012,3.679437926145379e-05,0.13454732509298173
CASE0095_CHUNK_0013,3.679437926145379e-05,0.13454732509298173
CASE0095_CHUNK_0014,3.679437926145379e-05,0.13454732509298173
CASE0095_CHUNK_0015,3.679437926145379e-05,0.13454732509298173
CASE0095_CHUNK_0016,3.679437926145379e-05,0.13454732509298173
CASE0095_CHUNK_0017,3.679437926145379e-05,0.13454732509298173
CASE0095_CHUNK_0018,3.679437926145379e-05,0.13454732509298173
CASE0095_CHUNK_0019,3.679437926145379e-05,0.13454732509298173
CASE0095_CHUNK_0020,3.679437926145379e-05,0.13454732509298173
CASE0095_CHUNK_0021,3.679437926145379e-05,0.13454732509298173
CASE0095_CHUNK_0022,3.679437926145379e-05,0.13454732509298173
CASE0095_CHUNK_0023,3.679437926145379e-05,0.13454732509298173
CASE0095_CHUNK_0024,3.679437926145379e-05,0.13454732509298173
CASE0095_CHUNK_0025,3.679437926145379e-05,0.13454732509298173
CASE0095_CHUNK_0026,3.679437926145379e-05,0.13454732509298173
CASE0095_CHUNK_0027,3.679437926145379e-05,0.13454732509298173
CASE0095_CHUNK_0028,3.679437926145379e-05,0.13454732509298173
CASE0095_CHUNK_0029,3.679437926145379e-05,0.13454732509298173
CASE0095_CHUNK_0030,3.679437926145379e-05,0.13454732509298173
CASE0095_CHUNK_0031,3.679437926145379e-05,0.13454732509298173
CASE0095_CHUNK_0032,3.679437926145379e-05,0.13454732509298173
CASE0095_CHUNK_0033,3.679437926145379e-05,0.13454732509298173
CASE0095_CHUNK_0034,3.679437926145379e-05,0.13454732509298173
CASE0095_CHUNK_0035,3.679437926145379e-05,0.13454732509298173
CASE0095_CHUNK_0036,3.679437926145379e-05,0.13454732509298173
CASE0095_CHUNK_0037,3.679437926145379e-05,0.13454732509298173
CASE0095_CHUNK_0038,3.679437926145379e-05,0.13454732509298173
CASE0095_CHUNK_0039,3.679437926145379e-05,0.13454732509298173
CASE0095_CHUNK_0040,3.679437926145379e-05,0.13454732509298173
CASE0095_CHUNK_0041,3.679437926145379e-05,0.13454732509298173
CASE0095_CHUNK_0042,3.679437926145379e-05,0.13454732509298173
CASE0095_CHUNK_0043,3.679437926145379e-05,0.13454732509298173
CASE0095_CHUNK_0044,3.679437926145379e-05,0.13454732509298173
CASE0095_CHUNK_0045,3.679437926145379e-05,0.13454732509298173
CASE0095_CHUNK_0046,3.679437926145379e-05,0.13454732509298173
CASE0095_CHUNK_0047,3.679437926145379e-05,0.13454732509298173
CASE0095_CHUNK_0048,3.679437926145379e-05,0.13454732509298173
CASE0095_CHUNK_0049,3.679437926145379e-05,0.13454732509298173
CASE0095_CHUNK_0050,3.679437926145379e-05,0.13454732509298173
CASE0095_CHUNK_0051,3.679437926145379e-05,0.13454732509298173
CASE0095_CHUNK_0052,3.679437926145379e-05,0.13454732509298173
CASE0095_CHUNK_0053,3.679437926145379e-05,0.13454732509298173
CASE0095_CHUNK_0054,3.679437926145379e-05,0.13454732509298173
CASE0095_CHUNK_0055,3.679437926145379e-05,0.13454732509298173
CASE0095_CHUNK_0056,3.679437926145379e-05,0.13454732509298173
CASE0095_CHUNK_0057,3.679437926145379e-05,0.13454732509298173
CASE0095_CHUNK_0058,3.679437926145379e-05,0.13454732509298173
CASE0095_CHUNK_0059,3.679437926145379e-05,0.13454732509298173
CASE0095_CHUNK_0060,3.679437926145379e-05,0.13454732509298173
CASE0095_CHUNK_0061,3.679437926145379e-05,0.13454732509298173
CASE0095_CHUNK_0062,3.679437926145379e-05,0.13454732509298173
CASE0095_CHUNK_0063,3.679437926145379e-05,0.13454732509298173
CASE0095_CHUNK_0064,3.679437926145379e-05,0.13454732509298173
CASE0095_CHUNK_0065,3.679437926145379e-05,0.13454732509298173
CASE0096_CHUNK_0001,1.8244734873594398e-05,0.0
CASE0096_CHUNK_0002,1.8244734873594398e-05,0.0
CASE0096_CHUNK_0003,1.8244734873594398e-05,0.0
CASE0096_CHUNK_0004,1.8244734873594398e-05,0.0
CASE0096_CHUNK_0005,1.8244734873594398e-05,0.0
CASE0096_CHUNK_0006,1.8244734873594398e-05,0.0
CASE0096_CHUNK_0007,1.8244734873594398e-05,0.0
CASE0096_CHUNK_0008,1.8244734873594398e-05,0.0
CASE0096_CHUNK_0009,1.8244734873594398e-05,0.0
CASE0096_CHUNK_0010,1.8244734873594398e-05,0.0
CASE0097_CHUNK_0001,7.288654281343112e-05,0.39633692931392533
CASE0097_CHUNK_0002,7.288654281343112e-05,0.39633692931392533
CASE0097_CHUNK_0003,7.288654281343112e-05,0.39633692931392533
CASE0097_CHUNK_0004,7.288654281343112e-05,0.39633692931392533
CASE0097_CHUNK_0005,7.288654281343112e-05,0.39633692931392533
CASE0097_CHUNK_0006,7.288654281343112e-05,0.39633692931392533
CASE0097_CHUNK_0007,7.288654281343112e-05,0.39633692931392533
CASE0097_CHUNK_0008,7.288654281343112e-05,0.39633692931392533
CASE0097_CHUNK_0009,7.288654281343112e-05,0.39633692931392533
CASE0097_CHUNK_0010,7.288654281343112e-05,0.39633692931392533
CASE0097_CHUNK_0011,7.288654281343112e-05,0.39633692931392533
CASE0097_CHUNK_0012,7.288654281343112e-05,0.39633692931392533
CASE0097_CHUNK_0013,7.288654281343112e-05,0.39633692931392533
CASE0097_CHUNK_0014,7.288654281343112e-05,0.39633692931392533
CASE0097_CHUNK_0015,7.288654281343112e-05,0.39633692931392533
CASE0098_CHUNK_0001,3.456513083728277e-05,0.11837777455236523
CASE0098_CHUNK_0002,3.456513083728277e-05,0.11837777455236523
CASE0098_CHUNK_0003,3.456513083728277e-05,0.11837777455236523
CASE0098_CHUNK_0004,3.456513083728277e-05,0.11837777455236523
CASE0098_CHUNK_0005,3.456513083728277e-05,0.11837777455236523
CASE0099_CHUNK_0001,7.007432994743888e-05,0.3759389254061541
CASE0099_CHUNK_0002,7.007432994743888e-05,0.3759389254061541
CASE0099_CHUNK_0003,7.007432994743888e-05,0.3759389254061541
CASE0099_CHUNK_0004,7.007432994743888e-05,0.3759389254061541
CASE0099_CHUNK_0005,7.007432994743888e-05,0.3759389254061541
CASE0099_CHUNK_0006,7.007432994743888e-05,0.3759389254061541
CASE0099_CHUNK_0007,7.007432994743888e-05,0.3759389254061541
CASE0099_CHUNK_0008,7.007432994743888e-05,0.3759389254061541
CASE0099_CHUNK_0009,7.007432994743888e-05,0.3759389254061541
CASE0099_CHUNK_0010,7.007432994743888e-05,0.3759389254061541
CASE0099_CHUNK_0011,7.007432994743888e-05,0.3759389254061541
CASE0099_CHUNK_0012,7.007432994743888e-05,0.3759389254061541
CASE0100_CHUNK_0001,2.0681258935447374e-05,0.0176729962145024
CASE0100_CHUNK_0002,2.0681258935447374e-05,0.0176729962145024
CASE0100_CHUNK_0003,2.0681258935447374e-05,0.0176729962145024
CASE0100_CHUNK_0004,2.0681258935447374e-05,0.0176729962145024
CASE0101_CHUNK_0001,5.520497844714184e-05,0.2680861047050909
CASE0101_CHUNK_0002,5.520497844714184e-05,0.2680861047050909
CASE0101_CHUNK_0003,5.520497844714184e-05,0.2680861047050909
CASE0101_CHUNK_0004,5.520497844714184e-05,0.2680861047050909
CASE0101_CHUNK_0005,5.520497844714184e-05,0.2680861047050909
CASE0101_CHUNK_0006,5.520497844714184e-05,0.2680861047050909
CASE0101_CHUNK_0007,5.520497844714184e-05,0.2680861047050909
CASE0101_CHUNK_0008,5.520497844714184e-05,0.2680861047050909
CASE0101_CHUNK_0009,5.520497844714184e-05,0.2680861047050909
CASE0101_CHUNK_0010,5.520497844714184e-05,0.2680861047050909
CASE0103_CHUNK_0001,7.241784066909905e-05,0.39293726199596324
CASE0103_CHUNK_0002,7.241784066909905e-05,0.39293726199596324
CASE0103_CHUNK_0003,7.241784066909905e-05,0.39293726199596324
CASE0103_CHUNK_0004,7.241784066909905e-05,0.39293726199596324
CASE0103_CHUNK_0005,7.241784066909905e-05,0.39293726199596324
CASE0103_CHUNK_0006,7.241784066909905e-05,0.39293726199596324
CASE0103_CHUNK_0007,7.241784066909905e-05,0.39293726199596324
CASE0103_CHUNK_0008,7.241784066909905e-05,0.39293726199596324
CASE0104_CHUNK_0001,8.104311152224637e-05,0.4554994921513281
CASE0104_CHUNK_0002,8.104311152224637e-05,0.4554994921513281
CASE0104_CHUNK_0003,8.104311152224637e-05,0.4554994921513281
CASE0104_CHUNK_0004,8.104311152224637e-05,0.4554994921513281
CASE0104_CHUNK_0005,8.104311152224637e-05,0.4554994921513281
CASE0104_CHUNK_0006,8.104311152224637e-05,0.4554994921513281
CASE0104_CHUNK_0007,8.104311152224637e-05,0.4554994921513281
CASE0104_CHUNK_0008,8.104311152224637e-05,0.4554994921513281
CASE0104_CHUNK_0009,8.104311152224637e-05,0.4554994921513281
CASE0104_CHUNK_0010,8.104311152224637e-05,0.4554994921513281
CASE0104_CHUNK_0011,8.104311152224637e-05,0.4554994921513281
CASE0104_CHUNK_0012,8.104311152224637e-05,0.4554994921513281
CASE0104_CHUNK_0013,8.104311152224637e-05,0.4554994921513281
CASE0104_CHUNK_0014,8.104311152224637e-05,0.4554994921513281
CASE0104_CHUNK_0015,8.104311152224637e-05,0.4554994921513281
CASE0104_CHUNK_0016,8.104311152224637e-05,0.4554994921513281
CASE0104_CHUNK_0017,8.104311152224637e-05,0.4554994921513281
CASE0104_CHUNK_0018,8.104311152224637e-05,0.4554994921513281
CASE0104_CHUNK_0019,8.104311152224637e-05,0.4554994921513281
CASE0104_CHUNK_0020,8.104311152224637e-05,0.4554994921513281
CASE0104_CHUNK_0021,8.104311152224637e-05,0.4554994921513281
CASE0104_CHUNK_0022,8.104311152224637e-05,0.4554994921513281
CASE0104_CHUNK_0023,8.104311152224637e-05,0.4554994921513281
CASE0104_CHUNK_0024,8.104311152224637e-05,0.4554994921513281
CASE0104_CHUNK_0025,8.104311152224637e-05,0.4554994921513281
CASE0104_CHUNK_0026,8.104311152224637e-05,0.4554994921513281
CASE0104_CHUNK_0027,8.104311152224637e-05,0.4554994921513281
CASE0104_CHUNK_0028,8.104311152224637e-05,0.4554994921513281
CASE0104_CHUNK_0029,8.104311152224637e-05,0.4554994921513281
CASE0104_CHUNK_0030,8.104311152224637e-05,0.4554994921513281
CASE0104_CHUNK_0031,8.104311152224637e-05,0.4554994921513281
CASE0104_CHUNK_0032,8.104311152224637e-05,0.4554994921513281
CASE0104_CHUNK_0033,8.104311152224637e-05,0.4554994921513281
CASE0104_CHUNK_0034,8.104311152224637e-05,0.4554994921513281
CASE0104_CHUNK_0035,8.104311152224637e-05,0.4554994921513281
CASE0104_CHUNK_0036,8.104311152224637e-05,0.4554994921513281
CASE0104_CHUNK_0037,8.104311152224637e-05,0.4554994921513281
CASE0104_CHUNK_0038,8.104311152224637e-05,0.4554994921513281
CASE0104_CHUNK_0039,8.104311152224637e-05,0.4554994921513281
CASE0104_CHUNK_0040,8.104311152224637e-05,0.4554994921513281
CASE0104_CHUNK_0041,8.104311152224637e-05,0.4554994921513281
CASE0104_CHUNK_0042,8.104311152224637e-05,0.4554994921513281
CASE0104_CHUNK_0043,8.104311152224637e-05,0.4554994921513281
CASE0104_CHUNK_0044,8.104311152224637e-05,0.4554994921513281
CASE0104_CHUNK_0045,8.104311152224637e-05,0.4554994921513281
CASE0104_CHUNK_0046,8.104311152224637e-05,0.4554994921513281
CASE0104_CHUNK_0047,8.104311152224637e-05,0.4554994921513281
CASE0104_CHUNK_0048,8.104311152224637e-05,0.4554994921513281
CASE0104_CHUNK_0049,8.104311152224637e-05,0.4554994921513281
CASE0104_CHUNK_0050,8.104311152224637e-05,0.4554994921513281
CASE0104_CHUNK_0051,8.104311152224637e-05,0.4554994921513281
CASE0104_CHUNK_0052,8.104311152224637e-05,0.4554994921513281
CASE0104_CHUNK_0053,8.104311152224637e-05,0.4554994921513281
CASE0104_CHUNK_0054,8.104311152224637e-05,0.4554994921513281
CASE0104_CHUNK_0055,8.104311152224637e-05,0.4554994921513281
CASE0104_CHUNK_0056,8.104311152224637e-05,0.4554994921513281
CASE0104_CHUNK_0057,8.104311152224637e-05,0.4554994921513281
CASE0104_CHUNK_0058,8.104311152224637e-05,0.4554994921513281
CASE0104_CHUNK_0059,8.104311152224637e-05,0.4554994921513281
CASE0104_CHUNK_0060,8.104311152224637e-05,0.4554994921513281
CASE0104_CHUNK_0061,8.104311152224637e-05,0.4554994921513281
CASE0104_CHUNK_0062,8.104311152224637e-05,0.4554994921513281
CASE0104_CHUNK_0063,8.104311152224637e-05,0.4554994921513281
CASE0104_CHUNK_0064,8.104311152224637e-05,0.4554994921513281
CASE0104_CHUNK_0065,8.104311152224637e-05,0.4554994921513281
CASE0104_CHUNK_0066,8.104311152224637e-05,0.4554994921513281
CASE0104_CHUNK_0067,8.104311152224637e-05,0.4554994921513281
CASE0104_CHUNK_0068,8.104311152224637e-05,0.4554994921513281
CASE0104_CHUNK_0069,8.104311152224637e-05,0.4554994921513281
CASE0104_CHUNK_0070,8.104311152224637e-05,0.4554994921513281
CASE0104_CHUNK_0071,8.104311152224637e-05,0.4554994921513281
CASE0104_CHUNK_0072,8.104311152224637e-05,0.4554994921513281
CASE0104_CHUNK_0073,8.104311152224637e-05,0.4554994921513281
CASE0104_CHUNK_0074,8.104311152224637e-05,0.4554994921513281
CASE0104_CHUNK_0075,8.104311152224637e-05,0.4554994921513281
CASE0104_CHUNK_0076,8.104311152224637e-05,0.4554994921513281
CASE0104_CHUNK_0077,8.104311152224637e-05,0.4554994921513281
CASE0104_CHUNK_0078,8.104311152224637e-05,0.4554994921513281
CASE0104_CHUNK_0079,8.104311152224637e-05,0.4554994921513281
CASE0104_CHUNK_0080,8.104311152224637e-05,0.4554994921513281
CASE0104_CHUNK_0081,8.104311152224637e-05,0.4554994921513281
CASE0104_CHUNK_0082,8.104311152224637e-05,0.4554994921513281
CASE0104_CHUNK_0083,8.104311152224637e-05,0.4554994921513281
CASE0104_CHUNK_0084,8.104311152224637e-05,0.4554994921513281
CASE0104_CHUNK_0085,8.104311152224637e-05,0.4554994921513281
CASE0104_CHUNK_0086,8.104311152224637e-05,0.4554994921513281
CASE0104_CHUNK_0087,8.104311152224637e-05,0.4554994921513281
CASE0104_CHUNK_0088,8.104311152224637e-05,0.4554994921513281
CASE0104_CHUNK_0089,8.104311152224637e-05,0.4554994921513281
CASE0104_CHUNK_0090,8.104311152224637e-05,0.4554994921513281
CASE0104_CHUNK_0091,8.104311152224637e-05,0.4554994921513281
CASE0104_CHUNK_0092,8.104311152224637e-05,0.4554994921513281
CASE0104_CHUNK_0093,8.104311152224637e-05,0.4554994921513281
CASE0104_CHUNK_0094,8.104311152224637e-05,0.4554994921513281
CASE0104_CHUNK_0095,8.104311152224637e-05,0.4554994921513281
CASE0104_CHUNK_0096,8.104311152224637e-05,0.4554994921513281
CASE0104_CHUNK_0097,8.104311152224637e-05,0.4554994921513281
CASE0104_CHUNK_0098,8.104311152224637e-05,0.4554994921513281
CASE0104_CHUNK_0099,8.104311152224637e-05,0.4554994921513281
CASE0104_CHUNK_0100,8.104311152224637e-05,0.4554994921513281
CASE0104_CHUNK_0101,8.104311152224637e-05,0.4554994921513281
CASE0104_CHUNK_0102,8.104311152224637e-05,0.4554994921513281
CASE0104_CHUNK_0103,8.104311152224637e-05,0.4554994921513281
CASE0104_CHUNK_0104,8.104311152224637e-05,0.4554994921513281
CASE0104_CHUNK_0105,8.104311152224637e-05,0.4554994921513281
CASE0104_CHUNK_0106,8.104311152224637e-05,0.4554994921513281
CASE0104_CHUNK_0107,8.104311152224637e-05,0.4554994921513281
CASE0104_CHUNK_0108,8.104311152224637e-05,0.4554994921513281
CASE0104_CHUNK_0109,8.104311152224637e-05,0.4554994921513281
CASE0104_CHUNK_0110,8.104311152224637e-05,0.4554994921513281
CASE0104_CHUNK_0111,8.104311152224637e-05,0.4554994921513281
CASE0104_CHUNK_0112,8.104311152224637e-05,0.4554994921513281
CASE0104_CHUNK_0113,8.104311152224637e-05,0.4554994921513281
CASE0104_CHUNK_0114,8.104311152224637e-05,0.4554994921513281
CASE0104_CHUNK_0115,8.104311152224637e-05,0.4554994921513281
CASE0104_CHUNK_0116,8.104311152224637e-05,0.4554994921513281
CASE0104_CHUNK_0117,8.104311152224637e-05,0.4554994921513281
CASE0104_CHUNK_0118,8.104311152224637e-05,0.4554994921513281
CASE0104_CHUNK_0119,8.104311152224637e-05,0.4554994921513281
CASE0104_CHUNK_0120,8.104311152224637e-05,0.4554994921513281
CASE0104_CHUNK_0121,8.104311152224637e-05,0.4554994921513281
CASE0104_CHUNK_0122,8.104311152224637e-05,0.4554994921513281
CASE0104_CHUNK_0123,8.104311152224637e-05,0.4554994921513281
CASE0104_CHUNK_0124,8.104311152224637e-05,0.4554994921513281
CASE0104_CHUNK_0125,8.104311152224637e-05,0.4554994921513281
CASE0104_CHUNK_0126,8.104311152224637e-05,0.4554994921513281
CASE0104_CHUNK_0127,8.104311152224637e-05,0.4554994921513281
CASE0104_CHUNK_0128,8.104311152224637e-05,0.4554994921513281
CASE0104_CHUNK_0129,8.104311152224637e-05,0.4554994921513281
CASE0104_CHUNK_0130,8.104311152224637e-05,0.4554994921513281
CASE0104_CHUNK_0131,8.104311152224637e-05,0.4554994921513281
CASE0104_CHUNK_0132,8.104311152224637e-05,0.4554994921513281
CASE0104_CHUNK_0133,8.104311152224637e-05,0.4554994921513281
CASE0104_CHUNK_0134,8.104311152224637e-05,0.4554994921513281
CASE0104_CHUNK_0135,8.104311152224637e-05,0.4554994921513281
CASE0105_CHUNK_0001,8.104311152224637e-05,0.4554994921513281
CASE0105_CHUNK_0002,8.104311152224637e-05,0.4554994921513281
CASE0105_CHUNK_0003,8.104311152224637e-05,0.4554994921513281
CASE0105_CHUNK_0004,8.104311152224637e-05,0.4554994921513281
CASE0105_CHUNK_0005,8.104311152224637e-05,0.4554994921513281
CASE0105_CHUNK_0006,8.104311152224637e-05,0.4554994921513281
CASE0105_CHUNK_0007,8.104311152224637e-05,0.4554994921513281
CASE0105_CHUNK_0008,8.104311152224637e-05,0.4554994921513281
CASE0105_CHUNK_0009,8.104311152224637e-05,0.4554994921513281
CASE0105_CHUNK_0010,8.104311152224637e-05,0.4554994921513281
CASE0105_CHUNK_0011,8.104311152224637e-05,0.4554994921513281
CASE0105_CHUNK_0012,8.104311152224637e-05,0.4554994921513281
CASE0105_CHUNK_0013,8.104311152224637e-05,0.4554994921513281
CASE0105_CHUNK_0014,8.104311152224637e-05,0.4554994921513281
CASE0105_CHUNK_0015,8.104311152224637e-05,0.4554994921513281
CASE0105_CHUNK_0016,8.104311152224637e-05,0.4554994921513281
CASE0105_CHUNK_0017,8.104311152224637e-05,0.4554994921513281
CASE0105_CHUNK_0018,8.104311152224637e-05,0.4554994921513281
CASE0105_CHUNK_0019,8.104311152224637e-05,0.4554994921513281
CASE0105_CHUNK_0020,8.104311152224637e-05,0.4554994921513281
CASE0105_CHUNK_0021,8.104311152224637e-05,0.4554994921513281
CASE0105_CHUNK_0022,8.104311152224637e-05,0.4554994921513281
CASE0105_CHUNK_0023,8.104311152224637e-05,0.4554994921513281
CASE0105_CHUNK_0024,8.104311152224637e-05,0.4554994921513281
CASE0105_CHUNK_0025,8.104311152224637e-05,0.4554994921513281
CASE0105_CHUNK_0026,8.104311152224637e-05,0.4554994921513281
CASE0105_CHUNK_0027,8.104311152224637e-05,0.4554994921513281
CASE0105_CHUNK_0028,8.104311152224637e-05,0.4554994921513281
CASE0105_CHUNK_0029,8.104311152224637e-05,0.4554994921513281
CASE0105_CHUNK_0030,8.104311152224637e-05,0.4554994921513281
CASE0105_CHUNK_0031,8.104311152224637e-05,0.4554994921513281
CASE0105_CHUNK_0032,8.104311152224637e-05,0.4554994921513281
CASE0105_CHUNK_0033,8.104311152224637e-05,0.4554994921513281
CASE0105_CHUNK_0034,8.104311152224637e-05,0.4554994921513281
CASE0105_CHUNK_0035,8.104311152224637e-05,0.4554994921513281
CASE0105_CHUNK_0036,8.104311152224637e-05,0.4554994921513281
CASE0105_CHUNK_0037,8.104311152224637e-05,0.4554994921513281
CASE0105_CHUNK_0038,8.104311152224637e-05,0.4554994921513281
CASE0105_CHUNK_0039,8.104311152224637e-05,0.4554994921513281
CASE0105_CHUNK_0040,8.104311152224637e-05,0.4554994921513281
CASE0105_CHUNK_0041,8.104311152224637e-05,0.4554994921513281
CASE0105_CHUNK_0042,8.104311152224637e-05,0.4554994921513281
CASE0105_CHUNK_0043,8.104311152224637e-05,0.4554994921513281
CASE0105_CHUNK_0044,8.104311152224637e-05,0.4554994921513281
CASE0105_CHUNK_0045,8.104311152224637e-05,0.4554994921513281
CASE0105_CHUNK_0046,8.104311152224637e-05,0.4554994921513281
CASE0105_CHUNK_0047,8.104311152224637e-05,0.4554994921513281
CASE0105_CHUNK_0048,8.104311152224637e-05,0.4554994921513281
CASE0105_CHUNK_0049,8.104311152224637e-05,0.4554994921513281
CASE0105_CHUNK_0050,8.104311152224637e-05,0.4554994921513281
CASE0105_CHUNK_0051,8.104311152224637e-05,0.4554994921513281
CASE0105_CHUNK_0052,8.104311152224637e-05,0.4554994921513281
CASE0105_CHUNK_0053,8.104311152224637e-05,0.4554994921513281
CASE0105_CHUNK_0054,8.104311152224637e-05,0.4554994921513281
CASE0105_CHUNK_0055,8.104311152224637e-05,0.4554994921513281
CASE0105_CHUNK_0056,8.104311152224637e-05,0.4554994921513281
CASE0105_CHUNK_0057,8.104311152224637e-05,0.4554994921513281
CASE0105_CHUNK_0058,8.104311152224637e-05,0.4554994921513281
CASE0105_CHUNK_0059,8.104311152224637e-05,0.4554994921513281
CASE0105_CHUNK_0060,8.104311152224637e-05,0.4554994921513281
CASE0105_CHUNK_0061,8.104311152224637e-05,0.4554994921513281
CASE0105_CHUNK_0062,8.104311152224637e-05,0.4554994921513281
CASE0105_CHUNK_0063,8.104311152224637e-05,0.4554994921513281
CASE0105_CHUNK_0064,8.104311152224637e-05,0.4554994921513281
CASE0105_CHUNK_0065,8.104311152224637e-05,0.4554994921513281
CASE0105_CHUNK_0066,8.104311152224637e-05,0.4554994921513281
CASE0105_CHUNK_0067,8.104311152224637e-05,0.4554994921513281
CASE0105_CHUNK_0068,8.104311152224637e-05,0.4554994921513281
CASE0105_CHUNK_0069,8.104311152224637e-05,0.4554994921513281
CASE0105_CHUNK_0070,8.104311152224637e-05,0.4554994921513281
CASE0105_CHUNK_0071,8.104311152224637e-05,0.4554994921513281
CASE0105_CHUNK_0072,8.104311152224637e-05,0.4554994921513281
CASE0105_CHUNK_0073,8.104311152224637e-05,0.4554994921513281
CASE0105_CHUNK_0074,8.104311152224637e-05,0.4554994921513281
CASE0105_CHUNK_0075,8.104311152224637e-05,0.4554994921513281
CASE0105_CHUNK_0076,8.104311152224637e-05,0.4554994921513281
CASE0105_CHUNK_0077,8.104311152224637e-05,0.4554994921513281
CASE0105_CHUNK_0078,8.104311152224637e-05,0.4554994921513281
CASE0105_CHUNK_0079,8.104311152224637e-05,0.4554994921513281
CASE0105_CHUNK_0080,8.104311152224637e-05,0.4554994921513281
CASE0105_CHUNK_0081,8.104311152224637e-05,0.4554994921513281
CASE0105_CHUNK_0082,8.104311152224637e-05,0.4554994921513281
CASE0105_CHUNK_0083,8.104311152224637e-05,0.4554994921513281
CASE0105_CHUNK_0084,8.104311152224637e-05,0.4554994921513281
CASE0105_CHUNK_0085,8.104311152224637e-05,0.4554994921513281
CASE0105_CHUNK_0086,8.104311152224637e-05,0.4554994921513281
CASE0105_CHUNK_0087,8.104311152224637e-05,0.4554994921513281
CASE0105_CHUNK_0088,8.104311152224637e-05,0.4554994921513281
CASE0105_CHUNK_0089,8.104311152224637e-05,0.4554994921513281
CASE0105_CHUNK_0090,8.104311152224637e-05,0.4554994921513281
CASE0105_CHUNK_0091,8.104311152224637e-05,0.4554994921513281
CASE0105_CHUNK_0092,8.104311152224637e-05,0.4554994921513281
CASE0105_CHUNK_0093,8.104311152224637e-05,0.4554994921513281
CASE0105_CHUNK_0094,8.104311152224637e-05,0.4554994921513281
CASE0105_CHUNK_0095,8.104311152224637e-05,0.4554994921513281
CASE0105_CHUNK_0096,8.104311152224637e-05,0.4554994921513281
CASE0105_CHUNK_0097,8.104311152224637e-05,0.4554994921513281
CASE0105_CHUNK_0098,8.104311152224637e-05,0.4554994921513281
CASE0105_CHUNK_0099,8.104311152224637e-05,0.4554994921513281
CASE0105_CHUNK_0100,8.104311152224637e-05,0.4554994921513281
CASE0105_CHUNK_0101,8.104311152224637e-05,0.4554994921513281
CASE0105_CHUNK_0102,8.104311152224637e-05,0.4554994921513281
CASE0105_CHUNK_0103,8.104311152224637e-05,0.4554994921513281
CASE0105_CHUNK_0104,8.104311152224637e-05,0.4554994921513281
CASE0105_CHUNK_0105,8.104311152224637e-05,0.4554994921513281
CASE0105_CHUNK_0106,8.104311152224637e-05,0.4554994921513281
CASE0105_CHUNK_0107,8.104311152224637e-05,0.4554994921513281
CASE0105_CHUNK_0108,8.104311152224637e-05,0.4554994921513281
CASE0105_CHUNK_0109,8.104311152224637e-05,0.4554994921513281
CASE0105_CHUNK_0110,8.104311152224637e-05,0.4554994921513281
CASE0105_CHUNK_0111,8.104311152224637e-05,0.4554994921513281
CASE0105_CHUNK_0112,8.104311152224637e-05,0.4554994921513281
CASE0105_CHUNK_0113,8.104311152224637e-05,0.4554994921513281
CASE0105_CHUNK_0114,8.104311152224637e-05,0.4554994921513281
CASE0105_CHUNK_0115,8.104311152224637e-05,0.4554994921513281
CASE0105_CHUNK_0116,8.104311152224637e-05,0.4554994921513281
CASE0105_CHUNK_0117,8.104311152224637e-05,0.4554994921513281
CASE0105_CHUNK_0118,8.104311152224637e-05,0.4554994921513281
CASE0105_CHUNK_0119,8.104311152224637e-05,0.4554994921513281
CASE0105_CHUNK_0120,8.104311152224637e-05,0.4554994921513281
CASE0105_CHUNK_0121,8.104311152224637e-05,0.4554994921513281
CASE0105_CHUNK_0122,8.104311152224637e-05,0.4554994921513281
CASE0105_CHUNK_0123,8.104311152224637e-05,0.4554994921513281
CASE0105_CHUNK_0124,8.104311152224637e-05,0.4554994921513281
CASE0105_CHUNK_0125,8.104311152224637e-05,0.4554994921513281
CASE0105_CHUNK_0126,8.104311152224637e-05,0.4554994921513281
CASE0105_CHUNK_0127,8.104311152224637e-05,0.4554994921513281
CASE0105_CHUNK_0128,8.104311152224637e-05,0.4554994921513281
CASE0105_CHUNK_0129,8.104311152224637e-05,0.4554994921513281
CASE0105_CHUNK_0130,8.104311152224637e-05,0.4554994921513281
CASE0105_CHUNK_0131,8.104311152224637e-05,0.4554994921513281
CASE0105_CHUNK_0132,8.104311152224637e-05,0.4554994921513281
CASE0105_CHUNK_0133,8.104311152224637e-05,0.4554994921513281
CASE0105_CHUNK_0134,8.104311152224637e-05,0.4554994921513281
CASE0105_CHUNK_0135,8.104311152224637e-05,0.4554994921513281
CASE0106_CHUNK_0001,2.0644863833670967e-05,0.01740900928903296
CASE0107_CHUNK_0001,8.919329038393722e-05,0.5146157071008488
CASE0107_CHUNK_0002,8.919329038393722e-05,0.5146157071008488
CASE0107_CHUNK_0003,8.919329038393722e-05,0.5146157071008488
CASE0107_CHUNK_0004,8.919329038393722e-05,0.5146157071008488
CASE0107_CHUNK_0005,8.919329038393722e-05,0.5146157071008488
CASE0107_CHUNK_0006,8.919329038393722e-05,0.5146157071008488
CASE0107_CHUNK_0007,8.919329038393722e-05,0.5146157071008488
CASE0107_CHUNK_0008,8.919329038393722e-05,0.5146157071008488
CASE0107_CHUNK_0009,8.919329038393722e-05,0.5146157071008488
CASE0107_CHUNK_0010,8.919329038393722e-05,0.5146157071008488
CASE0108_CHUNK_0001,3.723031154498971e-05,0.13770930067833695
CASE0108_CHUNK_0002,3.723031154498971e-05,0.13770930067833695
CASE0108_CHUNK_0003,3.723031154498971e-05,0.13770930067833695
CASE0108_CHUNK_0004,3.723031154498971e-05,0.13770930067833695
CASE0108_CHUNK_0005,3.723031154498971e-05,0.13770930067833695
CASE0109_CHUNK_0001,2.165529233657579e-05,0.02473801514062376
CASE0110_CHUNK_0001,0.0001339218927567855,0.8390485468135682
CASE0110_CHUNK_0002,0.0001339218927567855,0.8390485468135682
CASE0110_CHUNK_0003,0.0001339218927567855,0.8390485468135682
CASE0110_CHUNK_0004,0.0001339218927567855,0.8390485468135682
CASE0110_CHUNK_0005,0.0001339218927567855,0.8390485468135682
CASE0110_CHUNK_0006,0.0001339218927567855,0.8390485468135682
CASE0110_CHUNK_0007,0.0001339218927567855,0.8390485468135682
CASE0110_CHUNK_0008,0.0001339218927567855,0.8390485468135682
CASE0110_CHUNK_0009,0.0001339218927567855,0.8390485468135682
CASE0110_CHUNK_0010,0.0001339218927567855,0.8390485468135682
CASE0110_CHUNK_0011,0.0001339218927567855,0.8390485468135682
CASE0110_CHUNK_0012,0.0001339218927567855,0.8390485468135682
CASE0110_CHUNK_0013,0.0001339218927567855,0.8390485468135682
CASE0110_CHUNK_0014,0.0001339218927567855,0.8390485468135682
CASE0110_CHUNK_0015,0.0001339218927567855,0.8390485468135682
CASE0110_CHUNK_0016,0.0001339218927567855,0.8390485468135682
CASE0111_CHUNK_0001,9.14857298737993e-05,0.5312436054502282
CASE0111_CHUNK_0002,9.14857298737993e-05,0.5312436054502282
CASE0111_CHUNK_0003,9.14857298737993e-05,0.5312436054502282
CASE0111_CHUNK_0004,9.14857298737993e-05,0.5312436054502282
CASE0111_CHUNK_0005,9.14857298737993e-05,0.5312436054502282
CASE0111_CHUNK_0006,9.14857298737993e-05,0.5312436054502282
CASE0111_CHUNK_0007,9.14857298737993e-05,0.5312436054502282
CASE0111_CHUNK_0008,9.14857298737993e-05,0.5312436054502282
CASE0111_CHUNK_0009,9.14857298737993e-05,0.5312436054502282
CASE0111_CHUNK_0010,9.14857298737993e-05,0.5312436054502282
CASE0111_CHUNK_0011,9.14857298737993e-05,0.5312436054502282
CASE0111_CHUNK_0012,9.14857298737993e-05,0.5312436054502282
CASE0111_CHUNK_0013,9.14857298737993e-05,0.5312436054502282
CASE0111_CHUNK_0014,9.14857298737993e-05,0.5312436054502282
CASE0111_CHUNK_0015,9.14857298737993e-05,0.5312436054502282
CASE0111_CHUNK_0016,9.14857298737993e-05,0.5312436054502282
CASE0111_CHUNK_0017,9.14857298737993e-05,0.5312436054502282
CASE0111_CHUNK_0018,9.14857298737993e-05,0.5312436054502282
CASE0111_CHUNK_0019,9.14857298737993e-05,0.5312436054502282
CASE0111_CHUNK_0020,9.14857298737993e-05,0.5312436054502282
CASE0111_CHUNK_0021,9.14857298737993e-05,0.5312436054502282
CASE0111_CHUNK_0022,9.14857298737993e-05,0.5312436054502282
CASE0111_CHUNK_0023,9.14857298737993e-05,0.5312436054502282
CASE0111_CHUNK_0024,9.14857298737993e-05,0.5312436054502282
CASE0111_CHUNK_0025,9.14857298737993e-05,0.5312436054502282
CASE0111_CHUNK_0026,9.14857298737993e-05,0.5312436054502282
CASE0111_CHUNK_0027,9.14857298737993e-05,0.5312436054502282
CASE0111_CHUNK_0028,9.14857298737993e-05,0.5312436054502282
CASE0111_CHUNK_0029,9.14857298737993e-05,0.5312436054502282
CASE0111_CHUNK_0030,9.14857298737993e-05,0.5312436054502282
CASE0111_CHUNK_0031,9.14857298737993e-05,0.5312436054502282
CASE0111_CHUNK_0032,9.14857298737993e-05,0.5312436054502282
CASE0111_CHUNK_0033,9.14857298737993e-05,0.5312436054502282
CASE0111_CHUNK_0034,9.14857298737993e-05,0.5312436054502282
CASE0111_CHUNK_0035,9.14857298737993e-05,0.5312436054502282
CASE0111_CHUNK_0036,9.14857298737993e-05,0.5312436054502282
CASE0111_CHUNK_0037,9.14857298737993e-05,0.5312436054502282
CASE0111_CHUNK_0038,9.14857298737993e-05,0.5312436054502282
CASE0111_CHUNK_0039,9.14857298737993e-05,0.5312436054502282
CASE0111_CHUNK_0040,9.14857298737993e-05,0.5312436054502282
CASE0111_CHUNK_0041,9.14857298737993e-05,0.5312436054502282
CASE0111_CHUNK_0042,9.14857298737993e-05,0.5312436054502282
CASE0111_CHUNK_0043,9.14857298737993e-05,0.5312436054502282
CASE0111_CHUNK_0044,9.14857298737993e-05,0.5312436054502282
CASE0111_CHUNK_0045,9.14857298737993e-05,0.5312436054502282
CASE0111_CHUNK_0046,9.14857298737993e-05,0.5312436054502282
CASE0111_CHUNK_0047,9.14857298737993e-05,0.5312436054502282
CASE0111_CHUNK_0048,9.14857298737993e-05,0.5312436054502282
CASE0111_CHUNK_0049,9.14857298737993e-05,0.5312436054502282
CASE0111_CHUNK_0050,9.14857298737993e-05,0.5312436054502282
CASE0111_CHUNK_0051,9.14857298737993e-05,0.5312436054502282
CASE0111_CHUNK_0052,9.14857298737993e-05,0.5312436054502282
CASE0111_CHUNK_0053,9.14857298737993e-05,0.5312436054502282
CASE0111_CHUNK_0054,9.14857298737993e-05,0.5312436054502282
CASE0111_CHUNK_0055,9.14857298737993e-05,0.5312436054502282
CASE0111_CHUNK_0056,9.14857298737993e-05,0.5312436054502282
CASE0111_CHUNK_0057,9.14857298737993e-05,0.5312436054502282
CASE0111_CHUNK_0058,9.14857298737993e-05,0.5312436054502282
CASE0111_CHUNK_0059,9.14857298737993e-05,0.5312436054502282
CASE0111_CHUNK_0060,9.14857298737993e-05,0.5312436054502282
CASE0111_CHUNK_0061,9.14857298737993e-05,0.5312436054502282
CASE0111_CHUNK_0062,9.14857298737993e-05,0.5312436054502282
CASE0111_CHUNK_0063,9.14857298737993e-05,0.5312436054502282
CASE0113_CHUNK_0001,8.97604422238476e-05,0.5187294659086159
CASE0113_CHUNK_0002,8.97604422238476e-05,0.5187294659086159
CASE0113_CHUNK_0003,8.97604422238476e-05,0.5187294659086159
CASE0113_CHUNK_0004,8.97604422238476e-05,0.5187294659086159
CASE0113_CHUNK_0005,8.97604422238476e-05,0.5187294659086159
CASE0113_CHUNK_0006,8.97604422238476e-05,0.5187294659086159
CASE0113_CHUNK_0007,8.97604422238476e-05,0.5187294659086159
CASE0113_CHUNK_0008,8.97604422238476e-05,0.5187294659086159
CASE0113_CHUNK_0009,8.97604422238476e-05,0.5187294659086159
CASE0113_CHUNK_0010,8.97604422238476e-05,0.5187294659086159
CASE0113_CHUNK_0011,8.97604422238476e-05,0.5187294659086159
CASE0113_CHUNK_0012,8.97604422238476e-05,0.5187294659086159
CASE0113_CHUNK_0013,8.97604422238476e-05,0.5187294659086159
CASE0113_CHUNK_0014,8.97604422238476e-05,0.5187294659086159
CASE0113_CHUNK_0015,8.97604422238476e-05,0.5187294659086159
CASE0113_CHUNK_0016,8.97604422238476e-05,0.5187294659086159
CASE0114_CHUNK_0001,2.0681258935447374e-05,0.0176729962145024
CASE0115_CHUNK_0001,7.163667042854564e-05,0.38727114979936
CASE0115_CHUNK_0002,7.163667042854564e-05,0.38727114979936
CASE0115_CHUNK_0003,7.163667042854564e-05,0.38727114979936
CASE0115_CHUNK_0004,7.163667042854564e-05,0.38727114979936
CASE0115_CHUNK_0005,7.163667042854564e-05,0.38727114979936
CASE0115_CHUNK_0006,7.163667042854564e-05,0.38727114979936
CASE0115_CHUNK_0007,7.163667042854564e-05,0.38727114979936
CASE0115_CHUNK_0008,7.163667042854564e-05,0.38727114979936
CASE0115_CHUNK_0009,7.163667042854564e-05,0.38727114979936
CASE0118_CHUNK_0001,2.3277260030589177e-05,0.03650273742066726
CASE0118_CHUNK_0002,2.3277260030589177e-05,0.03650273742066726
CASE0118_CHUNK_0003,2.3277260030589177e-05,0.03650273742066726
CASE0118_CHUNK_0004,2.3277260030589177e-05,0.03650273742066726
CASE0118_CHUNK_0005,2.3277260030589177e-05,0.03650273742066726
CASE0118_CHUNK_0006,2.3277260030589177e-05,0.03650273742066726
CASE0119_CHUNK_0001,3.0741905136564816e-05,0.09064652642153768
CASE0119_CHUNK_0002,3.0741905136564816e-05,0.09064652642153768
CASE0119_CHUNK_0003,3.0741905136564816e-05,0.09064652642153768
CASE0119_CHUNK_0004,3.0741905136564816e-05,0.09064652642153768
CASE0119_CHUNK_0005,3.0741905136564816e-05,0.09064652642153768
CASE0119_CHUNK_0006,3.0741905136564816e-05,0.09064652642153768
CASE0119_CHUNK_0007,3.0741905136564816e-05,0.09064652642153768
CASE0119_CHUNK_0008,3.0741905136564816e-05,0.09064652642153768
CASE0119_CHUNK_0009,3.0741905136564816e-05,0.09064652642153768
CASE0119_CHUNK_0010,3.0741905136564816e-05,0.09064652642153768
CASE0119_CHUNK_0011,3.0741905136564816e-05,0.09064652642153768
CASE0119_CHUNK_0012,3.0741905136564816e-05,0.09064652642153768
CASE0119_CHUNK_0013,3.0741905136564816e-05,0.09064652642153768
CASE0119_CHUNK_0014,3.0741905136564816e-05,0.09064652642153768
CASE0119_CHUNK_0015,3.0741905136564816e-05,0.09064652642153768
CASE0119_CHUNK_0016,3.0741905136564816e-05,0.09064652642153768
CASE0119_CHUNK_0017,3.0741905136564816e-05,0.09064652642153768
CASE0119_CHUNK_0018,3.0741905136564816e-05,0.09064652642153768
CASE0119_CHUNK_0019,3.0741905136564816e-05,0.09064652642153768
CASE0120_CHUNK_0001,0.00010484061428946902,0.6281114449345443
CASE0120_CHUNK_0002,0.00010484061428946902,0.6281114449345443
CASE0120_CHUNK_0003,0.00010484061428946902,0.6281114449345443
CASE0120_CHUNK_0004,0.00010484061428946902,0.6281114449345443
CASE0120_CHUNK_0005,0.00010484061428946902,0.6281114449345443
CASE0120_CHUNK_0006,0.00010484061428946902,0.6281114449345443
CASE0120_CHUNK_0007,0.00010484061428946902,0.6281114449345443
CASE0120_CHUNK_0008,0.00010484061428946902,0.6281114449345443
CASE0120_CHUNK_0009,0.00010484061428946902,0.6281114449345443
CASE0120_CHUNK_0010,0.00010484061428946902,0.6281114449345443
CASE0120_CHUNK_0011,0.00010484061428946902,0.6281114449345443
CASE0120_CHUNK_0012,0.00010484061428946902,0.6281114449345443
CASE0120_CHUNK_0013,0.00010484061428946902,0.6281114449345443
CASE0120_CHUNK_0014,0.00010484061428946902,0.6281114449345443
CASE0120_CHUNK_0015,0.00010484061428946902,0.6281114449345443
CASE0121_CHUNK_0001,7.16721702916984e-05,0.38752864323311537
CASE0121_CHUNK_0002,7.16721702916984e-05,0.38752864323311537
CASE0121_CHUNK_0003,7.16721702916984e-05,0.38752864323311537
CASE0121_CHUNK_0004,7.16721702916984e-05,0.38752864323311537
CASE0121_CHUNK_0005,7.16721702916984e-05,0.38752864323311537
CASE0121_CHUNK_0006,7.16721702916984e-05,0.38752864323311537
CASE0121_CHUNK_0007,7.16721702916984e-05,0.38752864323311537
CASE0121_CHUNK_0008,7.16721702916984e-05,0.38752864323311537
CASE0121_CHUNK_0009,7.16721702916984e-05,0.38752864323311537
CASE0121_CHUNK_0010,7.16721702916984e-05,0.38752864323311537
CASE0121_CHUNK_0011,7.16721702916984e-05,0.38752864323311537
CASE0121_CHUNK_0012,7.16721702916984e-05,0.38752864323311537
CASE0121_CHUNK_0013,7.16721702916984e-05,0.38752864323311537
CASE0121_CHUNK_0014,7.16721702916984e-05,0.38752864323311537
CASE0121_CHUNK_0015,7.16721702916984e-05,0.38752864323311537
CASE0121_CHUNK_0016,7.16721702916984e-05,0.38752864323311537
CASE0121_CHUNK_0017,7.16721702916984e-05,0.38752864323311537
CASE0121_CHUNK_0018,7.16721702916984e-05,0.38752864323311537
CASE0121_CHUNK_0019,7.16721702916984e-05,0.38752864323311537
CASE0121_CHUNK_0020,7.16721702916984e-05,0.38752864323311537
CASE0121_CHUNK_0021,7.16721702916984e-05,0.38752864323311537
CASE0122_CHUNK_0001,7.96047736695461e-05,0.4450667039741346
CASE0122_CHUNK_0002,7.96047736695461e-05,0.4450667039741346
CASE0122_CHUNK_0003,7.96047736695461e-05,0.4450667039741346
CASE0122_CHUNK_0004,7.96047736695461e-05,0.4450667039741346
CASE0122_CHUNK_0005,7.96047736695461e-05,0.4450667039741346
CASE0122_CHUNK_0006,7.96047736695461e-05,0.4450667039741346
CASE0122_CHUNK_0007,7.96047736695461e-05,0.4450667039741346
CASE0122_CHUNK_0008,7.96047736695461e-05,0.4450667039741346
CASE0122_CHUNK_0009,7.96047736695461e-05,0.4450667039741346
CASE0122_CHUNK_0010,7.96047736695461e-05,0.4450667039741346
CASE0122_CHUNK_0011,7.96047736695461e-05,0.4450667039741346
CASE0122_CHUNK_0012,7.96047736695461e-05,0.4450667039741346
CASE0122_CHUNK_0013,7.96047736695461e-05,0.4450667039741346
CASE0122_CHUNK_0014,7.96047736695461e-05,0.4450667039741346
CASE0122_CHUNK_0015,7.96047736695461e-05,0.4450667039741346
CASE0122_CHUNK_0016,7.96047736695461e-05,0.4450667039741346
CASE0122_CHUNK_0017,7.96047736695461e-05,0.4450667039741346
CASE0122_CHUNK_0018,7.96047736695461e-05,0.4450667039741346
CASE0122_CHUNK_0019,7.96047736695461e-05,0.4450667039741346
CASE0122_CHUNK_0020,7.96047736695461e-05,0.4450667039741346
CASE0122_CHUNK_0021,7.96047736695461e-05,0.4450667039741346
CASE0122_CHUNK_0022,7.96047736695461e-05,0.4450667039741346
CASE0122_CHUNK_0023,7.96047736695461e-05,0.4450667039741346
CASE0122_CHUNK_0024,7.96047736695461e-05,0.4450667039741346
CASE0122_CHUNK_0025,7.96047736695461e-05,0.4450667039741346
CASE0122_CHUNK_0026,7.96047736695461e-05,0.4450667039741346
CASE0122_CHUNK_0027,7.96047736695461e-05,0.4450667039741346
CASE0122_CHUNK_0028,7.96047736695461e-05,0.4450667039741346
CASE0122_CHUNK_0029,7.96047736695461e-05,0.4450667039741346
CASE0122_CHUNK_0030,7.96047736695461e-05,0.4450667039741346
CASE0122_CHUNK_0031,7.96047736695461e-05,0.4450667039741346
CASE0122_CHUNK_0032,7.96047736695461e-05,0.4450667039741346
CASE0122_CHUNK_0033,7.96047736695461e-05,0.4450667039741346
CASE0122_CHUNK_0034,7.96047736695461e-05,0.4450667039741346
CASE0122_CHUNK_0035,7.96047736695461e-05,0.4450667039741346
CASE0122_CHUNK_0036,7.96047736695461e-05,0.4450667039741346
CASE0122_CHUNK_0037,7.96047736695461e-05,0.4450667039741346
CASE0123_CHUNK_0001,5.3465977196662636e-05,0.25547249542541844
CASE0123_CHUNK_0002,5.3465977196662636e-05,0.25547249542541844
CASE0123_CHUNK_0003,5.3465977196662636e-05,0.25547249542541844
CASE0123_CHUNK_0004,5.3465977196662636e-05,0.25547249542541844
CASE0123_CHUNK_0005,5.3465977196662636e-05,0.25547249542541844
CASE0123_CHUNK_0006,5.3465977196662636e-05,0.25547249542541844
CASE0123_CHUNK_0007,5.3465977196662636e-05,0.25547249542541844
CASE0123_CHUNK_0008,5.3465977196662636e-05,0.25547249542541844
CASE0123_CHUNK_0009,5.3465977196662636e-05,0.25547249542541844
CASE0123_CHUNK_0010,5.3465977196662636e-05,0.25547249542541844
CASE0123_CHUNK_0011,5.3465977196662636e-05,0.25547249542541844
CASE0123_CHUNK_0012,5.3465977196662636e-05,0.25547249542541844
CASE0123_CHUNK_0013,5.3465977196662636e-05,0.25547249542541844
CASE0123_CHUNK_0014,5.3465977196662636e-05,0.25547249542541844
CASE0123_CHUNK_0015,5.3465977196662636e-05,0.25547249542541844
CASE0123_CHUNK_0016,5.3465977196662636e-05,0.25547249542541844
CASE0123_CHUNK_0017,5.3465977196662636e-05,0.25547249542541844
CASE0123_CHUNK_0018,5.3465977196662636e-05,0.25547249542541844
CASE0123_CHUNK_0019,5.3465977196662636e-05,0.25547249542541844
CASE0123_CHUNK_0020,5.3465977196662636e-05,0.25547249542541844
CASE0123_CHUNK_0021,5.3465977196662636e-05,0.25547249542541844
CASE0123_CHUNK_0022,5.3465977196662636e-05,0.25547249542541844
CASE0123_CHUNK_0023,5.3465977196662636e-05,0.25547249542541844
CASE0123_CHUNK_0024,5.3465977196662636e-05,0.25547249542541844
CASE0123_CHUNK_0025,5.3465977196662636e-05,0.25547249542541844
CASE0123_CHUNK_0026,5.3465977196662636e-05,0.25547249542541844
CASE0123_CHUNK_0027,5.3465977196662636e-05,0.25547249542541844
CASE0123_CHUNK_0028,5.3465977196662636e-05,0.25547249542541844
CASE0123_CHUNK_0029,5.3465977196662636e-05,0.25547249542541844
CASE0124_CHUNK_0001,2.517135885632384e-05,0.05024132588822578
CASE0124_CHUNK_0002,2.517135885632384e-05,0.05024132588822578
CASE0124_CHUNK_0003,2.517135885632384e-05,0.05024132588822578
CASE0124_CHUNK_0004,2.517135885632384e-05,0.05024132588822578
CASE0124_CHUNK_0005,2.517135885632384e-05,0.05024132588822578
CASE0124_CHUNK_0006,2.517135885632384e-05,0.05024132588822578
CASE0124_CHUNK_0007,2.517135885632384e-05,0.05024132588822578
CASE0124_CHUNK_0008,2.517135885632384e-05,0.05024132588822578
CASE0124_CHUNK_0009,2.517135885632384e-05,0.05024132588822578
CASE0124_CHUNK_0010,2.517135885632384e-05,0.05024132588822578
CASE0124_CHUNK_0011,2.517135885632384e-05,0.05024132588822578
CASE0124_CHUNK_0012,2.517135885632384e-05,0.05024132588822578
CASE0124_CHUNK_0013,2.517135885632384e-05,0.05024132588822578
CASE0124_CHUNK_0014,2.517135885632384e-05,0.05024132588822578
CASE0124_CHUNK_0015,2.517135885632384e-05,0.05024132588822578
CASE0124_CHUNK_0016,2.517135885632384e-05,0.05024132588822578
CASE0124_CHUNK_0017,2.517135885632384e-05,0.05024132588822578
CASE0124_CHUNK_0018,2.517135885632384e-05,0.05024132588822578
CASE0124_CHUNK_0019,2.517135885632384e-05,0.05024132588822578
CASE0124_CHUNK_0020,2.517135885632384e-05,0.05024132588822578
CASE0124_CHUNK_0021,2.517135885632384e-05,0.05024132588822578
CASE0124_CHUNK_0022,2.517135885632384e-05,0.05024132588822578
CASE0124_CHUNK_0023,2.517135885632384e-05,0.05024132588822578
CASE0124_CHUNK_0024,2.517135885632384e-05,0.05024132588822578
CASE0124_CHUNK_0025,2.517135885632384e-05,0.05024132588822578
CASE0124_CHUNK_0026,2.517135885632384e-05,0.05024132588822578
CASE0125_CHUNK_0001,8.318147140492596e-05,0.4710097950059201
CASE0125_CHUNK_0002,8.318147140492596e-05,0.4710097950059201
CASE0125_CHUNK_0003,8.318147140492596e-05,0.4710097950059201
CASE0125_CHUNK_0004,8.318147140492596e-05,0.4710097950059201
CASE0125_CHUNK_0005,8.318147140492596e-05,0.4710097950059201
CASE0125_CHUNK_0006,8.318147140492596e-05,0.4710097950059201
CASE0125_CHUNK_0007,8.318147140492596e-05,0.4710097950059201
CASE0125_CHUNK_0008,8.318147140492596e-05,0.4710097950059201
CASE0125_CHUNK_0009,8.318147140492596e-05,0.4710097950059201
CASE0125_CHUNK_0010,8.318147140492596e-05,0.4710097950059201
CASE0125_CHUNK_0011,8.318147140492596e-05,0.4710097950059201
CASE0125_CHUNK_0012,8.318147140492596e-05,0.4710097950059201
CASE0125_CHUNK_0013,8.318147140492596e-05,0.4710097950059201
CASE0125_CHUNK_0014,8.318147140492596e-05,0.4710097950059201
CASE0125_CHUNK_0015,8.318147140492596e-05,0.4710097950059201
CASE0125_CHUNK_0016,8.318147140492596e-05,0.4710097950059201
CASE0125_CHUNK_0017,8.318147140492596e-05,0.4710097950059201
CASE0125_CHUNK_0018,8.318147140492596e-05,0.4710097950059201
CASE0125_CHUNK_0019,8.318147140492596e-05,0.4710097950059201
CASE0125_CHUNK_0020,8.318147140492596e-05,0.4710097950059201
CASE0125_CHUNK_0021,8.318147140492596e-05,0.4710097950059201
CASE0125_CHUNK_0022,8.318147140492596e-05,0.4710097950059201
CASE0125_CHUNK_0023,8.318147140492596e-05,0.4710097950059201
CASE0125_CHUNK_0024,8.318147140492596e-05,0.4710097950059201
CASE0125_CHUNK_0025,8.318147140492596e-05,0.4710097950059201
CASE0125_CHUNK_0026,8.318147140492596e-05,0.4710097950059201
CASE0125_CHUNK_0027,8.318147140492596e-05,0.4710097950059201
CASE0125_CHUNK_0028,8.318147140492596e-05,0.4710097950059201
CASE0125_CHUNK_0029,8.318147140492596e-05,0.4710097950059201
CASE0125_CHUNK_0030,8.318147140492596e-05,0.4710097950059201
CASE0125_CHUNK_0031,8.318147140492596e-05,0.4710097950059201
CASE0125_CHUNK_0032,8.318147140492596e-05,0.4710097950059201
CASE0125_CHUNK_0033,8.318147140492596e-05,0.4710097950059201
CASE0125_CHUNK_0034,8.318147140492596e-05,0.4710097950059201
CASE0125_CHUNK_0035,8.318147140492596e-05,0.4710097950059201
CASE0125_CHUNK_0036,8.318147140492596e-05,0.4710097950059201
CASE0125_CHUNK_0037,8.318147140492596e-05,0.4710097950059201
CASE0125_CHUNK_0038,8.318147140492596e-05,0.4710097950059201
CASE0125_CHUNK_0039,8.318147140492596e-05,0.4710097950059201
CASE0125_CHUNK_0040,8.318147140492596e-05,0.4710097950059201
CASE0125_CHUNK_0041,8.318147140492596e-05,0.4710097950059201
CASE0125_CHUNK_0042,8.318147140492596e-05,0.4710097950059201
CASE0125_CHUNK_0043,8.318147140492596e-05,0.4710097950059201
CASE0125_CHUNK_0044,8.318147140492596e-05,0.4710097950059201
CASE0125_CHUNK_0045,8.318147140492596e-05,0.4710097950059201
CASE0125_CHUNK_0046,8.318147140492596e-05,0.4710097950059201
CASE0125_CHUNK_0047,8.318147140492596e-05,0.4710097950059201
CASE0125_CHUNK_0048,8.318147140492596e-05,0.4710097950059201
CASE0125_CHUNK_0049,8.318147140492596e-05,0.4710097950059201
CASE0125_CHUNK_0050,8.318147140492596e-05,0.4710097950059201
CASE0125_CHUNK_0051,8.318147140492596e-05,0.4710097950059201
CASE0125_CHUNK_0052,8.318147140492596e-05,0.4710097950059201
CASE0125_CHUNK_0053,8.318147140492596e-05,0.4710097950059201
CASE0125_CHUNK_0054,8.318147140492596e-05,0.4710097950059201
CASE0125_CHUNK_0055,8.318147140492596e-05,0.4710097950059201
CASE0125_CHUNK_0056,8.318147140492596e-05,0.4710097950059201
CASE0125_CHUNK_0057,8.318147140492596e-05,0.4710097950059201
CASE0125_CHUNK_0058,8.318147140492596e-05,0.4710097950059201
CASE0125_CHUNK_0059,8.318147140492596e-05,0.4710097950059201
CASE0125_CHUNK_0060,8.318147140492596e-05,0.4710097950059201
CASE0125_CHUNK_0061,8.318147140492596e-05,0.4710097950059201
CASE0125_CHUNK_0062,8.318147140492596e-05,0.4710097950059201
CASE0125_CHUNK_0063,8.318147140492596e-05,0.4710097950059201
CASE0125_CHUNK_0064,8.318147140492596e-05,0.4710097950059201
CASE0125_CHUNK_0065,8.318147140492596e-05,0.4710097950059201
CASE0125_CHUNK_0066,8.318147140492596e-05,0.4710097950059201
CASE0125_CHUNK_0067,8.318147140492596e-05,0.4710097950059201
CASE0125_CHUNK_0068,8.318147140492596e-05,0.4710097950059201
CASE0125_CHUNK_0069,8.318147140492596e-05,0.4710097950059201
CASE0125_CHUNK_0070,8.318147140492596e-05,0.4710097950059201
CASE0125_CHUNK_0071,8.318147140492596e-05,0.4710097950059201
CASE0125_CHUNK_0072,8.318147140492596e-05,0.4710097950059201
CASE0125_CHUNK_0073,8.318147140492596e-05,0.4710097950059201
CASE0125_CHUNK_0074,8.318147140492596e-05,0.4710097950059201
CASE0125_CHUNK_0075,8.318147140492596e-05,0.4710097950059201
CASE0125_CHUNK_0076,8.318147140492596e-05,0.4710097950059201
CASE0125_CHUNK_0077,8.318147140492596e-05,0.4710097950059201
CASE0125_CHUNK_0078,8.318147140492596e-05,0.4710097950059201
CASE0125_CHUNK_0079,8.318147140492596e-05,0.4710097950059201
CASE0125_CHUNK_0080,8.318147140492596e-05,0.4710097950059201
CASE0125_CHUNK_0081,8.318147140492596e-05,0.4710097950059201
CASE0125_CHUNK_0082,8.318147140492596e-05,0.4710097950059201
CASE0125_CHUNK_0083,8.318147140492596e-05,0.4710097950059201
CASE0125_CHUNK_0084,8.318147140492596e-05,0.4710097950059201
CASE0125_CHUNK_0085,8.318147140492596e-05,0.4710097950059201
CASE0125_CHUNK_0086,8.318147140492596e-05,0.4710097950059201
CASE0125_CHUNK_0087,8.318147140492596e-05,0.4710097950059201
CASE0125_CHUNK_0088,8.318147140492596e-05,0.4710097950059201
CASE0125_CHUNK_0089,8.318147140492596e-05,0.4710097950059201
CASE0125_CHUNK_0090,8.318147140492596e-05,0.4710097950059201
CASE0125_CHUNK_0091,8.318147140492596e-05,0.4710097950059201
CASE0125_CHUNK_0092,8.318147140492596e-05,0.4710097950059201
CASE0125_CHUNK_0093,8.318147140492596e-05,0.4710097950059201
CASE0125_CHUNK_0094,8.318147140492596e-05,0.4710097950059201
CASE0125_CHUNK_0095,8.318147140492596e-05,0.4710097950059201
CASE0125_CHUNK_0096,8.318147140492596e-05,0.4710097950059201
CASE0125_CHUNK_0097,8.318147140492596e-05,0.4710097950059201
CASE0125_CHUNK_0098,8.318147140492596e-05,0.4710097950059201
CASE0125_CHUNK_0099,8.318147140492596e-05,0.4710097950059201
CASE0125_CHUNK_0100,8.318147140492596e-05,0.4710097950059201
CASE0125_CHUNK_0101,8.318147140492596e-05,0.4710097950059201
CASE0125_CHUNK_0102,8.318147140492596e-05,0.4710097950059201
CASE0125_CHUNK_0103,8.318147140492596e-05,0.4710097950059201
CASE0125_CHUNK_0104,8.318147140492596e-05,0.4710097950059201
CASE0125_CHUNK_0105,8.318147140492596e-05,0.4710097950059201
CASE0125_CHUNK_0106,8.318147140492596e-05,0.4710097950059201
CASE0125_CHUNK_0107,8.318147140492596e-05,0.4710097950059201
CASE0125_CHUNK_0108,8.318147140492596e-05,0.4710097950059201
CASE0125_CHUNK_0109,8.318147140492596e-05,0.4710097950059201
CASE0125_CHUNK_0110,8.318147140492596e-05,0.4710097950059201
CASE0125_CHUNK_0111,8.318147140492596e-05,0.4710097950059201
CASE0125_CHUNK_0112,8.318147140492596e-05,0.4710097950059201
CASE0125_CHUNK_0113,8.318147140492596e-05,0.4710097950059201
CASE0125_CHUNK_0114,8.318147140492596e-05,0.4710097950059201
CASE0125_CHUNK_0115,8.318147140492596e-05,0.4710097950059201
CASE0125_CHUNK_0116,8.318147140492596e-05,0.4710097950059201
CASE0125_CHUNK_0117,8.318147140492596e-05,0.4710097950059201
CASE0125_CHUNK_0118,8.318147140492596e-05,0.4710097950059201
CASE0125_CHUNK_0119,8.318147140492596e-05,0.4710097950059201
CASE0125_CHUNK_0120,8.318147140492596e-05,0.4710097950059201
CASE0125_CHUNK_0121,8.318147140492596e-05,0.4710097950059201
CASE0125_CHUNK_0122,8.318147140492596e-05,0.4710097950059201
CASE0125_CHUNK_0123,8.318147140492596e-05,0.4710097950059201
CASE0125_CHUNK_0124,8.318147140492596e-05,0.4710097950059201
CASE0125_CHUNK_0125,8.318147140492596e-05,0.4710097950059201
CASE0125_CHUNK_0126,8.318147140492596e-05,0.4710097950059201
CASE0125_CHUNK_0127,8.318147140492596e-05,0.4710097950059201
CASE0125_CHUNK_0128,8.318147140492596e-05,0.4710097950059201
CASE0125_CHUNK_0129,8.318147140492596e-05,0.4710097950059201
CASE0125_CHUNK_0130,8.318147140492596e-05,0.4710097950059201
CASE0125_CHUNK_0131,8.318147140492596e-05,0.4710097950059201
CASE0125_CHUNK_0132,8.318147140492596e-05,0.4710097950059201
CASE0125_CHUNK_0133,8.318147140492596e-05,0.4710097950059201
CASE0125_CHUNK_0134,8.318147140492596e-05,0.4710097950059201
CASE0125_CHUNK_0135,8.318147140492596e-05,0.4710097950059201
CASE0125_CHUNK_0136,8.318147140492596e-05,0.4710097950059201
CASE0125_CHUNK_0137,8.318147140492596e-05,0.4710097950059201
CASE0125_CHUNK_0138,8.318147140492596e-05,0.4710097950059201
CASE0125_CHUNK_0139,8.318147140492596e-05,0.4710097950059201
CASE0126_CHUNK_0001,2.0681258935447374e-05,0.0176729962145024
CASE0126_CHUNK_0002,2.0681258935447374e-05,0.0176729962145024
CASE0127_CHUNK_0001,8.055217510836655e-05,0.45193855158033247
CASE0127_CHUNK_0002,8.055217510836655e-05,0.45193855158033247
CASE0127_CHUNK_0003,8.055217510836655e-05,0.45193855158033247
CASE0127_CHUNK_0004,8.055217510836655e-05,0.45193855158033247
CASE0127_CHUNK_0005,8.055217510836655e-05,0.45193855158033247
CASE0127_CHUNK_0006,8.055217510836655e-05,0.45193855158033247
CASE0127_CHUNK_0007,8.055217510836655e-05,0.45193855158033247
CASE0127_CHUNK_0008,8.055217510836655e-05,0.45193855158033247
CASE0127_CHUNK_0009,8.055217510836655e-05,0.45193855158033247
CASE0127_CHUNK_0010,8.055217510836655e-05,0.45193855158033247
CASE0127_CHUNK_0011,8.055217510836655e-05,0.45193855158033247
CASE0127_CHUNK_0012,8.055217510836655e-05,0.45193855158033247
CASE0127_CHUNK_0013,8.055217510836655e-05,0.45193855158033247
CASE0127_CHUNK_0014,8.055217510836655e-05,0.45193855158033247
CASE0127_CHUNK_0015,8.055217510836655e-05,0.45193855158033247
CASE0127_CHUNK_0016,8.055217510836655e-05,0.45193855158033247
CASE0127_CHUNK_0017,8.055217510836655e-05,0.45193855158033247
CASE0127_CHUNK_0018,8.055217510836655e-05,0.45193855158033247
CASE0127_CHUNK_0019,8.055217510836655e-05,0.45193855158033247
CASE0127_CHUNK_0020,8.055217510836655e-05,0.45193855158033247
CASE0128_CHUNK_0001,7.001061629455242e-05,0.37547678708217697
CASE0128_CHUNK_0002,7.001061629455242e-05,0.37547678708217697
CASE0128_CHUNK_0003,7.001061629455242e-05,0.37547678708217697
CASE0128_CHUNK_0004,7.001061629455242e-05,0.37547678708217697
CASE0128_CHUNK_0005,7.001061629455242e-05,0.37547678708217697
CASE0128_CHUNK_0006,7.001061629455242e-05,0.37547678708217697
CASE0128_CHUNK_0007,7.001061629455242e-05,0.37547678708217697
CASE0128_CHUNK_0008,7.001061629455242e-05,0.37547678708217697
CASE0128_CHUNK_0009,7.001061629455242e-05,0.37547678708217697
CASE0128_CHUNK_0010,7.001061629455242e-05,0.37547678708217697
CASE0128_CHUNK_0011,7.001061629455242e-05,0.37547678708217697
CASE0128_CHUNK_0012,7.001061629455242e-05,0.37547678708217697
CASE0128_CHUNK_0013,7.001061629455242e-05,0.37547678708217697
CASE0129_CHUNK_0001,8.302762812402117e-05,0.46989391367167654
CASE0129_CHUNK_0002,8.302762812402117e-05,0.46989391367167654
CASE0129_CHUNK_0003,8.302762812402117e-05,0.46989391367167654
CASE0129_CHUNK_0004,8.302762812402117e-05,0.46989391367167654
CASE0129_CHUNK_0005,8.302762812402117e-05,0.46989391367167654
CASE0129_CHUNK_0006,8.302762812402117e-05,0.46989391367167654
CASE0129_CHUNK_0007,8.302762812402117e-05,0.46989391367167654
CASE0129_CHUNK_0008,8.302762812402117e-05,0.46989391367167654
CASE0129_CHUNK_0009,8.302762812402117e-05,0.46989391367167654
CASE0129_CHUNK_0010,8.302762812402117e-05,0.46989391367167654
CASE0129_CHUNK_0011,8.302762812402117e-05,0.46989391367167654
CASE0130_CHUNK_0001,0.00011194172232637118,0.6796183672013014
CASE0130_CHUNK_0002,0.00011194172232637118,0.6796183672013014
CASE0130_CHUNK_0003,0.00011194172232637118,0.6796183672013014
CASE0130_CHUNK_0004,0.00011194172232637118,0.6796183672013014
CASE0130_CHUNK_0005,0.00011194172232637118,0.6796183672013014
CASE0130_CHUNK_0006,0.00011194172232637118,0.6796183672013014
CASE0130_CHUNK_0007,0.00011194172232637118,0.6796183672013014
CASE0130_CHUNK_0008,0.00011194172232637118,0.6796183672013014
CASE0130_CHUNK_0009,0.00011194172232637118,0.6796183672013014
CASE0130_CHUNK_0010,0.00011194172232637118,0.6796183672013014
CASE0130_CHUNK_0011,0.00011194172232637118,0.6796183672013014
CASE0130_CHUNK_0012,0.00011194172232637118,0.6796183672013014
CASE0130_CHUNK_0013,0.00011194172232637118,0.6796183672013014
CASE0130_CHUNK_0014,0.00011194172232637118,0.6796183672013014
CASE0130_CHUNK_0015,0.00011194172232637118,0.6796183672013014
CASE0130_CHUNK_0016,0.00011194172232637118,0.6796183672013014
CASE0130_CHUNK_0017,0.00011194172232637118,0.6796183672013014
CASE0130_CHUNK_0018,0.00011194172232637118,0.6796183672013014
CASE0130_CHUNK_0019,0.00011194172232637118,0.6796183672013014
CASE0130_CHUNK_0020,0.00011194172232637118,0.6796183672013014
CASE0130_CHUNK_0021,0.00011194172232637118,0.6796183672013014
CASE0130_CHUNK_0022,0.00011194172232637118,0.6796183672013014
CASE0130_CHUNK_0023,0.00011194172232637118,0.6796183672013014
CASE0130_CHUNK_0024,0.00011194172232637118,0.6796183672013014
CASE0130_CHUNK_0025,0.00011194172232637118,0.6796183672013014
CASE0130_CHUNK_0026,0.00011194172232637118,0.6796183672013014
CASE0130_CHUNK_0027,0.00011194172232637118,0.6796183672013014
CASE0130_CHUNK_0028,0.00011194172232637118,0.6796183672013014
CASE0130_CHUNK_0029,0.00011194172232637118,0.6796183672013014
CASE0130_CHUNK_0030,0.00011194172232637118,0.6796183672013014
CASE0130_CHUNK_0031,0.00011194172232637118,0.6796183672013014
CASE0130_CHUNK_0032,0.00011194172232637118,0.6796183672013014
CASE0130_CHUNK_0033,0.00011194172232637118,0.6796183672013014
CASE0130_CHUNK_0034,0.00011194172232637118,0.6796183672013014
CASE0130_CHUNK_0035,0.00011194172232637118,0.6796183672013014
CASE0130_CHUNK_0036,0.00011194172232637118,0.6796183672013014
CASE0131_CHUNK_0001,1.8244734873594398e-05,0.0
CASE0131_CHUNK_0002,1.8244734873594398e-05,0.0
CASE0132_CHUNK_0001,9.72679795701217e-05,0.5731843679464124
CASE0132_CHUNK_0002,9.72679795701217e-05,0.5731843679464124
CASE0132_CHUNK_0003,9.72679795701217e-05,0.5731843679464124
CASE0132_CHUNK_0004,9.72679795701217e-05,0.5731843679464124
CASE0132_CHUNK_0005,9.72679795701217e-05,0.5731843679464124
CASE0132_CHUNK_0006,9.72679795701217e-05,0.5731843679464124
CASE0132_CHUNK_0007,9.72679795701217e-05,0.5731843679464124
CASE0132_CHUNK_0008,9.72679795701217e-05,0.5731843679464124
CASE0132_CHUNK_0009,9.72679795701217e-05,0.5731843679464124
CASE0132_CHUNK_0010,9.72679795701217e-05,0.5731843679464124
CASE0132_CHUNK_0011,9.72679795701217e-05,0.5731843679464124
CASE0132_CHUNK_0012,9.72679795701217e-05,0.5731843679464124
CASE0132_CHUNK_0013,9.72679795701217e-05,0.5731843679464124
CASE0132_CHUNK_0014,9.72679795701217e-05,0.5731843679464124
CASE0132_CHUNK_0015,9.72679795701217e-05,0.5731843679464124
CASE0132_CHUNK_0016,9.72679795701217e-05,0.5731843679464124
CASE0132_CHUNK_0017,9.72679795701217e-05,0.5731843679464124
CASE0132_CHUNK_0018,9.72679795701217e-05,0.5731843679464124
CASE0132_CHUNK_0019,9.72679795701217e-05,0.5731843679464124
CASE0132_CHUNK_0020,9.72679795701217e-05,0.5731843679464124
CASE0132_CHUNK_0021,9.72679795701217e-05,0.5731843679464124
CASE0132_CHUNK_0022,9.72679795701217e-05,0.5731843679464124
CASE0132_CHUNK_0023,9.72679795701217e-05,0.5731843679464124
CASE0132_CHUNK_0024,9.72679795701217e-05,0.5731843679464124
CASE0132_CHUNK_0025,9.72679795701217e-05,0.5731843679464124
CASE0132_CHUNK_0026,9.72679795701217e-05,0.5731843679464124
CASE0132_CHUNK_0027,9.72679795701217e-05,0.5731843679464124
CASE0132_CHUNK_0028,9.72679795701217e-05,0.5731843679464124
CASE0132_CHUNK_0029,9.72679795701217e-05,0.5731843679464124
CASE0132_CHUNK_0030,9.72679795701217e-05,0.5731843679464124
CASE0132_CHUNK_0031,9.72679795701217e-05,0.5731843679464124
CASE0132_CHUNK_0032,9.72679795701217e-05,0.5731843679464124
CASE0132_CHUNK_0033,9.72679795701217e-05,0.5731843679464124
CASE0132_CHUNK_0034,9.72679795701217e-05,0.5731843679464124
CASE0132_CHUNK_0035,9.72679795701217e-05,0.5731843679464124
CASE0132_CHUNK_0036,9.72679795701217e-05,0.5731843679464124
CASE0132_CHUNK_0037,9.72679795701217e-05,0.5731843679464124
CASE0132_CHUNK_0038,9.72679795701217e-05,0.5731843679464124
CASE0132_CHUNK_0039,9.72679795701217e-05,0.5731843679464124
CASE0132_CHUNK_0040,9.72679795701217e-05,0.5731843679464124
CASE0132_CHUNK_0041,9.72679795701217e-05,0.5731843679464124
CASE0132_CHUNK_0042,9.72679795701217e-05,0.5731843679464124
CASE0132_CHUNK_0043,9.72679795701217e-05,0.5731843679464124
CASE0132_CHUNK_0044,9.72679795701217e-05,0.5731843679464124
CASE0132_CHUNK_0045,9.72679795701217e-05,0.5731843679464124
CASE0132_CHUNK_0046,9.72679795701217e-05,0.5731843679464124
CASE0132_CHUNK_0047,9.72679795701217e-05,0.5731843679464124
CASE0132_CHUNK_0048,9.72679795701217e-05,0.5731843679464124
CASE0132_CHUNK_0049,9.72679795701217e-05,0.5731843679464124
CASE0132_CHUNK_0050,9.72679795701217e-05,0.5731843679464124
CASE0132_CHUNK_0051,9.72679795701217e-05,0.5731843679464124
CASE0132_CHUNK_0052,9.72679795701217e-05,0.5731843679464124
CASE0132_CHUNK_0053,9.72679795701217e-05,0.5731843679464124
CASE0132_CHUNK_0054,9.72679795701217e-05,0.5731843679464124
CASE0132_CHUNK_0055,9.72679795701217e-05,0.5731843679464124
CASE0132_CHUNK_0056,9.72679795701217e-05,0.5731843679464124
CASE0132_CHUNK_0057,9.72679795701217e-05,0.5731843679464124
CASE0132_CHUNK_0058,9.72679795701217e-05,0.5731843679464124
CASE0132_CHUNK_0059,9.72679795701217e-05,0.5731843679464124
CASE0132_CHUNK_0060,9.72679795701217e-05,0.5731843679464124
CASE0132_CHUNK_0061,9.72679795701217e-05,0.5731843679464124
CASE0132_CHUNK_0062,9.72679795701217e-05,0.5731843679464124
CASE0132_CHUNK_0063,9.72679795701217e-05,0.5731843679464124
CASE0132_CHUNK_0064,9.72679795701217e-05,0.5731843679464124
CASE0132_CHUNK_0065,9.72679795701217e-05,0.5731843679464124
CASE0132_CHUNK_0066,9.72679795701217e-05,0.5731843679464124
CASE0132_CHUNK_0067,9.72679795701217e-05,0.5731843679464124
CASE0132_CHUNK_0068,9.72679795701217e-05,0.5731843679464124
CASE0132_CHUNK_0069,9.72679795701217e-05,0.5731843679464124
CASE0132_CHUNK_0070,9.72679795701217e-05,0.5731843679464124
CASE0132_CHUNK_0071,9.72679795701217e-05,0.5731843679464124
CASE0132_CHUNK_0072,9.72679795701217e-05,0.5731843679464124
CASE0132_CHUNK_0073,9.72679795701217e-05,0.5731843679464124
CASE0132_CHUNK_0074,9.72679795701217e-05,0.5731843679464124
CASE0132_CHUNK_0075,9.72679795701217e-05,0.5731843679464124
CASE0132_CHUNK_0076,9.72679795701217e-05,0.5731843679464124
CASE0132_CHUNK_0077,9.72679795701217e-05,0.5731843679464124
CASE0132_CHUNK_0078,9.72679795701217e-05,0.5731843679464124
CASE0132_CHUNK_0079,9.72679795701217e-05,0.5731843679464124
CASE0132_CHUNK_0080,9.72679795701217e-05,0.5731843679464124
CASE0132_CHUNK_0081,9.72679795701217e-05,0.5731843679464124
CASE0132_CHUNK_0082,9.72679795701217e-05,0.5731843679464124
CASE0132_CHUNK_0083,9.72679795701217e-05,0.5731843679464124
CASE0132_CHUNK_0084,9.72679795701217e-05,0.5731843679464124
CASE0132_CHUNK_0085,9.72679795701217e-05,0.5731843679464124
CASE0132_CHUNK_0086,9.72679795701217e-05,0.5731843679464124
CASE0132_CHUNK_0087,9.72679795701217e-05,0.5731843679464124
CASE0132_CHUNK_0088,9.72679795701217e-05,0.5731843679464124
CASE0132_CHUNK_0089,9.72679795701217e-05,0.5731843679464124
CASE0132_CHUNK_0090,9.72679795701217e-05,0.5731843679464124
CASE0132_CHUNK_0091,9.72679795701217e-05,0.5731843679464124
CASE0132_CHUNK_0092,9.72679795701217e-05,0.5731843679464124
CASE0132_CHUNK_0093,9.72679795701217e-05,0.5731843679464124
CASE0132_CHUNK_0094,9.72679795701217e-05,0.5731843679464124
CASE0132_CHUNK_0095,9.72679795701217e-05,0.5731843679464124
CASE0132_CHUNK_0096,9.72679795701217e-05,0.5731843679464124
CASE0132_CHUNK_0097,9.72679795701217e-05,0.5731843679464124
CASE0132_CHUNK_0098,9.72679795701217e-05,0.5731843679464124
CASE0132_CHUNK_0099,9.72679795701217e-05,0.5731843679464124
CASE0132_CHUNK_0100,9.72679795701217e-05,0.5731843679464124
CASE0132_CHUNK_0101,9.72679795701217e-05,0.5731843679464124
CASE0132_CHUNK_0102,9.72679795701217e-05,0.5731843679464124
CASE0132_CHUNK_0103,9.72679795701217e-05,0.5731843679464124
CASE0132_CHUNK_0104,9.72679795701217e-05,0.5731843679464124
CASE0132_CHUNK_0105,9.72679795701217e-05,0.5731843679464124
CASE0132_CHUNK_0106,9.72679795701217e-05,0.5731843679464124
CASE0132_CHUNK_0107,9.72679795701217e-05,0.5731843679464124
CASE0132_CHUNK_0108,9.72679795701217e-05,0.5731843679464124
CASE0132_CHUNK_0109,9.72679795701217e-05,0.5731843679464124
CASE0132_CHUNK_0110,9.72679795701217e-05,0.5731843679464124
CASE0132_CHUNK_0111,9.72679795701217e-05,0.5731843679464124
CASE0132_CHUNK_0112,9.72679795701217e-05,0.5731843679464124
CASE0132_CHUNK_0113,9.72679795701217e-05,0.5731843679464124
CASE0132_CHUNK_0114,9.72679795701217e-05,0.5731843679464124
CASE0132_CHUNK_0115,9.72679795701217e-05,0.5731843679464124
CASE0132_CHUNK_0116,9.72679795701217e-05,0.5731843679464124
CASE0132_CHUNK_0117,9.72679795701217e-05,0.5731843679464124
CASE0132_CHUNK_0118,9.72679795701217e-05,0.5731843679464124
CASE0132_CHUNK_0119,9.72679795701217e-05,0.5731843679464124
CASE0132_CHUNK_0120,9.72679795701217e-05,0.5731843679464124
CASE0132_CHUNK_0121,9.72679795701217e-05,0.5731843679464124
CASE0132_CHUNK_0122,9.72679795701217e-05,0.5731843679464124
CASE0132_CHUNK_0123,9.72679795701217e-05,0.5731843679464124
CASE0132_CHUNK_0124,9.72679795701217e-05,0.5731843679464124
CASE0132_CHUNK_0125,9.72679795701217e-05,0.5731843679464124
CASE0132_CHUNK_0126,9.72679795701217e-05,0.5731843679464124
CASE0132_CHUNK_0127,9.72679795701217e-05,0.5731843679464124
CASE0132_CHUNK_0128,9.72679795701217e-05,0.5731843679464124
CASE0132_CHUNK_0129,9.72679795701217e-05,0.5731843679464124
CASE0132_CHUNK_0130,9.72679795701217e-05,0.5731843679464124
CASE0132_CHUNK_0131,9.72679795701217e-05,0.5731843679464124
CASE0132_CHUNK_0132,9.72679795701217e-05,0.5731843679464124
CASE0132_CHUNK_0133,9.72679795701217e-05,0.5731843679464124
CASE0132_CHUNK_0134,9.72679795701217e-05,0.5731843679464124
CASE0132_CHUNK_0135,9.72679795701217e-05,0.5731843679464124
CASE0132_CHUNK_0136,9.72679795701217e-05,0.5731843679464124
CASE0132_CHUNK_0137,9.72679795701217e-05,0.5731843679464124
CASE0132_CHUNK_0138,9.72679795701217e-05,0.5731843679464124
CASE0132_CHUNK_0139,9.72679795701217e-05,0.5731843679464124
CASE0132_CHUNK_0140,9.72679795701217e-05,0.5731843679464124
CASE0132_CHUNK_0141,9.72679795701217e-05,0.5731843679464124
CASE0132_CHUNK_0142,9.72679795701217e-05,0.5731843679464124
CASE0132_CHUNK_0143,9.72679795701217e-05,0.5731843679464124
CASE0132_CHUNK_0144,9.72679795701217e-05,0.5731843679464124
CASE0132_CHUNK_0145,9.72679795701217e-05,0.5731843679464124
CASE0132_CHUNK_0146,9.72679795701217e-05,0.5731843679464124
CASE0132_CHUNK_0147,9.72679795701217e-05,0.5731843679464124
CASE0132_CHUNK_0148,9.72679795701217e-05,0.5731843679464124
CASE0132_CHUNK_0149,9.72679795701217e-05,0.5731843679464124
CASE0132_CHUNK_0150,9.72679795701217e-05,0.5731843679464124
CASE0132_CHUNK_0151,9.72679795701217e-05,0.5731843679464124
CASE0132_CHUNK_0152,9.72679795701217e-05,0.5731843679464124
CASE0132_CHUNK_0153,9.72679795701217e-05,0.5731843679464124
CASE0132_CHUNK_0154,9.72679795701217e-05,0.5731843679464124
CASE0132_CHUNK_0155,9.72679795701217e-05,0.5731843679464124
CASE0132_CHUNK_0156,9.72679795701217e-05,0.5731843679464124
CASE0132_CHUNK_0157,9.72679795701217e-05,0.5731843679464124
CASE0132_CHUNK_0158,9.72679795701217e-05,0.5731843679464124
CASE0132_CHUNK_0159,9.72679795701217e-05,0.5731843679464124
CASE0132_CHUNK_0160,9.72679795701217e-05,0.5731843679464124
CASE0132_CHUNK_0161,9.72679795701217e-05,0.5731843679464124
CASE0132_CHUNK_0162,9.72679795701217e-05,0.5731843679464124
CASE0132_CHUNK_0163,9.72679795701217e-05,0.5731843679464124
CASE0132_CHUNK_0164,9.72679795701217e-05,0.5731843679464124
CASE0132_CHUNK_0165,9.72679795701217e-05,0.5731843679464124
CASE0132_CHUNK_0166,9.72679795701217e-05,0.5731843679464124
CASE0132_CHUNK_0167,9.72679795701217e-05,0.5731843679464124
CASE0132_CHUNK_0168,9.72679795701217e-05,0.5731843679464124
CASE0132_CHUNK_0169,9.72679795701217e-05,0.5731843679464124
CASE0132_CHUNK_0170,9.72679795701217e-05,0.5731843679464124
CASE0132_CHUNK_0171,9.72679795701217e-05,0.5731843679464124
CASE0132_CHUNK_0172,9.72679795701217e-05,0.5731843679464124
CASE0132_CHUNK_0173,9.72679795701217e-05,0.5731843679464124
CASE0132_CHUNK_0174,9.72679795701217e-05,0.5731843679464124
CASE0132_CHUNK_0175,9.72679795701217e-05,0.5731843679464124
CASE0132_CHUNK_0176,9.72679795701217e-05,0.5731843679464124
CASE0132_CHUNK_0177,9.72679795701217e-05,0.5731843679464124
CASE0132_CHUNK_0178,9.72679795701217e-05,0.5731843679464124
CASE0132_CHUNK_0179,9.72679795701217e-05,0.5731843679464124
CASE0132_CHUNK_0180,9.72679795701217e-05,0.5731843679464124
CASE0132_CHUNK_0181,9.72679795701217e-05,0.5731843679464124
CASE0132_CHUNK_0182,9.72679795701217e-05,0.5731843679464124
CASE0132_CHUNK_0183,9.72679795701217e-05,0.5731843679464124
CASE0132_CHUNK_0184,9.72679795701217e-05,0.5731843679464124
CASE0132_CHUNK_0185,9.72679795701217e-05,0.5731843679464124
CASE0132_CHUNK_0186,9.72679795701217e-05,0.5731843679464124
CASE0132_CHUNK_0187,9.72679795701217e-05,0.5731843679464124
CASE0132_CHUNK_0188,9.72679795701217e-05,0.5731843679464124
CASE0132_CHUNK_0189,9.72679795701217e-05,0.5731843679464124
CASE0132_CHUNK_0190,9.72679795701217e-05,0.5731843679464124
CASE0132_CHUNK_0191,9.72679795701217e-05,0.5731843679464124
CASE0132_CHUNK_0192,9.72679795701217e-05,0.5731843679464124
CASE0132_CHUNK_0193,9.72679795701217e-05,0.5731843679464124
CASE0132_CHUNK_0194,9.72679795701217e-05,0.5731843679464124
CASE0132_CHUNK_0195,9.72679795701217e-05,0.5731843679464124
CASE0132_CHUNK_0196,9.72679795701217e-05,0.5731843679464124
CASE0132_CHUNK_0197,9.72679795701217e-05,0.5731843679464124
CASE0132_CHUNK_0198,9.72679795701217e-05,0.5731843679464124
CASE0132_CHUNK_0199,9.72679795701217e-05,0.5731843679464124
CASE0132_CHUNK_0200,9.72679795701217e-05,0.5731843679464124
CASE0132_CHUNK_0201,9.72679795701217e-05,0.5731843679464124
CASE0132_CHUNK_0202,9.72679795701217e-05,0.5731843679464124
CASE0132_CHUNK_0203,9.72679795701217e-05,0.5731843679464124
CASE0132_CHUNK_0204,9.72679795701217e-05,0.5731843679464124
CASE0132_CHUNK_0205,9.72679795701217e-05,0.5731843679464124
CASE0132_CHUNK_0206,9.72679795701217e-05,0.5731843679464124
CASE0132_CHUNK_0207,9.72679795701217e-05,0.5731843679464124
CASE0132_CHUNK_0208,9.72679795701217e-05,0.5731843679464124
CASE0132_CHUNK_0209,9.72679795701217e-05,0.5731843679464124
CASE0132_CHUNK_0210,9.72679795701217e-05,0.5731843679464124
CASE0132_CHUNK_0211,9.72679795701217e-05,0.5731843679464124
CASE0132_CHUNK_0212,9.72679795701217e-05,0.5731843679464124
CASE0132_CHUNK_0213,9.72679795701217e-05,0.5731843679464124
CASE0132_CHUNK_0214,9.72679795701217e-05,0.5731843679464124
CASE0132_CHUNK_0215,9.72679795701217e-05,0.5731843679464124
CASE0132_CHUNK_0216,9.72679795701217e-05,0.5731843679464124
CASE0132_CHUNK_0217,9.72679795701217e-05,0.5731843679464124
CASE0132_CHUNK_0218,9.72679795701217e-05,0.5731843679464124
CASE0132_CHUNK_0219,9.72679795701217e-05,0.5731843679464124
CASE0132_CHUNK_0220,9.72679795701217e-05,0.5731843679464124
CASE0132_CHUNK_0221,9.72679795701217e-05,0.5731843679464124
CASE0132_CHUNK_0222,9.72679795701217e-05,0.5731843679464124
CASE0132_CHUNK_0223,9.72679795701217e-05,0.5731843679464124
CASE0132_CHUNK_0224,9.72679795701217e-05,0.5731843679464124
CASE0132_CHUNK_0225,9.72679795701217e-05,0.5731843679464124
CASE0132_CHUNK_0226,9.72679795701217e-05,0.5731843679464124
CASE0132_CHUNK_0227,9.72679795701217e-05,0.5731843679464124
CASE0132_CHUNK_0228,9.72679795701217e-05,0.5731843679464124
CASE0132_CHUNK_0229,9.72679795701217e-05,0.5731843679464124
CASE0132_CHUNK_0230,9.72679795701217e-05,0.5731843679464124
CASE0132_CHUNK_0231,9.72679795701217e-05,0.5731843679464124
CASE0132_CHUNK_0232,9.72679795701217e-05,0.5731843679464124
CASE0132_CHUNK_0233,9.72679795701217e-05,0.5731843679464124
CASE0132_CHUNK_0234,9.72679795701217e-05,0.5731843679464124
CASE0132_CHUNK_0235,9.72679795701217e-05,0.5731843679464124
CASE0132_CHUNK_0236,9.72679795701217e-05,0.5731843679464124
CASE0132_CHUNK_0237,9.72679795701217e-05,0.5731843679464124
CASE0132_CHUNK_0238,9.72679795701217e-05,0.5731843679464124
CASE0132_CHUNK_0239,9.72679795701217e-05,0.5731843679464124
CASE0132_CHUNK_0240,9.72679795701217e-05,0.5731843679464124
CASE0132_CHUNK_0241,9.72679795701217e-05,0.5731843679464124
CASE0132_CHUNK_0242,9.72679795701217e-05,0.5731843679464124
CASE0132_CHUNK_0243,9.72679795701217e-05,0.5731843679464124
CASE0132_CHUNK_0244,9.72679795701217e-05,0.5731843679464124
CASE0132_CHUNK_0245,9.72679795701217e-05,0.5731843679464124
CASE0132_CHUNK_0246,9.72679795701217e-05,0.5731843679464124
CASE0132_CHUNK_0247,9.72679795701217e-05,0.5731843679464124
CASE0132_CHUNK_0248,9.72679795701217e-05,0.5731843679464124
CASE0132_CHUNK_0249,9.72679795701217e-05,0.5731843679464124
CASE0132_CHUNK_0250,9.72679795701217e-05,0.5731843679464124
CASE0132_CHUNK_0251,9.72679795701217e-05,0.5731843679464124
CASE0132_CHUNK_0252,9.72679795701217e-05,0.5731843679464124
CASE0132_CHUNK_0253,9.72679795701217e-05,0.5731843679464124
CASE0132_CHUNK_0254,9.72679795701217e-05,0.5731843679464124
CASE0132_CHUNK_0255,9.72679795701217e-05,0.5731843679464124
CASE0132_CHUNK_0256,9.72679795701217e-05,0.5731843679464124
CASE0132_CHUNK_0257,9.72679795701217e-05,0.5731843679464124
CASE0132_CHUNK_0258,9.72679795701217e-05,0.5731843679464124
CASE0132_CHUNK_0259,9.72679795701217e-05,0.5731843679464124
CASE0132_CHUNK_0260,9.72679795701217e-05,0.5731843679464124
CASE0132_CHUNK_0261,9.72679795701217e-05,0.5731843679464124
CASE0132_CHUNK_0262,9.72679795701217e-05,0.5731843679464124
CASE0132_CHUNK_0263,9.72679795701217e-05,0.5731843679464124
CASE0132_CHUNK_0264,9.72679795701217e-05,0.5731843679464124
CASE0132_CHUNK_0265,9.72679795701217e-05,0.5731843679464124
CASE0132_CHUNK_0266,9.72679795701217e-05,0.5731843679464124
CASE0132_CHUNK_0267,9.72679795701217e-05,0.5731843679464124
CASE0132_CHUNK_0268,9.72679795701217e-05,0.5731843679464124
CASE0132_CHUNK_0269,9.72679795701217e-05,0.5731843679464124
CASE0132_CHUNK_0270,9.72679795701217e-05,0.5731843679464124
CASE0132_CHUNK_0271,9.72679795701217e-05,0.5731843679464124
CASE0132_CHUNK_0272,9.72679795701217e-05,0.5731843679464124
CASE0132_CHUNK_0273,9.72679795701217e-05,0.5731843679464124
CASE0132_CHUNK_0274,9.72679795701217e-05,0.5731843679464124
CASE0132_CHUNK_0275,9.72679795701217e-05,0.5731843679464124
CASE0132_CHUNK_0276,9.72679795701217e-05,0.5731843679464124
CASE0132_CHUNK_0277,9.72679795701217e-05,0.5731843679464124
CASE0132_CHUNK_0278,9.72679795701217e-05,0.5731843679464124
CASE0132_CHUNK_0279,9.72679795701217e-05,0.5731843679464124
CASE0132_CHUNK_0280,9.72679795701217e-05,0.5731843679464124
CASE0132_CHUNK_0281,9.72679795701217e-05,0.5731843679464124
CASE0132_CHUNK_0282,9.72679795701217e-05,0.5731843679464124
CASE0132_CHUNK_0283,9.72679795701217e-05,0.5731843679464124
CASE0132_CHUNK_0284,9.72679795701217e-05,0.5731843679464124
CASE0132_CHUNK_0285,9.72679795701217e-05,0.5731843679464124
CASE0132_CHUNK_0286,9.72679795701217e-05,0.5731843679464124
CASE0132_CHUNK_0287,9.72679795701217e-05,0.5731843679464124
CASE0132_CHUNK_0288,9.72679795701217e-05,0.5731843679464124
CASE0132_CHUNK_0289,9.72679795701217e-05,0.5731843679464124
CASE0132_CHUNK_0290,9.72679795701217e-05,0.5731843679464124
CASE0132_CHUNK_0291,9.72679795701217e-05,0.5731843679464124
CASE0132_CHUNK_0292,9.72679795701217e-05,0.5731843679464124
CASE0132_CHUNK_0293,9.72679795701217e-05,0.5731843679464124
CASE0132_CHUNK_0294,9.72679795701217e-05,0.5731843679464124
CASE0132_CHUNK_0295,9.72679795701217e-05,0.5731843679464124
CASE0132_CHUNK_0296,9.72679795701217e-05,0.5731843679464124
CASE0132_CHUNK_0297,9.72679795701217e-05,0.5731843679464124
CASE0132_CHUNK_0298,9.72679795701217e-05,0.5731843679464124
CASE0132_CHUNK_0299,9.72679795701217e-05,0.5731843679464124
CASE0132_CHUNK_0300,9.72679795701217e-05,0.5731843679464124
CASE0132_CHUNK_0301,9.72679795701217e-05,0.5731843679464124
CASE0132_CHUNK_0302,9.72679795701217e-05,0.5731843679464124
CASE0132_CHUNK_0303,9.72679795701217e-05,0.5731843679464124
CASE0132_CHUNK_0304,9.72679795701217e-05,0.5731843679464124
CASE0132_CHUNK_0305,9.72679795701217e-05,0.5731843679464124
CASE0132_CHUNK_0306,9.72679795701217e-05,0.5731843679464124
CASE0132_CHUNK_0307,9.72679795701217e-05,0.5731843679464124
CASE0132_CHUNK_0308,9.72679795701217e-05,0.5731843679464124
CASE0132_CHUNK_0309,9.72679795701217e-05,0.5731843679464124
CASE0132_CHUNK_0310,9.72679795701217e-05,0.5731843679464124
CASE0132_CHUNK_0311,9.72679795701217e-05,0.5731843679464124
CASE0132_CHUNK_0312,9.72679795701217e-05,0.5731843679464124
CASE0132_CHUNK_0313,9.72679795701217e-05,0.5731843679464124
CASE0132_CHUNK_0314,9.72679795701217e-05,0.5731843679464124
CASE0132_CHUNK_0315,9.72679795701217e-05,0.5731843679464124
CASE0132_CHUNK_0316,9.72679795701217e-05,0.5731843679464124
CASE0132_CHUNK_0317,9.72679795701217e-05,0.5731843679464124
CASE0132_CHUNK_0318,9.72679795701217e-05,0.5731843679464124
CASE0132_CHUNK_0319,9.72679795701217e-05,0.5731843679464124
CASE0132_CHUNK_0320,9.72679795701217e-05,0.5731843679464124
CASE0132_CHUNK_0321,9.72679795701217e-05,0.5731843679464124
CASE0132_CHUNK_0322,9.72679795701217e-05,0.5731843679464124
CASE0132_CHUNK_0323,9.72679795701217e-05,0.5731843679464124
CASE0132_CHUNK_0324,9.72679795701217e-05,0.5731843679464124
CASE0132_CHUNK_0325,9.72679795701217e-05,0.5731843679464124
CASE0132_CHUNK_0326,9.72679795701217e-05,0.5731843679464124
CASE0132_CHUNK_0327,9.72679795701217e-05,0.5731843679464124
CASE0132_CHUNK_0328,9.72679795701217e-05,0.5731843679464124
CASE0132_CHUNK_0329,9.72679795701217e-05,0.5731843679464124
CASE0132_CHUNK_0330,9.72679795701217e-05,0.5731843679464124
CASE0132_CHUNK_0331,9.72679795701217e-05,0.5731843679464124
CASE0132_CHUNK_0332,9.72679795701217e-05,0.5731843679464124
CASE0132_CHUNK_0333,9.72679795701217e-05,0.5731843679464124
CASE0132_CHUNK_0334,9.72679795701217e-05,0.5731843679464124
CASE0132_CHUNK_0335,9.72679795701217e-05,0.5731843679464124
CASE0132_CHUNK_0336,9.72679795701217e-05,0.5731843679464124
CASE0132_CHUNK_0337,9.72679795701217e-05,0.5731843679464124
CASE0132_CHUNK_0338,9.72679795701217e-05,0.5731843679464124
CASE0132_CHUNK_0339,9.72679795701217e-05,0.5731843679464124
CASE0132_CHUNK_0340,9.72679795701217e-05,0.5731843679464124
CASE0132_CHUNK_0341,9.72679795701217e-05,0.5731843679464124
CASE0132_CHUNK_0342,9.72679795701217e-05,0.5731843679464124
CASE0132_CHUNK_0343,9.72679795701217e-05,0.5731843679464124
CASE0132_CHUNK_0344,9.72679795701217e-05,0.5731843679464124
CASE0132_CHUNK_0345,9.72679795701217e-05,0.5731843679464124
CASE0132_CHUNK_0346,9.72679795701217e-05,0.5731843679464124
CASE0132_CHUNK_0347,9.72679795701217e-05,0.5731843679464124
CASE0132_CHUNK_0348,9.72679795701217e-05,0.5731843679464124
CASE0132_CHUNK_0349,9.72679795701217e-05,0.5731843679464124
CASE0132_CHUNK_0350,9.72679795701217e-05,0.5731843679464124
CASE0132_CHUNK_0351,9.72679795701217e-05,0.5731843679464124
CASE0132_CHUNK_0352,9.72679795701217e-05,0.5731843679464124
CASE0132_CHUNK_0353,9.72679795701217e-05,0.5731843679464124
CASE0132_CHUNK_0354,9.72679795701217e-05,0.5731843679464124
CASE0132_CHUNK_0355,9.72679795701217e-05,0.5731843679464124
CASE0132_CHUNK_0356,9.72679795701217e-05,0.5731843679464124
CASE0132_CHUNK_0357,9.72679795701217e-05,0.5731843679464124
CASE0132_CHUNK_0358,9.72679795701217e-05,0.5731843679464124
CASE0132_CHUNK_0359,9.72679795701217e-05,0.5731843679464124
CASE0132_CHUNK_0360,9.72679795701217e-05,0.5731843679464124
CASE0132_CHUNK_0361,9.72679795701217e-05,0.5731843679464124
CASE0132_CHUNK_0362,9.72679795701217e-05,0.5731843679464124
CASE0132_CHUNK_0363,9.72679795701217e-05,0.5731843679464124
CASE0132_CHUNK_0364,9.72679795701217e-05,0.5731843679464124
CASE0132_CHUNK_0365,9.72679795701217e-05,0.5731843679464124
CASE0132_CHUNK_0366,9.72679795701217e-05,0.5731843679464124
CASE0132_CHUNK_0367,9.72679795701217e-05,0.5731843679464124
CASE0132_CHUNK_0368,9.72679795701217e-05,0.5731843679464124
CASE0132_CHUNK_0369,9.72679795701217e-05,0.5731843679464124
CASE0132_CHUNK_0370,9.72679795701217e-05,0.5731843679464124
CASE0132_CHUNK_0371,9.72679795701217e-05,0.5731843679464124
CASE0133_CHUNK_0001,1.8244734873594398e-05,0.0
CASE0133_CHUNK_0002,1.8244734873594398e-05,0.0
CASE0133_CHUNK_0003,1.8244734873594398e-05,0.0
CASE0133_CHUNK_0004,1.8244734873594398e-05,0.0
CASE0133_CHUNK_0005,1.8244734873594398e-05,0.0
CASE0133_CHUNK_0006,1.8244734873594398e-05,0.0
CASE0134_CHUNK_0001,4.472877256030187e-05,0.1920983687827676
CASE0134_CHUNK_0002,4.472877256030187e-05,0.1920983687827676
CASE0134_CHUNK_0003,4.472877256030187e-05,0.1920983687827676
CASE0134_CHUNK_0004,4.472877256030187e-05,0.1920983687827676
CASE0134_CHUNK_0005,4.472877256030187e-05,0.1920983687827676
CASE0134_CHUNK_0006,4.472877256030187e-05,0.1920983687827676
CASE0134_CHUNK_0007,4.472877256030187e-05,0.1920983687827676
CASE0134_CHUNK_0008,4.472877256030187e-05,0.1920983687827676
CASE0134_CHUNK_0009,4.472877256030187e-05,0.1920983687827676
CASE0134_CHUNK_0010,4.472877256030187e-05,0.1920983687827676
CASE0134_CHUNK_0011,4.472877256030187e-05,0.1920983687827676
CASE0134_CHUNK_0012,4.472877256030187e-05,0.1920983687827676
CASE0134_CHUNK_0013,4.472877256030187e-05,0.1920983687827676
CASE0134_CHUNK_0014,4.472877256030187e-05,0.1920983687827676
CASE0134_CHUNK_0015,4.472877256030187e-05,0.1920983687827676
CASE0134_CHUNK_0016,4.472877256030187e-05,0.1920983687827676
CASE0134_CHUNK_0017,4.472877256030187e-05,0.1920983687827676
CASE0134_CHUNK_0018,4.472877256030187e-05,0.1920983687827676
CASE0135_CHUNK_0001,8.83799350938375e-05,0.5087161450205769
CASE0135_CHUNK_0002,8.83799350938375e-05,0.5087161450205769
CASE0135_CHUNK_0003,8.83799350938375e-05,0.5087161450205769
CASE0135_CHUNK_0004,8.83799350938375e-05,0.5087161450205769
CASE0135_CHUNK_0005,8.83799350938375e-05,0.5087161450205769
CASE0135_CHUNK_0006,8.83799350938375e-05,0.5087161450205769
CASE0135_CHUNK_0007,8.83799350938375e-05,0.5087161450205769
CASE0135_CHUNK_0008,8.83799350938375e-05,0.5087161450205769
CASE0135_CHUNK_0009,8.83799350938375e-05,0.5087161450205769
CASE0135_CHUNK_0010,8.83799350938375e-05,0.5087161450205769
CASE0135_CHUNK_0011,8.83799350938375e-05,0.5087161450205769
CASE0135_CHUNK_0012,8.83799350938375e-05,0.5087161450205769
CASE0135_CHUNK_0013,8.83799350938375e-05,0.5087161450205769
CASE0135_CHUNK_0014,8.83799350938375e-05,0.5087161450205769
CASE0135_CHUNK_0015,8.83799350938375e-05,0.5087161450205769
CASE0135_CHUNK_0016,8.83799350938375e-05,0.5087161450205769
CASE0135_CHUNK_0017,8.83799350938375e-05,0.5087161450205769
CASE0135_CHUNK_0018,8.83799350938375e-05,0.5087161450205769
CASE0135_CHUNK_0019,8.83799350938375e-05,0.5087161450205769
CASE0135_CHUNK_0020,8.83799350938375e-05,0.5087161450205769
CASE0135_CHUNK_0021,8.83799350938375e-05,0.5087161450205769
CASE0135_CHUNK_0022,8.83799350938375e-05,0.5087161450205769
CASE0135_CHUNK_0023,8.83799350938375e-05,0.5087161450205769
CASE0135_CHUNK_0024,8.83799350938375e-05,0.5087161450205769
CASE0135_CHUNK_0025,8.83799350938375e-05,0.5087161450205769
CASE0135_CHUNK_0026,8.83799350938375e-05,0.5087161450205769
CASE0135_CHUNK_0027,8.83799350938375e-05,0.5087161450205769
CASE0135_CHUNK_0028,8.83799350938375e-05,0.5087161450205769
CASE0135_CHUNK_0029,8.83799350938375e-05,0.5087161450205769
CASE0135_CHUNK_0030,8.83799350938375e-05,0.5087161450205769
CASE0135_CHUNK_0031,8.83799350938375e-05,0.5087161450205769
CASE0135_CHUNK_0032,8.83799350938375e-05,0.5087161450205769
CASE0135_CHUNK_0033,8.83799350938375e-05,0.5087161450205769
CASE0135_CHUNK_0034,8.83799350938375e-05,0.5087161450205769
CASE0135_CHUNK_0035,8.83799350938375e-05,0.5087161450205769
CASE0135_CHUNK_0036,8.83799350938375e-05,0.5087161450205769
CASE0135_CHUNK_0037,8.83799350938375e-05,0.5087161450205769
CASE0135_CHUNK_0038,8.83799350938375e-05,0.5087161450205769
CASE0135_CHUNK_0039,8.83799350938375e-05,0.5087161450205769
CASE0135_CHUNK_0040,8.83799350938375e-05,0.5087161450205769
CASE0135_CHUNK_0041,8.83799350938375e-05,0.5087161450205769
CASE0135_CHUNK_0042,8.83799350938375e-05,0.5087161450205769
CASE0135_CHUNK_0043,8.83799350938375e-05,0.5087161450205769
CASE0135_CHUNK_0044,8.83799350938375e-05,0.5087161450205769
CASE0135_CHUNK_0045,8.83799350938375e-05,0.5087161450205769
CASE0135_CHUNK_0046,8.83799350938375e-05,0.5087161450205769
CASE0135_CHUNK_0047,8.83799350938375e-05,0.5087161450205769
CASE0135_CHUNK_0048,8.83799350938375e-05,0.5087161450205769
CASE0135_CHUNK_0049,8.83799350938375e-05,0.5087161450205769
CASE0135_CHUNK_0050,8.83799350938375e-05,0.5087161450205769
CASE0135_CHUNK_0051,8.83799350938375e-05,0.5087161450205769
CASE0135_CHUNK_0052,8.83799350938375e-05,0.5087161450205769
CASE0135_CHUNK_0053,8.83799350938375e-05,0.5087161450205769
CASE0135_CHUNK_0054,8.83799350938375e-05,0.5087161450205769
CASE0135_CHUNK_0055,8.83799350938375e-05,0.5087161450205769
CASE0135_CHUNK_0056,8.83799350938375e-05,0.5087161450205769
CASE0135_CHUNK_0057,8.83799350938375e-05,0.5087161450205769
CASE0135_CHUNK_0058,8.83799350938375e-05,0.5087161450205769
CASE0135_CHUNK_0059,8.83799350938375e-05,0.5087161450205769
CASE0135_CHUNK_0060,8.83799350938375e-05,0.5087161450205769
CASE0135_CHUNK_0061,8.83799350938375e-05,0.5087161450205769
CASE0135_CHUNK_0062,8.83799350938375e-05,0.5087161450205769
CASE0135_CHUNK_0063,8.83799350938375e-05,0.5087161450205769
CASE0135_CHUNK_0064,8.83799350938375e-05,0.5087161450205769
CASE0135_CHUNK_0065,8.83799350938375e-05,0.5087161450205769
CASE0135_CHUNK_0066,8.83799350938375e-05,0.5087161450205769
CASE0135_CHUNK_0067,8.83799350938375e-05,0.5087161450205769
CASE0135_CHUNK_0068,8.83799350938375e-05,0.5087161450205769
CASE0135_CHUNK_0069,8.83799350938375e-05,0.5087161450205769
CASE0135_CHUNK_0070,8.83799350938375e-05,0.5087161450205769
CASE0135_CHUNK_0071,8.83799350938375e-05,0.5087161450205769
CASE0135_CHUNK_0072,8.83799350938375e-05,0.5087161450205769
CASE0135_CHUNK_0073,8.83799350938375e-05,0.5087161450205769
CASE0135_CHUNK_0074,8.83799350938375e-05,0.5087161450205769
CASE0135_CHUNK_0075,8.83799350938375e-05,0.5087161450205769
CASE0135_CHUNK_0076,8.83799350938375e-05,0.5087161450205769
CASE0136_CHUNK_0001,0.00010938781842060853,0.6610939722382486
CASE0136_CHUNK_0002,0.00010938781842060853,0.6610939722382486
CASE0136_CHUNK_0003,0.00010938781842060853,0.6610939722382486
CASE0136_CHUNK_0004,0.00010938781842060853,0.6610939722382486
CASE0136_CHUNK_0005,0.00010938781842060853,0.6610939722382486
CASE0136_CHUNK_0006,0.00010938781842060853,0.6610939722382486
CASE0136_CHUNK_0007,0.00010938781842060853,0.6610939722382486
CASE0136_CHUNK_0008,0.00010938781842060853,0.6610939722382486
CASE0136_CHUNK_0009,0.00010938781842060853,0.6610939722382486
CASE0136_CHUNK_0010,0.00010938781842060853,0.6610939722382486
CASE0136_CHUNK_0011,0.00010938781842060853,0.6610939722382486
CASE0136_CHUNK_0012,0.00010938781842060853,0.6610939722382486
CASE0136_CHUNK_0013,0.00010938781842060853,0.6610939722382486
CASE0136_CHUNK_0014,0.00010938781842060853,0.6610939722382486
CASE0136_CHUNK_0015,0.00010938781842060853,0.6610939722382486
CASE0136_CHUNK_0016,0.00010938781842060853,0.6610939722382486
CASE0136_CHUNK_0017,0.00010938781842060853,0.6610939722382486
CASE0136_CHUNK_0018,0.00010938781842060853,0.6610939722382486
CASE0136_CHUNK_0019,0.00010938781842060853,0.6610939722382486
CASE0136_CHUNK_0020,0.00010938781842060853,0.6610939722382486
CASE0136_CHUNK_0021,0.00010938781842060853,0.6610939722382486
CASE0136_CHUNK_0022,0.00010938781842060853,0.6610939722382486
CASE0136_CHUNK_0023,0.00010938781842060853,0.6610939722382486
CASE0136_CHUNK_0024,0.00010938781842060853,0.6610939722382486
CASE0136_CHUNK_0025,0.00010938781842060853,0.6610939722382486
CASE0137_CHUNK_0001,6.554279001614514e-05,0.34307001624762296
CASE0137_CHUNK_0002,6.554279001614514e-05,0.34307001624762296
CASE0137_CHUNK_0003,6.554279001614514e-05,0.34307001624762296
CASE0137_CHUNK_0004,6.554279001614514e-05,0.34307001624762296
CASE0137_CHUNK_0005,6.554279001614514e-05,0.34307001624762296
CASE0137_CHUNK_0006,6.554279001614514e-05,0.34307001624762296
CASE0137_CHUNK_0007,6.554279001614514e-05,0.34307001624762296
CASE0137_CHUNK_0008,6.554279001614514e-05,0.34307001624762296
CASE0137_CHUNK_0009,6.554279001614514e-05,0.34307001624762296
CASE0137_CHUNK_0010,6.554279001614514e-05,0.34307001624762296
CASE0137_CHUNK_0011,6.554279001614514e-05,0.34307001624762296
CASE0137_CHUNK_0012,6.554279001614514e-05,0.34307001624762296
CASE0137_CHUNK_0013,6.554279001614514e-05,0.34307001624762296
CASE0137_CHUNK_0014,6.554279001614514e-05,0.34307001624762296
CASE0137_CHUNK_0015,6.554279001614514e-05,0.34307001624762296
CASE0138_CHUNK_0001,6.484313451141979e-05,0.3379951601113518
CASE0138_CHUNK_0002,6.484313451141979e-05,0.3379951601113518
CASE0138_CHUNK_0003,6.484313451141979e-05,0.3379951601113518
CASE0138_CHUNK_0004,6.484313451141979e-05,0.3379951601113518
CASE0138_CHUNK_0005,6.484313451141979e-05,0.3379951601113518
CASE0138_CHUNK_0006,6.484313451141979e-05,0.3379951601113518
CASE0138_CHUNK_0007,6.484313451141979e-05,0.3379951601113518
CASE0138_CHUNK_0008,6.484313451141979e-05,0.3379951601113518
CASE0138_CHUNK_0009,6.484313451141979e-05,0.3379951601113518
CASE0138_CHUNK_0010,6.484313451141979e-05,0.3379951601113518
CASE0138_CHUNK_0011,6.484313451141979e-05,0.3379951601113518
CASE0138_CHUNK_0012,6.484313451141979e-05,0.3379951601113518
CASE0138_CHUNK_0013,6.484313451141979e-05,0.3379951601113518
CASE0138_CHUNK_0014,6.484313451141979e-05,0.3379951601113518
CASE0138_CHUNK_0015,6.484313451141979e-05,0.3379951601113518
CASE0139_CHUNK_0001,9.525758455362073e-05,0.5586022408611351
CASE0139_CHUNK_0002,9.525758455362073e-05,0.5586022408611351
CASE0139_CHUNK_0003,9.525758455362073e-05,0.5586022408611351
CASE0139_CHUNK_0004,9.525758455362073e-05,0.5586022408611351
CASE0139_CHUNK_0005,9.525758455362073e-05,0.5586022408611351
CASE0139_CHUNK_0006,9.525758455362073e-05,0.5586022408611351
CASE0139_CHUNK_0007,9.525758455362073e-05,0.5586022408611351
CASE0139_CHUNK_0008,9.525758455362073e-05,0.5586022408611351
CASE0139_CHUNK_0009,9.525758455362073e-05,0.5586022408611351
CASE0139_CHUNK_0010,9.525758455362073e-05,0.5586022408611351
CASE0139_CHUNK_0011,9.525758455362073e-05,0.5586022408611351
CASE0139_CHUNK_0012,9.525758455362073e-05,0.5586022408611351
CASE0139_CHUNK_0013,9.525758455362073e-05,0.5586022408611351
CASE0139_CHUNK_0014,9.525758455362073e-05,0.5586022408611351
CASE0139_CHUNK_0015,9.525758455362073e-05,0.5586022408611351
CASE0139_CHUNK_0016,9.525758455362073e-05,0.5586022408611351
CASE0139_CHUNK_0017,9.525758455362073e-05,0.5586022408611351
CASE0139_CHUNK_0018,9.525758455362073e-05,0.5586022408611351
CASE0139_CHUNK_0019,9.525758455362073e-05,0.5586022408611351
CASE0139_CHUNK_0020,9.525758455362073e-05,0.5586022408611351
CASE0139_CHUNK_0021,9.525758455362073e-05,0.5586022408611351
CASE0139_CHUNK_0022,9.525758455362073e-05,0.5586022408611351
CASE0139_CHUNK_0023,9.525758455362073e-05,0.5586022408611351
CASE0139_CHUNK_0024,9.525758455362073e-05,0.5586022408611351
CASE0139_CHUNK_0025,9.525758455362073e-05,0.5586022408611351
CASE0139_CHUNK_0026,9.525758455362073e-05,0.5586022408611351
CASE0139_CHUNK_0027,9.525758455362073e-05,0.5586022408611351
CASE0139_CHUNK_0028,9.525758455362073e-05,0.5586022408611351
CASE0140_CHUNK_0001,7.457879134350959e-05,0.40861142408880136
CASE0140_CHUNK_0002,7.457879134350959e-05,0.40861142408880136
CASE0140_CHUNK_0003,7.457879134350959e-05,0.40861142408880136
CASE0140_CHUNK_0004,7.457879134350959e-05,0.40861142408880136
CASE0140_CHUNK_0005,7.457879134350959e-05,0.40861142408880136
CASE0140_CHUNK_0006,7.457879134350959e-05,0.40861142408880136
CASE0140_CHUNK_0007,7.457879134350959e-05,0.40861142408880136
CASE0140_CHUNK_0008,7.457879134350959e-05,0.40861142408880136
CASE0140_CHUNK_0009,7.457879134350959e-05,0.40861142408880136
CASE0140_CHUNK_0010,7.457879134350959e-05,0.40861142408880136
CASE0140_CHUNK_0011,7.457879134350959e-05,0.40861142408880136
CASE0140_CHUNK_0012,7.457879134350959e-05,0.40861142408880136
CASE0140_CHUNK_0013,7.457879134350959e-05,0.40861142408880136
CASE0140_CHUNK_0014,7.457879134350959e-05,0.40861142408880136
CASE0140_CHUNK_0015,7.457879134350959e-05,0.40861142408880136
CASE0140_CHUNK_0016,7.457879134350959e-05,0.40861142408880136
CASE0140_CHUNK_0017,7.457879134350959e-05,0.40861142408880136
CASE0140_CHUNK_0018,7.457879134350959e-05,0.40861142408880136
CASE0140_CHUNK_0019,7.457879134350959e-05,0.40861142408880136
CASE0140_CHUNK_0020,7.457879134350959e-05,0.40861142408880136
CASE0140_CHUNK_0021,7.457879134350959e-05,0.40861142408880136
CASE0140_CHUNK_0022,7.457879134350959e-05,0.40861142408880136
CASE0140_CHUNK_0023,7.457879134350959e-05,0.40861142408880136
CASE0140_CHUNK_0024,7.457879134350959e-05,0.40861142408880136
CASE0140_CHUNK_0025,7.457879134350959e-05,0.40861142408880136
CASE0140_CHUNK_0026,7.457879134350959e-05,0.40861142408880136
CASE0140_CHUNK_0027,7.457879134350959e-05,0.40861142408880136
CASE0140_CHUNK_0028,7.457879134350959e-05,0.40861142408880136
CASE0140_CHUNK_0029,7.457879134350959e-05,0.40861142408880136
CASE0140_CHUNK_0030,7.457879134350959e-05,0.40861142408880136
CASE0140_CHUNK_0031,7.457879134350959e-05,0.40861142408880136
CASE0140_CHUNK_0032,7.457879134350959e-05,0.40861142408880136
CASE0140_CHUNK_0033,7.457879134350959e-05,0.40861142408880136
CASE0140_CHUNK_0034,7.457879134350959e-05,0.40861142408880136
CASE0140_CHUNK_0035,7.457879134350959e-05,0.40861142408880136
CASE0140_CHUNK_0036,7.457879134350959e-05,0.40861142408880136
CASE0140_CHUNK_0037,7.457879134350959e-05,0.40861142408880136
CASE0140_CHUNK_0038,7.457879134350959e-05,0.40861142408880136
CASE0140_CHUNK_0039,7.457879134350959e-05,0.40861142408880136
CASE0140_CHUNK_0040,7.457879134350959e-05,0.40861142408880136
CASE0140_CHUNK_0041,7.457879134350959e-05,0.40861142408880136
CASE0140_CHUNK_0042,7.457879134350959e-05,0.40861142408880136
CASE0140_CHUNK_0043,7.457879134350959e-05,0.40861142408880136
CASE0140_CHUNK_0044,7.457879134350959e-05,0.40861142408880136
CASE0140_CHUNK_0045,7.457879134350959e-05,0.40861142408880136
CASE0140_CHUNK_0046,7.457879134350959e-05,0.40861142408880136
CASE0140_CHUNK_0047,7.457879134350959e-05,0.40861142408880136
CASE0140_CHUNK_0048,7.457879134350959e-05,0.40861142408880136
CASE0140_CHUNK_0049,7.457879134350959e-05,0.40861142408880136
CASE0140_CHUNK_0050,7.457879134350959e-05,0.40861142408880136
CASE0140_CHUNK_0051,7.457879134350959e-05,0.40861142408880136
CASE0140_CHUNK_0052,7.457879134350959e-05,0.40861142408880136
CASE0140_CHUNK_0053,7.457879134350959e-05,0.40861142408880136
CASE0140_CHUNK_0054,7.457879134350959e-05,0.40861142408880136
CASE0140_CHUNK_0055,7.457879134350959e-05,0.40861142408880136
CASE0140_CHUNK_0056,7.457879134350959e-05,0.40861142408880136
CASE0140_CHUNK_0057,7.457879134350959e-05,0.40861142408880136
CASE0140_CHUNK_0058,7.457879134350959e-05,0.40861142408880136
CASE0141_CHUNK_0001,2.0681258935447374e-05,0.0176729962145024
CASE0141_CHUNK_0002,2.0681258935447374e-05,0.0176729962145024
CASE0141_CHUNK_0003,2.0681258935447374e-05,0.0176729962145024
CASE0141_CHUNK_0004,2.0681258935447374e-05,0.0176729962145024
CASE0141_CHUNK_0005,2.0681258935447374e-05,0.0176729962145024
CASE0141_CHUNK_0006,2.0681258935447374e-05,0.0176729962145024
CASE0141_CHUNK_0007,2.0681258935447374e-05,0.0176729962145024
CASE0141_CHUNK_0008,2.0681258935447374e-05,0.0176729962145024
CASE0141_CHUNK_0009,2.0681258935447374e-05,0.0176729962145024
CASE0141_CHUNK_0010,2.0681258935447374e-05,0.0176729962145024
CASE0141_CHUNK_0011,2.0681258935447374e-05,0.0176729962145024
CASE0141_CHUNK_0012,2.0681258935447374e-05,0.0176729962145024
CASE0141_CHUNK_0013,2.0681258935447374e-05,0.0176729962145024
CASE0141_CHUNK_0014,2.0681258935447374e-05,0.0176729962145024
CASE0141_CHUNK_0015,2.0681258935447374e-05,0.0176729962145024
CASE0141_CHUNK_0016,2.0681258935447374e-05,0.0176729962145024
CASE0141_CHUNK_0017,2.0681258935447374e-05,0.0176729962145024
CASE0141_CHUNK_0018,2.0681258935447374e-05,0.0176729962145024
CASE0141_CHUNK_0019,2.0681258935447374e-05,0.0176729962145024
CASE0141_CHUNK_0020,2.0681258935447374e-05,0.0176729962145024
CASE0141_CHUNK_0021,2.0681258935447374e-05,0.0176729962145024
CASE0141_CHUNK_0022,2.0681258935447374e-05,0.0176729962145024
CASE0141_CHUNK_0023,2.0681258935447374e-05,0.0176729962145024
CASE0141_CHUNK_0024,2.0681258935447374e-05,0.0176729962145024
CASE0141_CHUNK_0025,2.0681258935447374e-05,0.0176729962145024
CASE0141_CHUNK_0026,2.0681258935447374e-05,0.0176729962145024
CASE0141_CHUNK_0027,2.0681258935447374e-05,0.0176729962145024
CASE0141_CHUNK_0028,2.0681258935447374e-05,0.0176729962145024
CASE0141_CHUNK_0029,2.0681258935447374e-05,0.0176729962145024
CASE0141_CHUNK_0030,2.0681258935447374e-05,0.0176729962145024
CASE0141_CHUNK_0031,2.0681258935447374e-05,0.0176729962145024
CASE0141_CHUNK_0032,2.0681258935447374e-05,0.0176729962145024
CASE0141_CHUNK_0033,2.0681258935447374e-05,0.0176729962145024
CASE0141_CHUNK_0034,2.0681258935447374e-05,0.0176729962145024
CASE0141_CHUNK_0035,2.0681258935447374e-05,0.0176729962145024
CASE0141_CHUNK_0036,2.0681258935447374e-05,0.0176729962145024
CASE0141_CHUNK_0037,2.0681258935447374e-05,0.0176729962145024
CASE0141_CHUNK_0038,2.0681258935447374e-05,0.0176729962145024
CASE0141_CHUNK_0039,2.0681258935447374e-05,0.0176729962145024
CASE0141_CHUNK_0040,2.0681258935447374e-05,0.0176729962145024
CASE0141_CHUNK_0041,2.0681258935447374e-05,0.0176729962145024
CASE0141_CHUNK_0042,2.0681258935447374e-05,0.0176729962145024
CASE0141_CHUNK_0043,2.0681258935447374e-05,0.0176729962145024
CASE0141_CHUNK_0044,2.0681258935447374e-05,0.0176729962145024
CASE0141_CHUNK_0045,2.0681258935447374e-05,0.0176729962145024
CASE0141_CHUNK_0046,2.0681258935447374e-05,0.0176729962145024
CASE0141_CHUNK_0047,2.0681258935447374e-05,0.0176729962145024
CASE0141_CHUNK_0048,2.0681258935447374e-05,0.0176729962145024
CASE0141_CHUNK_0049,2.0681258935447374e-05,0.0176729962145024
CASE0141_CHUNK_0050,2.0681258935447374e-05,0.0176729962145024
CASE0141_CHUNK_0051,2.0681258935447374e-05,0.0176729962145024
CASE0141_CHUNK_0052,2.0681258935447374e-05,0.0176729962145024
CASE0141_CHUNK_0053,2.0681258935447374e-05,0.0176729962145024
CASE0141_CHUNK_0054,2.0681258935447374e-05,0.0176729962145024
CASE0141_CHUNK_0055,2.0681258935447374e-05,0.0176729962145024
CASE0141_CHUNK_0056,2.0681258935447374e-05,0.0176729962145024
CASE0141_CHUNK_0057,2.0681258935447374e-05,0.0176729962145024
CASE0141_CHUNK_0058,2.0681258935447374e-05,0.0176729962145024
CASE0141_CHUNK_0059,2.0681258935447374e-05,0.0176729962145024
CASE0141_CHUNK_0060,2.0681258935447374e-05,0.0176729962145024
CASE0141_CHUNK_0061,2.0681258935447374e-05,0.0176729962145024
CASE0141_CHUNK_0062,2.0681258935447374e-05,0.0176729962145024
CASE0141_CHUNK_0063,2.0681258935447374e-05,0.0176729962145024
CASE0141_CHUNK_0064,2.0681258935447374e-05,0.0176729962145024
CASE0141_CHUNK_0065,2.0681258935447374e-05,0.0176729962145024
CASE0141_CHUNK_0066,2.0681258935447374e-05,0.0176729962145024
CASE0141_CHUNK_0067,2.0681258935447374e-05,0.0176729962145024
CASE0141_CHUNK_0068,2.0681258935447374e-05,0.0176729962145024
CASE0141_CHUNK_0069,2.0681258935447374e-05,0.0176729962145024
CASE0141_CHUNK_0070,2.0681258935447374e-05,0.0176729962145024
CASE0141_CHUNK_0071,2.0681258935447374e-05,0.0176729962145024
CASE0141_CHUNK_0072,2.0681258935447374e-05,0.0176729962145024
CASE0142_CHUNK_0001,6.195610541978296e-05,0.3170544868766892
CASE0142_CHUNK_0002,6.195610541978296e-05,0.3170544868766892
CASE0142_CHUNK_0003,6.195610541978296e-05,0.3170544868766892
CASE0142_CHUNK_0004,6.195610541978296e-05,0.3170544868766892
CASE0142_CHUNK_0005,6.195610541978296e-05,0.3170544868766892
CASE0142_CHUNK_0006,6.195610541978296e-05,0.3170544868766892
CASE0142_CHUNK_0007,6.195610541978296e-05,0.3170544868766892
CASE0142_CHUNK_0008,6.195610541978296e-05,0.3170544868766892
CASE0142_CHUNK_0009,6.195610541978296e-05,0.3170544868766892
CASE0142_CHUNK_0010,6.195610541978296e-05,0.3170544868766892
CASE0142_CHUNK_0011,6.195610541978296e-05,0.3170544868766892
CASE0142_CHUNK_0012,6.195610541978296e-05,0.3170544868766892
CASE0142_CHUNK_0013,6.195610541978296e-05,0.3170544868766892
CASE0142_CHUNK_0014,6.195610541978296e-05,0.3170544868766892
CASE0142_CHUNK_0015,6.195610541978296e-05,0.3170544868766892
CASE0142_CHUNK_0016,6.195610541978296e-05,0.3170544868766892
CASE0142_CHUNK_0017,6.195610541978296e-05,0.3170544868766892
CASE0142_CHUNK_0018,6.195610541978296e-05,0.3170544868766892
CASE0142_CHUNK_0019,6.195610541978296e-05,0.3170544868766892
CASE0142_CHUNK_0020,6.195610541978296e-05,0.3170544868766892
CASE0142_CHUNK_0021,6.195610541978296e-05,0.3170544868766892
CASE0142_CHUNK_0022,6.195610541978296e-05,0.3170544868766892
CASE0142_CHUNK_0023,6.195610541978296e-05,0.3170544868766892
CASE0142_CHUNK_0024,6.195610541978296e-05,0.3170544868766892
CASE0142_CHUNK_0025,6.195610541978296e-05,0.3170544868766892
CASE0142_CHUNK_0026,6.195610541978296e-05,0.3170544868766892
CASE0142_CHUNK_0027,6.195610541978296e-05,0.3170544868766892
CASE0142_CHUNK_0028,6.195610541978296e-05,0.3170544868766892
CASE0142_CHUNK_0029,6.195610541978296e-05,0.3170544868766892
CASE0142_CHUNK_0030,6.195610541978296e-05,0.3170544868766892
CASE0142_CHUNK_0031,6.195610541978296e-05,0.3170544868766892
CASE0142_CHUNK_0032,6.195610541978296e-05,0.3170544868766892
CASE0142_CHUNK_0033,6.195610541978296e-05,0.3170544868766892
CASE0142_CHUNK_0034,6.195610541978296e-05,0.3170544868766892
CASE0142_CHUNK_0035,6.195610541978296e-05,0.3170544868766892
CASE0142_CHUNK_0036,6.195610541978296e-05,0.3170544868766892
CASE0142_CHUNK_0037,6.195610541978296e-05,0.3170544868766892
CASE0142_CHUNK_0038,6.195610541978296e-05,0.3170544868766892
CASE0142_CHUNK_0039,6.195610541978296e-05,0.3170544868766892
CASE0142_CHUNK_0040,6.195610541978296e-05,0.3170544868766892
CASE0142_CHUNK_0041,6.195610541978296e-05,0.3170544868766892
CASE0142_CHUNK_0042,6.195610541978296e-05,0.3170544868766892
CASE0142_CHUNK_0043,6.195610541978296e-05,0.3170544868766892
CASE0142_CHUNK_0044,6.195610541978296e-05,0.3170544868766892
CASE0142_CHUNK_0045,6.195610541978296e-05,0.3170544868766892
CASE0142_CHUNK_0046,6.195610541978296e-05,0.3170544868766892
CASE0142_CHUNK_0047,6.195610541978296e-05,0.3170544868766892
CASE0142_CHUNK_0048,6.195610541978296e-05,0.3170544868766892
CASE0142_CHUNK_0049,6.195610541978296e-05,0.3170544868766892
CASE0142_CHUNK_0050,6.195610541978296e-05,0.3170544868766892
CASE0142_CHUNK_0051,6.195610541978296e-05,0.3170544868766892
CASE0142_CHUNK_0052,6.195610541978296e-05,0.3170544868766892
CASE0143_CHUNK_0001,4.6454584946109216e-05,0.20461631442460917
CASE0143_CHUNK_0002,4.6454584946109216e-05,0.20461631442460917
CASE0143_CHUNK_0003,4.6454584946109216e-05,0.20461631442460917
CASE0143_CHUNK_0004,4.6454584946109216e-05,0.20461631442460917
CASE0143_CHUNK_0005,4.6454584946109216e-05,0.20461631442460917
CASE0143_CHUNK_0006,4.6454584946109216e-05,0.20461631442460917
CASE0143_CHUNK_0007,4.6454584946109216e-05,0.20461631442460917
CASE0143_CHUNK_0008,4.6454584946109216e-05,0.20461631442460917
CASE0143_CHUNK_0009,4.6454584946109216e-05,0.20461631442460917
CASE0143_CHUNK_0010,4.6454584946109216e-05,0.20461631442460917
CASE0144_CHUNK_0001,8.592517170879454e-05,0.49091085235362475
CASE0144_CHUNK_0002,8.592517170879454e-05,0.49091085235362475
CASE0144_CHUNK_0003,8.592517170879454e-05,0.49091085235362475
CASE0144_CHUNK_0004,8.592517170879454e-05,0.49091085235362475
CASE0144_CHUNK_0005,8.592517170879454e-05,0.49091085235362475
CASE0144_CHUNK_0006,8.592517170879454e-05,0.49091085235362475
CASE0144_CHUNK_0007,8.592517170879454e-05,0.49091085235362475
CASE0144_CHUNK_0008,8.592517170879454e-05,0.49091085235362475
CASE0144_CHUNK_0009,8.592517170879454e-05,0.49091085235362475
CASE0144_CHUNK_0010,8.592517170879454e-05,0.49091085235362475
CASE0144_CHUNK_0011,8.592517170879454e-05,0.49091085235362475
CASE0144_CHUNK_0012,8.592517170879454e-05,0.49091085235362475
CASE0144_CHUNK_0013,8.592517170879454e-05,0.49091085235362475
CASE0144_CHUNK_0014,8.592517170879454e-05,0.49091085235362475
CASE0144_CHUNK_0015,8.592517170879454e-05,0.49091085235362475
CASE0144_CHUNK_0016,8.592517170879454e-05,0.49091085235362475
CASE0144_CHUNK_0017,8.592517170879454e-05,0.49091085235362475
CASE0144_CHUNK_0018,8.592517170879454e-05,0.49091085235362475
CASE0144_CHUNK_0019,8.592517170879454e-05,0.49091085235362475
CASE0144_CHUNK_0020,8.592517170879454e-05,0.49091085235362475
CASE0144_CHUNK_0021,8.592517170879454e-05,0.49091085235362475
CASE0144_CHUNK_0022,8.592517170879454e-05,0.49091085235362475
CASE0144_CHUNK_0023,8.592517170879454e-05,0.49091085235362475
CASE0144_CHUNK_0024,8.592517170879454e-05,0.49091085235362475
CASE0144_CHUNK_0025,8.592517170879454e-05,0.49091085235362475
CASE0144_CHUNK_0026,8.592517170879454e-05,0.49091085235362475
CASE0144_CHUNK_0027,8.592517170879454e-05,0.49091085235362475
CASE0144_CHUNK_0028,8.592517170879454e-05,0.49091085235362475
CASE0144_CHUNK_0029,8.592517170879454e-05,0.49091085235362475
CASE0144_CHUNK_0030,8.592517170879454e-05,0.49091085235362475
CASE0144_CHUNK_0031,8.592517170879454e-05,0.49091085235362475
CASE0144_CHUNK_0032,8.592517170879454e-05,0.49091085235362475
CASE0144_CHUNK_0033,8.592517170879454e-05,0.49091085235362475
CASE0144_CHUNK_0034,8.592517170879454e-05,0.49091085235362475
CASE0144_CHUNK_0035,8.592517170879454e-05,0.49091085235362475
CASE0144_CHUNK_0036,8.592517170879454e-05,0.49091085235362475
CASE0144_CHUNK_0037,8.592517170879454e-05,0.49091085235362475
CASE0144_CHUNK_0038,8.592517170879454e-05,0.49091085235362475
CASE0144_CHUNK_0039,8.592517170879454e-05,0.49091085235362475
CASE0144_CHUNK_0040,8.592517170879454e-05,0.49091085235362475
CASE0144_CHUNK_0041,8.592517170879454e-05,0.49091085235362475
CASE0144_CHUNK_0042,8.592517170879454e-05,0.49091085235362475
CASE0144_CHUNK_0043,8.592517170879454e-05,0.49091085235362475
CASE0144_CHUNK_0044,8.592517170879454e-05,0.49091085235362475
CASE0144_CHUNK_0045,8.592517170879454e-05,0.49091085235362475
CASE0144_CHUNK_0046,8.592517170879454e-05,0.49091085235362475
CASE0144_CHUNK_0047,8.592517170879454e-05,0.49091085235362475
CASE0144_CHUNK_0048,8.592517170879454e-05,0.49091085235362475
CASE0144_CHUNK_0049,8.592517170879454e-05,0.49091085235362475
CASE0144_CHUNK_0050,8.592517170879454e-05,0.49091085235362475
CASE0144_CHUNK_0051,8.592517170879454e-05,0.49091085235362475
CASE0144_CHUNK_0052,8.592517170879454e-05,0.49091085235362475
CASE0144_CHUNK_0053,8.592517170879454e-05,0.49091085235362475
CASE0144_CHUNK_0054,8.592517170879454e-05,0.49091085235362475
CASE0144_CHUNK_0055,8.592517170879454e-05,0.49091085235362475
CASE0144_CHUNK_0056,8.592517170879454e-05,0.49091085235362475
CASE0144_CHUNK_0057,8.592517170879454e-05,0.49091085235362475
CASE0144_CHUNK_0058,8.592517170879454e-05,0.49091085235362475
CASE0144_CHUNK_0059,8.592517170879454e-05,0.49091085235362475
CASE0144_CHUNK_0060,8.592517170879454e-05,0.49091085235362475
CASE0144_CHUNK_0061,8.592517170879454e-05,0.49091085235362475
CASE0144_CHUNK_0062,8.592517170879454e-05,0.49091085235362475
CASE0144_CHUNK_0063,8.592517170879454e-05,0.49091085235362475
CASE0144_CHUNK_0064,8.592517170879454e-05,0.49091085235362475
CASE0144_CHUNK_0065,8.592517170879454e-05,0.49091085235362475
CASE0144_CHUNK_0066,8.592517170879454e-05,0.49091085235362475
CASE0144_CHUNK_0067,8.592517170879454e-05,0.49091085235362475
CASE0144_CHUNK_0068,8.592517170879454e-05,0.49091085235362475
CASE0144_CHUNK_0069,8.592517170879454e-05,0.49091085235362475
CASE0144_CHUNK_0070,8.592517170879454e-05,0.49091085235362475
CASE0144_CHUNK_0071,8.592517170879454e-05,0.49091085235362475
CASE0144_CHUNK_0072,8.592517170879454e-05,0.49091085235362475
CASE0144_CHUNK_0073,8.592517170879454e-05,0.49091085235362475
CASE0144_CHUNK_0074,8.592517170879454e-05,0.49091085235362475
CASE0144_CHUNK_0075,8.592517170879454e-05,0.49091085235362475
CASE0144_CHUNK_0076,8.592517170879454e-05,0.49091085235362475
CASE0144_CHUNK_0077,8.592517170879454e-05,0.49091085235362475
CASE0144_CHUNK_0078,8.592517170879454e-05,0.49091085235362475
CASE0144_CHUNK_0079,8.592517170879454e-05,0.49091085235362475
CASE0144_CHUNK_0080,8.592517170879454e-05,0.49091085235362475
CASE0144_CHUNK_0081,8.592517170879454e-05,0.49091085235362475
CASE0144_CHUNK_0082,8.592517170879454e-05,0.49091085235362475
CASE0144_CHUNK_0083,8.592517170879454e-05,0.49091085235362475
CASE0144_CHUNK_0084,8.592517170879454e-05,0.49091085235362475
CASE0144_CHUNK_0085,8.592517170879454e-05,0.49091085235362475
CASE0144_CHUNK_0086,8.592517170879454e-05,0.49091085235362475
CASE0144_CHUNK_0087,8.592517170879454e-05,0.49091085235362475
CASE0144_CHUNK_0088,8.592517170879454e-05,0.49091085235362475
CASE0144_CHUNK_0089,8.592517170879454e-05,0.49091085235362475
CASE0144_CHUNK_0090,8.592517170879454e-05,0.49091085235362475
CASE0144_CHUNK_0091,8.592517170879454e-05,0.49091085235362475
CASE0144_CHUNK_0092,8.592517170879454e-05,0.49091085235362475
CASE0144_CHUNK_0093,8.592517170879454e-05,0.49091085235362475
CASE0144_CHUNK_0094,8.592517170879454e-05,0.49091085235362475
CASE0144_CHUNK_0095,8.592517170879454e-05,0.49091085235362475
CASE0144_CHUNK_0096,8.592517170879454e-05,0.49091085235362475
CASE0144_CHUNK_0097,8.592517170879454e-05,0.49091085235362475
CASE0144_CHUNK_0098,8.592517170879454e-05,0.49091085235362475
CASE0144_CHUNK_0099,8.592517170879454e-05,0.49091085235362475
CASE0144_CHUNK_0100,8.592517170879454e-05,0.49091085235362475
CASE0145_CHUNK_0001,7.861721808430829e-05,0.43790360372293263
CASE0145_CHUNK_0002,7.861721808430829e-05,0.43790360372293263
CASE0145_CHUNK_0003,7.861721808430829e-05,0.43790360372293263
CASE0145_CHUNK_0004,7.861721808430829e-05,0.43790360372293263
CASE0145_CHUNK_0005,7.861721808430829e-05,0.43790360372293263
CASE0145_CHUNK_0006,7.861721808430829e-05,0.43790360372293263
CASE0145_CHUNK_0007,7.861721808430829e-05,0.43790360372293263
CASE0145_CHUNK_0008,7.861721808430829e-05,0.43790360372293263
CASE0145_CHUNK_0009,7.861721808430829e-05,0.43790360372293263
CASE0145_CHUNK_0010,7.861721808430829e-05,0.43790360372293263
CASE0145_CHUNK_0011,7.861721808430829e-05,0.43790360372293263
CASE0145_CHUNK_0012,7.861721808430829e-05,0.43790360372293263
CASE0145_CHUNK_0013,7.861721808430829e-05,0.43790360372293263
CASE0145_CHUNK_0014,7.861721808430829e-05,0.43790360372293263
CASE0145_CHUNK_0015,7.861721808430829e-05,0.43790360372293263
CASE0145_CHUNK_0016,7.861721808430829e-05,0.43790360372293263
CASE0145_CHUNK_0017,7.861721808430829e-05,0.43790360372293263
CASE0145_CHUNK_0018,7.861721808430829e-05,0.43790360372293263
CASE0145_CHUNK_0019,7.861721808430829e-05,0.43790360372293263
CASE0145_CHUNK_0020,7.861721808430829e-05,0.43790360372293263
CASE0145_CHUNK_0021,7.861721808430829e-05,0.43790360372293263
CASE0145_CHUNK_0022,7.861721808430829e-05,0.43790360372293263
CASE0145_CHUNK_0023,7.861721808430829e-05,0.43790360372293263
CASE0145_CHUNK_0024,7.861721808430829e-05,0.43790360372293263
CASE0145_CHUNK_0025,7.861721808430829e-05,0.43790360372293263
CASE0145_CHUNK_0026,7.861721808430829e-05,0.43790360372293263
CASE0145_CHUNK_0027,7.861721808430829e-05,0.43790360372293263
CASE0145_CHUNK_0028,7.861721808430829e-05,0.43790360372293263
CASE0145_CHUNK_0029,7.861721808430829e-05,0.43790360372293263
CASE0145_CHUNK_0030,7.861721808430829e-05,0.43790360372293263
CASE0145_CHUNK_0031,7.861721808430829e-05,0.43790360372293263
CASE0145_CHUNK_0032,7.861721808430829e-05,0.43790360372293263
CASE0145_CHUNK_0033,7.861721808430829e-05,0.43790360372293263
CASE0145_CHUNK_0034,7.861721808430829e-05,0.43790360372293263
CASE0145_CHUNK_0035,7.861721808430829e-05,0.43790360372293263
CASE0145_CHUNK_0036,7.861721808430829e-05,0.43790360372293263
CASE0145_CHUNK_0037,7.861721808430829e-05,0.43790360372293263
CASE0145_CHUNK_0038,7.861721808430829e-05,0.43790360372293263
CASE0145_CHUNK_0039,7.861721808430829e-05,0.43790360372293263
CASE0145_CHUNK_0040,7.861721808430829e-05,0.43790360372293263
CASE0145_CHUNK_0041,7.861721808430829e-05,0.43790360372293263
CASE0145_CHUNK_0042,7.861721808430829e-05,0.43790360372293263
CASE0145_CHUNK_0043,7.861721808430829e-05,0.43790360372293263
CASE0145_CHUNK_0044,7.861721808430829e-05,0.43790360372293263
CASE0145_CHUNK_0045,7.861721808430829e-05,0.43790360372293263
CASE0145_CHUNK_0046,7.861721808430829e-05,0.43790360372293263
CASE0145_CHUNK_0047,7.861721808430829e-05,0.43790360372293263
CASE0145_CHUNK_0048,7.861721808430829e-05,0.43790360372293263
CASE0145_CHUNK_0049,7.861721808430829e-05,0.43790360372293263
CASE0146_CHUNK_0001,8.666987270404475e-05,0.49631243983476137
CASE0146_CHUNK_0002,8.666987270404475e-05,0.49631243983476137
CASE0146_CHUNK_0003,8.666987270404475e-05,0.49631243983476137
CASE0146_CHUNK_0004,8.666987270404475e-05,0.49631243983476137
CASE0146_CHUNK_0005,8.666987270404475e-05,0.49631243983476137
CASE0146_CHUNK_0006,8.666987270404475e-05,0.49631243983476137
CASE0146_CHUNK_0007,8.666987270404475e-05,0.49631243983476137
CASE0146_CHUNK_0008,8.666987270404475e-05,0.49631243983476137
CASE0146_CHUNK_0009,8.666987270404475e-05,0.49631243983476137
CASE0146_CHUNK_0010,8.666987270404475e-05,0.49631243983476137
CASE0146_CHUNK_0011,8.666987270404475e-05,0.49631243983476137
CASE0146_CHUNK_0012,8.666987270404475e-05,0.49631243983476137
CASE0146_CHUNK_0013,8.666987270404475e-05,0.49631243983476137
CASE0146_CHUNK_0014,8.666987270404475e-05,0.49631243983476137
CASE0146_CHUNK_0015,8.666987270404475e-05,0.49631243983476137
CASE0146_CHUNK_0016,8.666987270404475e-05,0.49631243983476137
CASE0146_CHUNK_0017,8.666987270404475e-05,0.49631243983476137
CASE0146_CHUNK_0018,8.666987270404475e-05,0.49631243983476137
CASE0146_CHUNK_0019,8.666987270404475e-05,0.49631243983476137
CASE0146_CHUNK_0020,8.666987270404475e-05,0.49631243983476137
CASE0146_CHUNK_0021,8.666987270404475e-05,0.49631243983476137
CASE0146_CHUNK_0022,8.666987270404475e-05,0.49631243983476137
CASE0147_CHUNK_0001,5.8941172872311156e-05,0.2951860833042953
CASE0147_CHUNK_0002,5.8941172872311156e-05,0.2951860833042953
CASE0147_CHUNK_0003,5.8941172872311156e-05,0.2951860833042953
CASE0147_CHUNK_0004,5.8941172872311156e-05,0.2951860833042953
CASE0147_CHUNK_0005,5.8941172872311156e-05,0.2951860833042953
CASE0147_CHUNK_0006,5.8941172872311156e-05,0.2951860833042953
CASE0147_CHUNK_0007,5.8941172872311156e-05,0.2951860833042953
CASE0147_CHUNK_0008,5.8941172872311156e-05,0.2951860833042953
CASE0147_CHUNK_0009,5.8941172872311156e-05,0.2951860833042953
CASE0147_CHUNK_0010,5.8941172872311156e-05,0.2951860833042953
CASE0147_CHUNK_0011,5.8941172872311156e-05,0.2951860833042953
CASE0147_CHUNK_0012,5.8941172872311156e-05,0.2951860833042953
CASE0147_CHUNK_0013,5.8941172872311156e-05,0.2951860833042953
CASE0147_CHUNK_0014,5.8941172872311156e-05,0.2951860833042953
CASE0147_CHUNK_0015,5.8941172872311156e-05,0.2951860833042953
CASE0147_CHUNK_0016,5.8941172872311156e-05,0.2951860833042953
CASE0147_CHUNK_0017,5.8941172872311156e-05,0.2951860833042953
CASE0147_CHUNK_0018,5.8941172872311156e-05,0.2951860833042953
CASE0147_CHUNK_0019,5.8941172872311156e-05,0.2951860833042953
CASE0147_CHUNK_0020,5.8941172872311156e-05,0.2951860833042953
CASE0147_CHUNK_0021,5.8941172872311156e-05,0.2951860833042953
CASE0147_CHUNK_0022,5.8941172872311156e-05,0.2951860833042953
CASE0147_CHUNK_0023,5.8941172872311156e-05,0.2951860833042953
CASE0147_CHUNK_0024,5.8941172872311156e-05,0.2951860833042953
CASE0147_CHUNK_0025,5.8941172872311156e-05,0.2951860833042953
CASE0147_CHUNK_0026,5.8941172872311156e-05,0.2951860833042953
CASE0147_CHUNK_0027,5.8941172872311156e-05,0.2951860833042953
CASE0147_CHUNK_0028,5.8941172872311156e-05,0.2951860833042953
CASE0147_CHUNK_0029,5.8941172872311156e-05,0.2951860833042953
CASE0147_CHUNK_0030,5.8941172872311156e-05,0.2951860833042953
CASE0147_CHUNK_0031,5.8941172872311156e-05,0.2951860833042953
CASE0147_CHUNK_0032,5.8941172872311156e-05,0.2951860833042953
CASE0147_CHUNK_0033,5.8941172872311156e-05,0.2951860833042953
CASE0147_CHUNK_0034,5.8941172872311156e-05,0.2951860833042953
CASE0147_CHUNK_0035,5.8941172872311156e-05,0.2951860833042953
CASE0147_CHUNK_0036,5.8941172872311156e-05,0.2951860833042953
CASE0147_CHUNK_0037,5.8941172872311156e-05,0.2951860833042953
CASE0147_CHUNK_0038,5.8941172872311156e-05,0.2951860833042953
CASE0147_CHUNK_0039,5.8941172872311156e-05,0.2951860833042953
CASE0147_CHUNK_0040,5.8941172872311156e-05,0.2951860833042953
CASE0147_CHUNK_0041,5.8941172872311156e-05,0.2951860833042953
CASE0147_CHUNK_0042,5.8941172872311156e-05,0.2951860833042953
CASE0148_CHUNK_0001,2.0536484562019973e-05,0.016622894968388043
CASE0148_CHUNK_0002,2.0536484562019973e-05,0.016622894968388043
CASE0149_CHUNK_0001,2.0334705834394295e-05,0.015159320384690417
CASE0150_CHUNK_0001,6.88706414454807e-05,0.36720813441106365
CASE0150_CHUNK_0002,6.88706414454807e-05,0.36720813441106365
CASE0150_CHUNK_0003,6.88706414454807e-05,0.36720813441106365
CASE0150_CHUNK_0004,6.88706414454807e-05,0.36720813441106365
CASE0150_CHUNK_0005,6.88706414454807e-05,0.36720813441106365
CASE0150_CHUNK_0006,6.88706414454807e-05,0.36720813441106365
CASE0150_CHUNK_0007,6.88706414454807e-05,0.36720813441106365
CASE0150_CHUNK_0008,6.88706414454807e-05,0.36720813441106365
CASE0150_CHUNK_0009,6.88706414454807e-05,0.36720813441106365
CASE0150_CHUNK_0010,6.88706414454807e-05,0.36720813441106365
CASE0150_CHUNK_0011,6.88706414454807e-05,0.36720813441106365
CASE0150_CHUNK_0012,6.88706414454807e-05,0.36720813441106365
CASE0150_CHUNK_0013,6.88706414454807e-05,0.36720813441106365
CASE0150_CHUNK_0014,6.88706414454807e-05,0.36720813441106365
CASE0150_CHUNK_0015,6.88706414454807e-05,0.36720813441106365
CASE0150_CHUNK_0016,6.88706414454807e-05,0.36720813441106365
CASE0150_CHUNK_0017,6.88706414454807e-05,0.36720813441106365
CASE0150_CHUNK_0018,6.88706414454807e-05,0.36720813441106365
CASE0150_CHUNK_0019,6.88706414454807e-05,0.36720813441106365
CASE0150_CHUNK_0020,6.88706414454807e-05,0.36720813441106365
CASE0150_CHUNK_0021,6.88706414454807e-05,0.36720813441106365
CASE0150_CHUNK_0022,6.88706414454807e-05,0.36720813441106365
CASE0150_CHUNK_0023,6.88706414454807e-05,0.36720813441106365
CASE0150_CHUNK_0024,6.88706414454807e-05,0.36720813441106365
CASE0150_CHUNK_0025,6.88706414454807e-05,0.36720813441106365
CASE0150_CHUNK_0026,6.88706414454807e-05,0.36720813441106365
CASE0150_CHUNK_0027,6.88706414454807e-05,0.36720813441106365
CASE0150_CHUNK_0028,6.88706414454807e-05,0.36720813441106365
